[    2014ms] [ERROR] Failed to load resource: the server responded with a status of 403 () @ https://api.yurigarden.com/api/chapters/pages/4846:0
[    2313ms] [WARNING] !【type = 6】 @ https://yurigarden.com/assets/index-LUNgUZnA.js:16
[    2702ms] [WARNING] !【type = 6】 @ https://yurigarden.com/assets/index-LUNgUZnA.js:16
[    3130ms] [WARNING] !【type = 6】 @ https://yurigarden.com/assets/index-LUNgUZnA.js:16
[    3625ms] [WARNING] !【type = 6】 @ https://yurigarden.com/assets/index-LUNgUZnA.js:16
[    4127ms] [WARNING] !【type = 6】 @ https://yurigarden.com/assets/index-LUNgUZnA.js:16
[    4629ms] [WARNING] !【type = 6】 @ https://yurigarden.com/assets/index-LUNgUZnA.js:16
[    5113ms] [WARNING] !【type = 6】 @ https://yurigarden.com/assets/index-LUNgUZnA.js:16
[    5620ms] [WARNING] !【type = 6】 @ https://yurigarden.com/assets/index-LUNgUZnA.js:16
[    6131ms] [WARNING] !【type = 6】 @ https://yurigarden.com/assets/index-LUNgUZnA.js:16
[    6611ms] [WARNING] !【type = 6】 @ https://yurigarden.com/assets/index-LUNgUZnA.js:16
[    7122ms] [WARNING] !【type = 6】 @ https://yurigarden.com/assets/index-LUNgUZnA.js:16
[    7606ms] [WARNING] !【type = 6】 @ https://yurigarden.com/assets/index-LUNgUZnA.js:16
[    8119ms] [WARNING] !【type = 6】 @ https://yurigarden.com/assets/index-LUNgUZnA.js:16
[    8603ms] [WARNING] !【type = 6】 @ https://yurigarden.com/assets/index-LUNgUZnA.js:16
[    9113ms] [WARNING] !【type = 6】 @ https://yurigarden.com/assets/index-LUNgUZnA.js:16
[    9605ms] [WARNING] !【type = 6】 @ https://yurigarden.com/assets/index-LUNgUZnA.js:16
[   10121ms] [WARNING] !【type = 6】 @ https://yurigarden.com/assets/index-LUNgUZnA.js:16
[   10621ms] [WARNING] !【type = 6】 @ https://yurigarden.com/assets/index-LUNgUZnA.js:16
[   11112ms] [WARNING] !【type = 6】 @ https://yurigarden.com/assets/index-LUNgUZnA.js:16
[   11624ms] [WARNING] !【type = 6】 @ https://yurigarden.com/assets/index-LUNgUZnA.js:16
[   12105ms] [WARNING] !【type = 6】 @ https://yurigarden.com/assets/index-LUNgUZnA.js:16
[   12606ms] [WARNING] !【type = 6】 @ https://yurigarden.com/assets/index-LUNgUZnA.js:16
[   13118ms] [WARNING] !【type = 6】 @ https://yurigarden.com/assets/index-LUNgUZnA.js:16
[   13606ms] [WARNING] !【type = 6】 @ https://yurigarden.com/assets/index-LUNgUZnA.js:16
[   14099ms] [WARNING] !【type = 6】 @ https://yurigarden.com/assets/index-LUNgUZnA.js:16
[   14605ms] [WARNING] !【type = 6】 @ https://yurigarden.com/assets/index-LUNgUZnA.js:16
[   15114ms] [WARNING] !【type = 6】 @ https://yurigarden.com/assets/index-LUNgUZnA.js:16
[   15615ms] [WARNING] !【type = 6】 @ https://yurigarden.com/assets/index-LUNgUZnA.js:16
[   16120ms] [WARNING] !【type = 6】 @ https://yurigarden.com/assets/index-LUNgUZnA.js:16
[   16616ms] [WARNING] !【type = 6】 @ https://yurigarden.com/assets/index-LUNgUZnA.js:16
[   17124ms] [WARNING] !【type = 6】 @ https://yurigarden.com/assets/index-LUNgUZnA.js:16
[   17621ms] [WARNING] !【type = 6】 @ https://yurigarden.com/assets/index-LUNgUZnA.js:16
[   18127ms] [WARNING] !【type = 6】 @ https://yurigarden.com/assets/index-LUNgUZnA.js:16
[   18605ms] [WARNING] !【type = 6】 @ https://yurigarden.com/assets/index-LUNgUZnA.js:16
[   19113ms] [WARNING] !【type = 6】 @ https://yurigarden.com/assets/index-LUNgUZnA.js:16
[   19604ms] [WARNING] !【type = 6】 @ https://yurigarden.com/assets/index-LUNgUZnA.js:16
[   20110ms] [WARNING] !【type = 6】 @ https://yurigarden.com/assets/index-LUNgUZnA.js:16
[   20613ms] [WARNING] !【type = 6】 @ https://yurigarden.com/assets/index-LUNgUZnA.js:16
[   21112ms] [WARNING] !【type = 6】 @ https://yurigarden.com/assets/index-LUNgUZnA.js:16
[   21611ms] [WARNING] !【type = 6】 @ https://yurigarden.com/assets/index-LUNgUZnA.js:16
[   22121ms] [WARNING] !【type = 6】 @ https://yurigarden.com/assets/index-LUNgUZnA.js:16
[   22619ms] [WARNING] !【type = 6】 @ https://yurigarden.com/assets/index-LUNgUZnA.js:16
[   23108ms] [WARNING] !【type = 6】 @ https://yurigarden.com/assets/index-LUNgUZnA.js:16
[   23602ms] [WARNING] !【type = 6】 @ https://yurigarden.com/assets/index-LUNgUZnA.js:16
[   24108ms] [WARNING] !【type = 6】 @ https://yurigarden.com/assets/index-LUNgUZnA.js:16
[   24614ms] [WARNING] !【type = 6】 @ https://yurigarden.com/assets/index-LUNgUZnA.js:16
[   25113ms] [WARNING] !【type = 6】 @ https://yurigarden.com/assets/index-LUNgUZnA.js:16
[   25606ms] [WARNING] !【type = 6】 @ https://yurigarden.com/assets/index-LUNgUZnA.js:16
[   26098ms] [WARNING] !【type = 6】 @ https://yurigarden.com/assets/index-LUNgUZnA.js:16
[   26597ms] [WARNING] !【type = 6】 @ https://yurigarden.com/assets/index-LUNgUZnA.js:16
[   27097ms] [WARNING] !【type = 6】 @ https://yurigarden.com/assets/index-LUNgUZnA.js:16
[   27598ms] [WARNING] !【type = 6】 @ https://yurigarden.com/assets/index-LUNgUZnA.js:16
[   28112ms] [WARNING] !【type = 6】 @ https://yurigarden.com/assets/index-LUNgUZnA.js:16
[   28598ms] [WARNING] !【type = 6】 @ https://yurigarden.com/assets/index-LUNgUZnA.js:16
[   29103ms] [WARNING] !【type = 6】 @ https://yurigarden.com/assets/index-LUNgUZnA.js:16
[   29593ms] [WARNING] !【type = 6】 @ https://yurigarden.com/assets/index-LUNgUZnA.js:16
[   30098ms] [WARNING] !【type = 6】 @ https://yurigarden.com/assets/index-LUNgUZnA.js:16
[   30612ms] [WARNING] !【type = 6】 @ https://yurigarden.com/assets/index-LUNgUZnA.js:16
[   31121ms] [WARNING] !【type = 6】 @ https://yurigarden.com/assets/index-LUNgUZnA.js:16
[   31614ms] [WARNING] !【type = 6】 @ https://yurigarden.com/assets/index-LUNgUZnA.js:16
[   32112ms] [WARNING] !【type = 6】 @ https://yurigarden.com/assets/index-LUNgUZnA.js:16
[   32599ms] [WARNING] !【type = 6】 @ https://yurigarden.com/assets/index-LUNgUZnA.js:16
[   33107ms] [WARNING] !【type = 6】 @ https://yurigarden.com/assets/index-LUNgUZnA.js:16
[   33610ms] [WARNING] !【type = 6】 @ https://yurigarden.com/assets/index-LUNgUZnA.js:16
[   34104ms] [WARNING] !【type = 6】 @ https://yurigarden.com/assets/index-LUNgUZnA.js:16
[   34601ms] [WARNING] !【type = 6】 @ https://yurigarden.com/assets/index-LUNgUZnA.js:16
[   35104ms] [WARNING] !【type = 6】 @ https://yurigarden.com/assets/index-LUNgUZnA.js:16
[   35597ms] [WARNING] !【type = 6】 @ https://yurigarden.com/assets/index-LUNgUZnA.js:16
[   36110ms] [WARNING] !【type = 6】 @ https://yurigarden.com/assets/index-LUNgUZnA.js:16
[   36601ms] [WARNING] !【type = 6】 @ https://yurigarden.com/assets/index-LUNgUZnA.js:16
[   37110ms] [WARNING] !【type = 6】 @ https://yurigarden.com/assets/index-LUNgUZnA.js:16
[   37602ms] [WARNING] !【type = 6】 @ https://yurigarden.com/assets/index-LUNgUZnA.js:16
[   38105ms] [WARNING] !【type = 6】 @ https://yurigarden.com/assets/index-LUNgUZnA.js:16
[   38614ms] [WARNING] !【type = 6】 @ https://yurigarden.com/assets/index-LUNgUZnA.js:16
[   39126ms] [WARNING] !【type = 6】 @ https://yurigarden.com/assets/index-LUNgUZnA.js:16
[   39606ms] [WARNING] !【type = 6】 @ https://yurigarden.com/assets/index-LUNgUZnA.js:16
[   40105ms] [WARNING] !【type = 6】 @ https://yurigarden.com/assets/index-LUNgUZnA.js:16
[   40597ms] [WARNING] !【type = 6】 @ https://yurigarden.com/assets/index-LUNgUZnA.js:16
[   41109ms] [WARNING] !【type = 6】 @ https://yurigarden.com/assets/index-LUNgUZnA.js:16
[   41608ms] [WARNING] !【type = 6】 @ https://yurigarden.com/assets/index-LUNgUZnA.js:16
[   42118ms] [WARNING] !【type = 6】 @ https://yurigarden.com/assets/index-LUNgUZnA.js:16
[   42615ms] [WARNING] !【type = 6】 @ https://yurigarden.com/assets/index-LUNgUZnA.js:16
[   43106ms] [WARNING] !【type = 6】 @ https://yurigarden.com/assets/index-LUNgUZnA.js:16
[   43599ms] [WARNING] !【type = 6】 @ https://yurigarden.com/assets/index-LUNgUZnA.js:16
[   44111ms] [WARNING] !【type = 6】 @ https://yurigarden.com/assets/index-LUNgUZnA.js:16
[   44615ms] [WARNING] !【type = 6】 @ https://yurigarden.com/assets/index-LUNgUZnA.js:16
[   45120ms] [WARNING] !【type = 6】 @ https://yurigarden.com/assets/index-LUNgUZnA.js:16
[   45618ms] [WARNING] !【type = 6】 @ https://yurigarden.com/assets/index-LUNgUZnA.js:16
[   46154ms] [WARNING] !【type = 6】 @ https://yurigarden.com/assets/index-LUNgUZnA.js:16
[   46625ms] [WARNING] !【type = 6】 @ https://yurigarden.com/assets/index-LUNgUZnA.js:16
[   47104ms] [WARNING] !【type = 6】 @ https://yurigarden.com/assets/index-LUNgUZnA.js:16
[   47610ms] [WARNING] !【type = 6】 @ https://yurigarden.com/assets/index-LUNgUZnA.js:16
[   48105ms] [WARNING] !【type = 6】 @ https://yurigarden.com/assets/index-LUNgUZnA.js:16
[   48625ms] [WARNING] !【type = 6】 @ https://yurigarden.com/assets/index-LUNgUZnA.js:16
[   49111ms] [WARNING] !【type = 6】 @ https://yurigarden.com/assets/index-LUNgUZnA.js:16
[   49605ms] [WARNING] !【type = 6】 @ https://yurigarden.com/assets/index-LUNgUZnA.js:16
[   50119ms] [WARNING] !【type = 6】 @ https://yurigarden.com/assets/index-LUNgUZnA.js:16
[   50600ms] [WARNING] !【type = 6】 @ https://yurigarden.com/assets/index-LUNgUZnA.js:16
[   51120ms] [WARNING] !【type = 6】 @ https://yurigarden.com/assets/index-LUNgUZnA.js:16
[   51616ms] [WARNING] !【type = 6】 @ https://yurigarden.com/assets/index-LUNgUZnA.js:16
[   52132ms] [WARNING] !【type = 6】 @ https://yurigarden.com/assets/index-LUNgUZnA.js:16
[   52626ms] [WARNING] !【type = 6】 @ https://yurigarden.com/assets/index-LUNgUZnA.js:16
[   53120ms] [WARNING] !【type = 6】 @ https://yurigarden.com/assets/index-LUNgUZnA.js:16
[   53624ms] [WARNING] !【type = 6】 @ https://yurigarden.com/assets/index-LUNgUZnA.js:16
[   54125ms] [WARNING] !【type = 6】 @ https://yurigarden.com/assets/index-LUNgUZnA.js:16
[   54613ms] [WARNING] !【type = 6】 @ https://yurigarden.com/assets/index-LUNgUZnA.js:16
[   55124ms] [WARNING] !【type = 6】 @ https://yurigarden.com/assets/index-LUNgUZnA.js:16
[   55617ms] [WARNING] !【type = 6】 @ https://yurigarden.com/assets/index-LUNgUZnA.js:16
[   56125ms] [WARNING] !【type = 6】 @ https://yurigarden.com/assets/index-LUNgUZnA.js:16
[   56633ms] [WARNING] !【type = 6】 @ https://yurigarden.com/assets/index-LUNgUZnA.js:16
[   57120ms] [WARNING] !【type = 6】 @ https://yurigarden.com/assets/index-LUNgUZnA.js:16
[   57645ms] [WARNING] !【type = 6】 @ https://yurigarden.com/assets/index-LUNgUZnA.js:16
[   58116ms] [WARNING] !【type = 6】 @ https://yurigarden.com/assets/index-LUNgUZnA.js:16
[   58614ms] [WARNING] !【type = 6】 @ https://yurigarden.com/assets/index-LUNgUZnA.js:16
[   59122ms] [WARNING] !【type = 6】 @ https://yurigarden.com/assets/index-LUNgUZnA.js:16
[   59614ms] [WARNING] !【type = 6】 @ https://yurigarden.com/assets/index-LUNgUZnA.js:16
[   60121ms] [WARNING] !【type = 6】 @ https://yurigarden.com/assets/index-LUNgUZnA.js:16
[   60610ms] [WARNING] !【type = 6】 @ https://yurigarden.com/assets/index-LUNgUZnA.js:16
[   61107ms] [WARNING] !【type = 6】 @ https://yurigarden.com/assets/index-LUNgUZnA.js:16
[   61610ms] [WARNING] !【type = 6】 @ https://yurigarden.com/assets/index-LUNgUZnA.js:16
[   62102ms] [WARNING] !【type = 6】 @ https://yurigarden.com/assets/index-LUNgUZnA.js:16
[   62624ms] [WARNING] !【type = 6】 @ https://yurigarden.com/assets/index-LUNgUZnA.js:16
[   63123ms] [WARNING] !【type = 6】 @ https://yurigarden.com/assets/index-LUNgUZnA.js:16
[   63611ms] [WARNING] !【type = 6】 @ https://yurigarden.com/assets/index-LUNgUZnA.js:16
[   64103ms] [WARNING] !【type = 6】 @ https://yurigarden.com/assets/index-LUNgUZnA.js:16
[   64604ms] [WARNING] !【type = 6】 @ https://yurigarden.com/assets/index-LUNgUZnA.js:16
[   65107ms] [WARNING] !【type = 6】 @ https://yurigarden.com/assets/index-LUNgUZnA.js:16
[   65607ms] [WARNING] !【type = 6】 @ https://yurigarden.com/assets/index-LUNgUZnA.js:16
[   66113ms] [WARNING] !【type = 6】 @ https://yurigarden.com/assets/index-LUNgUZnA.js:16
[   66619ms] [WARNING] !【type = 6】 @ https://yurigarden.com/assets/index-LUNgUZnA.js:16
[   67110ms] [WARNING] !【type = 6】 @ https://yurigarden.com/assets/index-LUNgUZnA.js:16
[   67609ms] [WARNING] !【type = 6】 @ https://yurigarden.com/assets/index-LUNgUZnA.js:16
[   68109ms] [WARNING] !【type = 6】 @ https://yurigarden.com/assets/index-LUNgUZnA.js:16
[   68613ms] [WARNING] !【type = 6】 @ https://yurigarden.com/assets/index-LUNgUZnA.js:16
[   69107ms] [WARNING] !【type = 6】 @ https://yurigarden.com/assets/index-LUNgUZnA.js:16
[   69607ms] [WARNING] !【type = 6】 @ https://yurigarden.com/assets/index-LUNgUZnA.js:16
[   70118ms] [WARNING] !【type = 6】 @ https://yurigarden.com/assets/index-LUNgUZnA.js:16
[   70611ms] [WARNING] !【type = 6】 @ https://yurigarden.com/assets/index-LUNgUZnA.js:16
[   71116ms] [WARNING] !【type = 6】 @ https://yurigarden.com/assets/index-LUNgUZnA.js:16
[   71607ms] [WARNING] !【type = 6】 @ https://yurigarden.com/assets/index-LUNgUZnA.js:16
[   72118ms] [WARNING] !【type = 6】 @ https://yurigarden.com/assets/index-LUNgUZnA.js:16
[   72611ms] [WARNING] !【type = 6】 @ https://yurigarden.com/assets/index-LUNgUZnA.js:16
[   73109ms] [WARNING] !【type = 6】 @ https://yurigarden.com/assets/index-LUNgUZnA.js:16
[   73611ms] [WARNING] !【type = 6】 @ https://yurigarden.com/assets/index-LUNgUZnA.js:16
[   74114ms] [WARNING] !【type = 6】 @ https://yurigarden.com/assets/index-LUNgUZnA.js:16
[   74620ms] [WARNING] !【type = 6】 @ https://yurigarden.com/assets/index-LUNgUZnA.js:16
[   75120ms] [WARNING] !【type = 6】 @ https://yurigarden.com/assets/index-LUNgUZnA.js:16
[   75604ms] [WARNING] !【type = 6】 @ https://yurigarden.com/assets/index-LUNgUZnA.js:16
[   76115ms] [WARNING] !【type = 6】 @ https://yurigarden.com/assets/index-LUNgUZnA.js:16
[   76617ms] [WARNING] !【type = 6】 @ https://yurigarden.com/assets/index-LUNgUZnA.js:16
[   77105ms] [WARNING] !【type = 6】 @ https://yurigarden.com/assets/index-LUNgUZnA.js:16
[   77615ms] [WARNING] !【type = 6】 @ https://yurigarden.com/assets/index-LUNgUZnA.js:16
[   78114ms] [WARNING] !【type = 6】 @ https://yurigarden.com/assets/index-LUNgUZnA.js:16
[   78604ms] [WARNING] !【type = 6】 @ https://yurigarden.com/assets/index-LUNgUZnA.js:16
[   79105ms] [WARNING] !【type = 6】 @ https://yurigarden.com/assets/index-LUNgUZnA.js:16
[   79616ms] [WARNING] !【type = 6】 @ https://yurigarden.com/assets/index-LUNgUZnA.js:16
[   80122ms] [WARNING] !【type = 6】 @ https://yurigarden.com/assets/index-LUNgUZnA.js:16
[   80623ms] [WARNING] !【type = 6】 @ https://yurigarden.com/assets/index-LUNgUZnA.js:16
[   81124ms] [WARNING] !【type = 6】 @ https://yurigarden.com/assets/index-LUNgUZnA.js:16
[   81624ms] [WARNING] !【type = 6】 @ https://yurigarden.com/assets/index-LUNgUZnA.js:16
[   82120ms] [WARNING] !【type = 6】 @ https://yurigarden.com/assets/index-LUNgUZnA.js:16
[   82627ms] [WARNING] !【type = 6】 @ https://yurigarden.com/assets/index-LUNgUZnA.js:16
[   83157ms] [WARNING] !【type = 6】 @ https://yurigarden.com/assets/index-LUNgUZnA.js:16
[   83618ms] [WARNING] !【type = 6】 @ https://yurigarden.com/assets/index-LUNgUZnA.js:16
[   84125ms] [WARNING] !【type = 6】 @ https://yurigarden.com/assets/index-LUNgUZnA.js:16
[   84617ms] [WARNING] !【type = 6】 @ https://yurigarden.com/assets/index-LUNgUZnA.js:16
[   85120ms] [WARNING] !【type = 6】 @ https://yurigarden.com/assets/index-LUNgUZnA.js:16
[   85604ms] [WARNING] !【type = 6】 @ https://yurigarden.com/assets/index-LUNgUZnA.js:16
[   86109ms] [WARNING] !【type = 6】 @ https://yurigarden.com/assets/index-LUNgUZnA.js:16
[   86614ms] [WARNING] !【type = 6】 @ https://yurigarden.com/assets/index-LUNgUZnA.js:16
[   87121ms] [WARNING] !【type = 6】 @ https://yurigarden.com/assets/index-LUNgUZnA.js:16
[   87618ms] [WARNING] !【type = 6】 @ https://yurigarden.com/assets/index-LUNgUZnA.js:16
[   88113ms] [WARNING] !【type = 6】 @ https://yurigarden.com/assets/index-LUNgUZnA.js:16
[   88619ms] [WARNING] !【type = 6】 @ https://yurigarden.com/assets/index-LUNgUZnA.js:16
[   89126ms] [WARNING] !【type = 6】 @ https://yurigarden.com/assets/index-LUNgUZnA.js:16
[   89628ms] [WARNING] !【type = 6】 @ https://yurigarden.com/assets/index-LUNgUZnA.js:16
[   90121ms] [WARNING] !【type = 6】 @ https://yurigarden.com/assets/index-LUNgUZnA.js:16
[   90628ms] [WARNING] !【type = 6】 @ https://yurigarden.com/assets/index-LUNgUZnA.js:16
[   91099ms] [WARNING] !【type = 6】 @ https://yurigarden.com/assets/index-LUNgUZnA.js:16
[   91605ms] [WARNING] !【type = 6】 @ https://yurigarden.com/assets/index-LUNgUZnA.js:16
[   92127ms] [WARNING] !【type = 6】 @ https://yurigarden.com/assets/index-LUNgUZnA.js:16
[   92607ms] [WARNING] !【type = 6】 @ https://yurigarden.com/assets/index-LUNgUZnA.js:16
[   93105ms] [WARNING] !【type = 6】 @ https://yurigarden.com/assets/index-LUNgUZnA.js:16
[   93607ms] [WARNING] !【type = 6】 @ https://yurigarden.com/assets/index-LUNgUZnA.js:16
[   94104ms] [WARNING] !【type = 6】 @ https://yurigarden.com/assets/index-LUNgUZnA.js:16
[   94611ms] [WARNING] !【type = 6】 @ https://yurigarden.com/assets/index-LUNgUZnA.js:16
[   95106ms] [WARNING] !【type = 6】 @ https://yurigarden.com/assets/index-LUNgUZnA.js:16
[   95610ms] [WARNING] !【type = 6】 @ https://yurigarden.com/assets/index-LUNgUZnA.js:16
[   96105ms] [WARNING] !【type = 6】 @ https://yurigarden.com/assets/index-LUNgUZnA.js:16
[   96612ms] [WARNING] !【type = 6】 @ https://yurigarden.com/assets/index-LUNgUZnA.js:16
[   97099ms] [WARNING] !【type = 6】 @ https://yurigarden.com/assets/index-LUNgUZnA.js:16
[   97611ms] [WARNING] !【type = 6】 @ https://yurigarden.com/assets/index-LUNgUZnA.js:16
[   98106ms] [WARNING] !【type = 6】 @ https://yurigarden.com/assets/index-LUNgUZnA.js:16
[   98620ms] [WARNING] !【type = 6】 @ https://yurigarden.com/assets/index-LUNgUZnA.js:16
[   99109ms] [WARNING] !【type = 6】 @ https://yurigarden.com/assets/index-LUNgUZnA.js:16
[   99621ms] [WARNING] !【type = 6】 @ https://yurigarden.com/assets/index-LUNgUZnA.js:16
[  100113ms] [WARNING] !【type = 6】 @ https://yurigarden.com/assets/index-LUNgUZnA.js:16
[  100623ms] [WARNING] !【type = 6】 @ https://yurigarden.com/assets/index-LUNgUZnA.js:16
[  101126ms] [WARNING] !【type = 6】 @ https://yurigarden.com/assets/index-LUNgUZnA.js:16
[  101633ms] [WARNING] !【type = 6】 @ https://yurigarden.com/assets/index-LUNgUZnA.js:16
[  102124ms] [WARNING] !【type = 6】 @ https://yurigarden.com/assets/index-LUNgUZnA.js:16
[  102618ms] [WARNING] !【type = 6】 @ https://yurigarden.com/assets/index-LUNgUZnA.js:16
[  103116ms] [WARNING] !【type = 6】 @ https://yurigarden.com/assets/index-LUNgUZnA.js:16
[  103629ms] [WARNING] !【type = 6】 @ https://yurigarden.com/assets/index-LUNgUZnA.js:16
[  104122ms] [WARNING] !【type = 6】 @ https://yurigarden.com/assets/index-LUNgUZnA.js:16
[  104623ms] [WARNING] !【type = 6】 @ https://yurigarden.com/assets/index-LUNgUZnA.js:16
[  105117ms] [WARNING] !【type = 6】 @ https://yurigarden.com/assets/index-LUNgUZnA.js:16
[  105623ms] [WARNING] !【type = 6】 @ https://yurigarden.com/assets/index-LUNgUZnA.js:16
[  106119ms] [WARNING] !【type = 6】 @ https://yurigarden.com/assets/index-LUNgUZnA.js:16
[  106623ms] [WARNING] !【type = 6】 @ https://yurigarden.com/assets/index-LUNgUZnA.js:16
[  107119ms] [WARNING] !【type = 6】 @ https://yurigarden.com/assets/index-LUNgUZnA.js:16
[  107615ms] [WARNING] !【type = 6】 @ https://yurigarden.com/assets/index-LUNgUZnA.js:16
[  108119ms] [WARNING] !【type = 6】 @ https://yurigarden.com/assets/index-LUNgUZnA.js:16
[  108621ms] [WARNING] !【type = 6】 @ https://yurigarden.com/assets/index-LUNgUZnA.js:16
[  109113ms] [WARNING] !【type = 6】 @ https://yurigarden.com/assets/index-LUNgUZnA.js:16
[  109618ms] [WARNING] !【type = 6】 @ https://yurigarden.com/assets/index-LUNgUZnA.js:16
[  110120ms] [WARNING] !【type = 6】 @ https://yurigarden.com/assets/index-LUNgUZnA.js:16
[  110616ms] [WARNING] !【type = 6】 @ https://yurigarden.com/assets/index-LUNgUZnA.js:16
[  111122ms] [WARNING] !【type = 6】 @ https://yurigarden.com/assets/index-LUNgUZnA.js:16
[  111620ms] [WARNING] !【type = 6】 @ https://yurigarden.com/assets/index-LUNgUZnA.js:16
[  112125ms] [WARNING] !【type = 6】 @ https://yurigarden.com/assets/index-LUNgUZnA.js:16
[  112622ms] [WARNING] !【type = 6】 @ https://yurigarden.com/assets/index-LUNgUZnA.js:16
[  113117ms] [WARNING] !【type = 6】 @ https://yurigarden.com/assets/index-LUNgUZnA.js:16
[  113621ms] [WARNING] !【type = 6】 @ https://yurigarden.com/assets/index-LUNgUZnA.js:16
[  114117ms] [WARNING] !【type = 6】 @ https://yurigarden.com/assets/index-LUNgUZnA.js:16
[  114624ms] [WARNING] !【type = 6】 @ https://yurigarden.com/assets/index-LUNgUZnA.js:16
[  115116ms] [WARNING] !【type = 6】 @ https://yurigarden.com/assets/index-LUNgUZnA.js:16
[  115622ms] [WARNING] !【type = 6】 @ https://yurigarden.com/assets/index-LUNgUZnA.js:16
[  116116ms] [WARNING] !【type = 6】 @ https://yurigarden.com/assets/index-LUNgUZnA.js:16
[  116614ms] [WARNING] !【type = 6】 @ https://yurigarden.com/assets/index-LUNgUZnA.js:16
[  117127ms] [WARNING] !【type = 6】 @ https://yurigarden.com/assets/index-LUNgUZnA.js:16
[  117630ms] [WARNING] !【type = 6】 @ https://yurigarden.com/assets/index-LUNgUZnA.js:16
[  118119ms] [WARNING] !【type = 6】 @ https://yurigarden.com/assets/index-LUNgUZnA.js:16
[  118629ms] [WARNING] !【type = 6】 @ https://yurigarden.com/assets/index-LUNgUZnA.js:16
[  119127ms] [WARNING] !【type = 6】 @ https://yurigarden.com/assets/index-LUNgUZnA.js:16
[  119637ms] [WARNING] !【type = 6】 @ https://yurigarden.com/assets/index-LUNgUZnA.js:16
[  120132ms] [WARNING] !【type = 6】 @ https://yurigarden.com/assets/index-LUNgUZnA.js:16
[  120630ms] [WARNING] !【type = 6】 @ https://yurigarden.com/assets/index-LUNgUZnA.js:16
[  121123ms] [WARNING] !【type = 6】 @ https://yurigarden.com/assets/index-LUNgUZnA.js:16
[  121614ms] [WARNING] !【type = 6】 @ https://yurigarden.com/assets/index-LUNgUZnA.js:16
[  122127ms] [WARNING] !【type = 6】 @ https://yurigarden.com/assets/index-LUNgUZnA.js:16
[  122631ms] [WARNING] !【type = 6】 @ https://yurigarden.com/assets/index-LUNgUZnA.js:16
[  123124ms] [WARNING] !【type = 6】 @ https://yurigarden.com/assets/index-LUNgUZnA.js:16
[  123624ms] [WARNING] !【type = 6】 @ https://yurigarden.com/assets/index-LUNgUZnA.js:16
[  124120ms] [WARNING] !【type = 6】 @ https://yurigarden.com/assets/index-LUNgUZnA.js:16
[  124623ms] [WARNING] !【type = 6】 @ https://yurigarden.com/assets/index-LUNgUZnA.js:16
[  125125ms] [WARNING] !【type = 6】 @ https://yurigarden.com/assets/index-LUNgUZnA.js:16
[  125622ms] [WARNING] !【type = 6】 @ https://yurigarden.com/assets/index-LUNgUZnA.js:16
[  126134ms] [WARNING] !【type = 6】 @ https://yurigarden.com/assets/index-LUNgUZnA.js:16
[  126627ms] [WARNING] !【type = 6】 @ https://yurigarden.com/assets/index-LUNgUZnA.js:16
[  127138ms] [WARNING] !【type = 6】 @ https://yurigarden.com/assets/index-LUNgUZnA.js:16
[  127701ms] [WARNING] !【type = 6】 @ https://yurigarden.com/assets/index-LUNgUZnA.js:16
[  128140ms] [WARNING] !【type = 6】 @ https://yurigarden.com/assets/index-LUNgUZnA.js:16
[  128637ms] [WARNING] !【type = 6】 @ https://yurigarden.com/assets/index-LUNgUZnA.js:16
[  129137ms] [WARNING] !【type = 6】 @ https://yurigarden.com/assets/index-LUNgUZnA.js:16
[  129631ms] [WARNING] !【type = 6】 @ https://yurigarden.com/assets/index-LUNgUZnA.js:16
[  130138ms] [WARNING] !【type = 6】 @ https://yurigarden.com/assets/index-LUNgUZnA.js:16
[  130634ms] [WARNING] !【type = 6】 @ https://yurigarden.com/assets/index-LUNgUZnA.js:16
[  131124ms] [WARNING] !【type = 6】 @ https://yurigarden.com/assets/index-LUNgUZnA.js:16
[  131627ms] [WARNING] !【type = 6】 @ https://yurigarden.com/assets/index-LUNgUZnA.js:16
[  132126ms] [WARNING] !【type = 6】 @ https://yurigarden.com/assets/index-LUNgUZnA.js:16
[  132624ms] [WARNING] !【type = 6】 @ https://yurigarden.com/assets/index-LUNgUZnA.js:16
[  133121ms] [WARNING] !【type = 6】 @ https://yurigarden.com/assets/index-LUNgUZnA.js:16
[  133618ms] [WARNING] !【type = 6】 @ https://yurigarden.com/assets/index-LUNgUZnA.js:16
[  134124ms] [WARNING] !【type = 6】 @ https://yurigarden.com/assets/index-LUNgUZnA.js:16
[  134622ms] [WARNING] !【type = 6】 @ https://yurigarden.com/assets/index-LUNgUZnA.js:16
[  135120ms] [WARNING] !【type = 6】 @ https://yurigarden.com/assets/index-LUNgUZnA.js:16
[  135624ms] [WARNING] !【type = 6】 @ https://yurigarden.com/assets/index-LUNgUZnA.js:16
[  136119ms] [WARNING] !【type = 6】 @ https://yurigarden.com/assets/index-LUNgUZnA.js:16
[  136632ms] [WARNING] !【type = 6】 @ https://yurigarden.com/assets/index-LUNgUZnA.js:16
[  137126ms] [WARNING] !【type = 6】 @ https://yurigarden.com/assets/index-LUNgUZnA.js:16
[  137630ms] [WARNING] !【type = 6】 @ https://yurigarden.com/assets/index-LUNgUZnA.js:16
[  138126ms] [WARNING] !【type = 6】 @ https://yurigarden.com/assets/index-LUNgUZnA.js:16
[  138616ms] [WARNING] !【type = 6】 @ https://yurigarden.com/assets/index-LUNgUZnA.js:16
[  139121ms] [WARNING] !【type = 6】 @ https://yurigarden.com/assets/index-LUNgUZnA.js:16
[  139626ms] [WARNING] !【type = 6】 @ https://yurigarden.com/assets/index-LUNgUZnA.js:16
[  140117ms] [WARNING] !【type = 6】 @ https://yurigarden.com/assets/index-LUNgUZnA.js:16
[  140627ms] [WARNING] !【type = 6】 @ https://yurigarden.com/assets/index-LUNgUZnA.js:16
[  141119ms] [WARNING] !【type = 6】 @ https://yurigarden.com/assets/index-LUNgUZnA.js:16
[  141625ms] [WARNING] !【type = 6】 @ https://yurigarden.com/assets/index-LUNgUZnA.js:16
[  142127ms] [WARNING] !【type = 6】 @ https://yurigarden.com/assets/index-LUNgUZnA.js:16
[  142620ms] [WARNING] !【type = 6】 @ https://yurigarden.com/assets/index-LUNgUZnA.js:16
[  143144ms] [WARNING] !【type = 6】 @ https://yurigarden.com/assets/index-LUNgUZnA.js:16
[  143631ms] [WARNING] !【type = 6】 @ https://yurigarden.com/assets/index-LUNgUZnA.js:16
[  144131ms] [WARNING] !【type = 6】 @ https://yurigarden.com/assets/index-LUNgUZnA.js:16
[  144633ms] [WARNING] !【type = 6】 @ https://yurigarden.com/assets/index-LUNgUZnA.js:16
[  145127ms] [WARNING] !【type = 6】 @ https://yurigarden.com/assets/index-LUNgUZnA.js:16
[  145632ms] [WARNING] !【type = 6】 @ https://yurigarden.com/assets/index-LUNgUZnA.js:16
[  146133ms] [WARNING] !【type = 6】 @ https://yurigarden.com/assets/index-LUNgUZnA.js:16
[  146627ms] [WARNING] !【type = 6】 @ https://yurigarden.com/assets/index-LUNgUZnA.js:16
[  147114ms] [WARNING] !【type = 6】 @ https://yurigarden.com/assets/index-LUNgUZnA.js:16
[  147620ms] [WARNING] !【type = 6】 @ https://yurigarden.com/assets/index-LUNgUZnA.js:16
[  148149ms] [WARNING] !【type = 6】 @ https://yurigarden.com/assets/index-LUNgUZnA.js:16
[  148621ms] [WARNING] !【type = 6】 @ https://yurigarden.com/assets/index-LUNgUZnA.js:16
[  149111ms] [WARNING] !【type = 6】 @ https://yurigarden.com/assets/index-LUNgUZnA.js:16
[  149622ms] [WARNING] !【type = 6】 @ https://yurigarden.com/assets/index-LUNgUZnA.js:16
[  150115ms] [WARNING] !【type = 6】 @ https://yurigarden.com/assets/index-LUNgUZnA.js:16
[  150624ms] [WARNING] !【type = 6】 @ https://yurigarden.com/assets/index-LUNgUZnA.js:16
[  151121ms] [WARNING] !【type = 6】 @ https://yurigarden.com/assets/index-LUNgUZnA.js:16
[  151617ms] [WARNING] !【type = 6】 @ https://yurigarden.com/assets/index-LUNgUZnA.js:16
[  152120ms] [WARNING] !【type = 6】 @ https://yurigarden.com/assets/index-LUNgUZnA.js:16
[  152617ms] [WARNING] !【type = 6】 @ https://yurigarden.com/assets/index-LUNgUZnA.js:16
[  153123ms] [WARNING] !【type = 6】 @ https://yurigarden.com/assets/index-LUNgUZnA.js:16
[  153621ms] [WARNING] !【type = 6】 @ https://yurigarden.com/assets/index-LUNgUZnA.js:16
[  154134ms] [WARNING] !【type = 6】 @ https://yurigarden.com/assets/index-LUNgUZnA.js:16
[  154616ms] [WARNING] !【type = 6】 @ https://yurigarden.com/assets/index-LUNgUZnA.js:16
[  155122ms] [WARNING] !【type = 6】 @ https://yurigarden.com/assets/index-LUNgUZnA.js:16
[  155619ms] [WARNING] !【type = 6】 @ https://yurigarden.com/assets/index-LUNgUZnA.js:16
[  156109ms] [WARNING] !【type = 6】 @ https://yurigarden.com/assets/index-LUNgUZnA.js:16
[  156616ms] [WARNING] !【type = 6】 @ https://yurigarden.com/assets/index-LUNgUZnA.js:16
[  157109ms] [WARNING] !【type = 6】 @ https://yurigarden.com/assets/index-LUNgUZnA.js:16
[  157609ms] [WARNING] !【type = 6】 @ https://yurigarden.com/assets/index-LUNgUZnA.js:16
[  158118ms] [WARNING] !【type = 6】 @ https://yurigarden.com/assets/index-LUNgUZnA.js:16
[  158615ms] [WARNING] !【type = 6】 @ https://yurigarden.com/assets/index-LUNgUZnA.js:16
[  159116ms] [WARNING] !【type = 6】 @ https://yurigarden.com/assets/index-LUNgUZnA.js:16
[  159629ms] [WARNING] !【type = 6】 @ https://yurigarden.com/assets/index-LUNgUZnA.js:16
[  160119ms] [WARNING] !【type = 6】 @ https://yurigarden.com/assets/index-LUNgUZnA.js:16
[  160624ms] [WARNING] !【type = 6】 @ https://yurigarden.com/assets/index-LUNgUZnA.js:16
[  161108ms] [WARNING] !【type = 6】 @ https://yurigarden.com/assets/index-LUNgUZnA.js:16
[  161618ms] [WARNING] !【type = 6】 @ https://yurigarden.com/assets/index-LUNgUZnA.js:16
[  162122ms] [WARNING] !【type = 6】 @ https://yurigarden.com/assets/index-LUNgUZnA.js:16
[  162617ms] [WARNING] !【type = 6】 @ https://yurigarden.com/assets/index-LUNgUZnA.js:16
[  163127ms] [WARNING] !【type = 6】 @ https://yurigarden.com/assets/index-LUNgUZnA.js:16
[  163615ms] [WARNING] !【type = 6】 @ https://yurigarden.com/assets/index-LUNgUZnA.js:16
[  164120ms] [WARNING] !【type = 6】 @ https://yurigarden.com/assets/index-LUNgUZnA.js:16
[  164626ms] [WARNING] !【type = 6】 @ https://yurigarden.com/assets/index-LUNgUZnA.js:16
[  165122ms] [WARNING] !【type = 6】 @ https://yurigarden.com/assets/index-LUNgUZnA.js:16
[  165629ms] [WARNING] !【type = 6】 @ https://yurigarden.com/assets/index-LUNgUZnA.js:16
[  166113ms] [WARNING] !【type = 6】 @ https://yurigarden.com/assets/index-LUNgUZnA.js:16
[  166615ms] [WARNING] !【type = 6】 @ https://yurigarden.com/assets/index-LUNgUZnA.js:16
[  167112ms] [WARNING] !【type = 6】 @ https://yurigarden.com/assets/index-LUNgUZnA.js:16
[  167616ms] [WARNING] !【type = 6】 @ https://yurigarden.com/assets/index-LUNgUZnA.js:16
[  168114ms] [WARNING] !【type = 6】 @ https://yurigarden.com/assets/index-LUNgUZnA.js:16
[  168624ms] [WARNING] !【type = 6】 @ https://yurigarden.com/assets/index-LUNgUZnA.js:16
[  169110ms] [WARNING] !【type = 6】 @ https://yurigarden.com/assets/index-LUNgUZnA.js:16
[  169612ms] [WARNING] !【type = 6】 @ https://yurigarden.com/assets/index-LUNgUZnA.js:16
[  170107ms] [WARNING] !【type = 6】 @ https://yurigarden.com/assets/index-LUNgUZnA.js:16
[  170612ms] [WARNING] !【type = 6】 @ https://yurigarden.com/assets/index-LUNgUZnA.js:16
[  171136ms] [WARNING] !【type = 6】 @ https://yurigarden.com/assets/index-LUNgUZnA.js:16
[  171633ms] [WARNING] !【type = 6】 @ https://yurigarden.com/assets/index-LUNgUZnA.js:16
[  172126ms] [WARNING] !【type = 6】 @ https://yurigarden.com/assets/index-LUNgUZnA.js:16
[  172630ms] [WARNING] !【type = 6】 @ https://yurigarden.com/assets/index-LUNgUZnA.js:16
[  173150ms] [WARNING] !【type = 6】 @ https://yurigarden.com/assets/index-LUNgUZnA.js:16
[  173627ms] [WARNING] !【type = 6】 @ https://yurigarden.com/assets/index-LUNgUZnA.js:16
[  174116ms] [WARNING] !【type = 6】 @ https://yurigarden.com/assets/index-LUNgUZnA.js:16
[  174627ms] [WARNING] !【type = 6】 @ https://yurigarden.com/assets/index-LUNgUZnA.js:16
[  175111ms] [WARNING] !【type = 6】 @ https://yurigarden.com/assets/index-LUNgUZnA.js:16
[  175624ms] [WARNING] !【type = 6】 @ https://yurigarden.com/assets/index-LUNgUZnA.js:16
[  176127ms] [WARNING] !【type = 6】 @ https://yurigarden.com/assets/index-LUNgUZnA.js:16
[  176614ms] [WARNING] !【type = 6】 @ https://yurigarden.com/assets/index-LUNgUZnA.js:16
[  177125ms] [WARNING] !【type = 6】 @ https://yurigarden.com/assets/index-LUNgUZnA.js:16
[  177618ms] [WARNING] !【type = 6】 @ https://yurigarden.com/assets/index-LUNgUZnA.js:16
[  178128ms] [WARNING] !【type = 6】 @ https://yurigarden.com/assets/index-LUNgUZnA.js:16
[  178619ms] [WARNING] !【type = 6】 @ https://yurigarden.com/assets/index-LUNgUZnA.js:16
[  179120ms] [WARNING] !【type = 6】 @ https://yurigarden.com/assets/index-LUNgUZnA.js:16
[  179626ms] [WARNING] !【type = 6】 @ https://yurigarden.com/assets/index-LUNgUZnA.js:16
[  180124ms] [WARNING] !【type = 6】 @ https://yurigarden.com/assets/index-LUNgUZnA.js:16
[  180615ms] [WARNING] !【type = 6】 @ https://yurigarden.com/assets/index-LUNgUZnA.js:16
[  181117ms] [WARNING] !【type = 6】 @ https://yurigarden.com/assets/index-LUNgUZnA.js:16
[  181630ms] [WARNING] !【type = 6】 @ https://yurigarden.com/assets/index-LUNgUZnA.js:16
[  182116ms] [WARNING] !【type = 6】 @ https://yurigarden.com/assets/index-LUNgUZnA.js:16
[  182616ms] [WARNING] !【type = 6】 @ https://yurigarden.com/assets/index-LUNgUZnA.js:16
[  183110ms] [WARNING] !【type = 6】 @ https://yurigarden.com/assets/index-LUNgUZnA.js:16
[  183626ms] [WARNING] !【type = 6】 @ https://yurigarden.com/assets/index-LUNgUZnA.js:16
[  184113ms] [WARNING] !【type = 6】 @ https://yurigarden.com/assets/index-LUNgUZnA.js:16
[  184611ms] [WARNING] !【type = 6】 @ https://yurigarden.com/assets/index-LUNgUZnA.js:16
[  185119ms] [WARNING] !【type = 6】 @ https://yurigarden.com/assets/index-LUNgUZnA.js:16
[  185621ms] [WARNING] !【type = 6】 @ https://yurigarden.com/assets/index-LUNgUZnA.js:16
[  186111ms] [WARNING] !【type = 6】 @ https://yurigarden.com/assets/index-LUNgUZnA.js:16
[  186620ms] [WARNING] !【type = 6】 @ https://yurigarden.com/assets/index-LUNgUZnA.js:16
[  187109ms] [WARNING] !【type = 6】 @ https://yurigarden.com/assets/index-LUNgUZnA.js:16
[  187612ms] [WARNING] !【type = 6】 @ https://yurigarden.com/assets/index-LUNgUZnA.js:16
[  188112ms] [WARNING] !【type = 6】 @ https://yurigarden.com/assets/index-LUNgUZnA.js:16
[  188614ms] [WARNING] !【type = 6】 @ https://yurigarden.com/assets/index-LUNgUZnA.js:16
[  189110ms] [WARNING] !【type = 6】 @ https://yurigarden.com/assets/index-LUNgUZnA.js:16
[  189617ms] [WARNING] !【type = 6】 @ https://yurigarden.com/assets/index-LUNgUZnA.js:16
[  190121ms] [WARNING] !【type = 6】 @ https://yurigarden.com/assets/index-LUNgUZnA.js:16
[  190616ms] [WARNING] !【type = 6】 @ https://yurigarden.com/assets/index-LUNgUZnA.js:16
[  191110ms] [WARNING] !【type = 6】 @ https://yurigarden.com/assets/index-LUNgUZnA.js:16
[  191618ms] [WARNING] !【type = 6】 @ https://yurigarden.com/assets/index-LUNgUZnA.js:16
[  192131ms] [WARNING] !【type = 6】 @ https://yurigarden.com/assets/index-LUNgUZnA.js:16
[  192621ms] [WARNING] !【type = 6】 @ https://yurigarden.com/assets/index-LUNgUZnA.js:16
[  193120ms] [WARNING] !【type = 6】 @ https://yurigarden.com/assets/index-LUNgUZnA.js:16
[  193632ms] [WARNING] !【type = 6】 @ https://yurigarden.com/assets/index-LUNgUZnA.js:16
[  194127ms] [WARNING] !【type = 6】 @ https://yurigarden.com/assets/index-LUNgUZnA.js:16
[  194636ms] [WARNING] !【type = 6】 @ https://yurigarden.com/assets/index-LUNgUZnA.js:16
[  195127ms] [WARNING] !【type = 6】 @ https://yurigarden.com/assets/index-LUNgUZnA.js:16
[  195630ms] [WARNING] !【type = 6】 @ https://yurigarden.com/assets/index-LUNgUZnA.js:16
[  196146ms] [WARNING] !【type = 6】 @ https://yurigarden.com/assets/index-LUNgUZnA.js:16
[  196637ms] [WARNING] !【type = 6】 @ https://yurigarden.com/assets/index-LUNgUZnA.js:16
[  197141ms] [WARNING] !【type = 6】 @ https://yurigarden.com/assets/index-LUNgUZnA.js:16
[  197618ms] [WARNING] !【type = 6】 @ https://yurigarden.com/assets/index-LUNgUZnA.js:16
[  198126ms] [WARNING] !【type = 6】 @ https://yurigarden.com/assets/index-LUNgUZnA.js:16
[  198623ms] [WARNING] !【type = 6】 @ https://yurigarden.com/assets/index-LUNgUZnA.js:16
[  199118ms] [WARNING] !【type = 6】 @ https://yurigarden.com/assets/index-LUNgUZnA.js:16
[  199627ms] [WARNING] !【type = 6】 @ https://yurigarden.com/assets/index-LUNgUZnA.js:16
[  200126ms] [WARNING] !【type = 6】 @ https://yurigarden.com/assets/index-LUNgUZnA.js:16
[  200621ms] [WARNING] !【type = 6】 @ https://yurigarden.com/assets/index-LUNgUZnA.js:16
[  201123ms] [WARNING] !【type = 6】 @ https://yurigarden.com/assets/index-LUNgUZnA.js:16
[  201627ms] [WARNING] !【type = 6】 @ https://yurigarden.com/assets/index-LUNgUZnA.js:16
[  202126ms] [WARNING] !【type = 6】 @ https://yurigarden.com/assets/index-LUNgUZnA.js:16
[  202625ms] [WARNING] !【type = 6】 @ https://yurigarden.com/assets/index-LUNgUZnA.js:16
[  203116ms] [WARNING] !【type = 6】 @ https://yurigarden.com/assets/index-LUNgUZnA.js:16
[  203624ms] [WARNING] !【type = 6】 @ https://yurigarden.com/assets/index-LUNgUZnA.js:16
[  204115ms] [WARNING] !【type = 6】 @ https://yurigarden.com/assets/index-LUNgUZnA.js:16
[  204616ms] [WARNING] !【type = 6】 @ https://yurigarden.com/assets/index-LUNgUZnA.js:16
[  205122ms] [WARNING] !【type = 6】 @ https://yurigarden.com/assets/index-LUNgUZnA.js:16
[  205616ms] [WARNING] !【type = 6】 @ https://yurigarden.com/assets/index-LUNgUZnA.js:16
[  206133ms] [WARNING] !【type = 6】 @ https://yurigarden.com/assets/index-LUNgUZnA.js:16
[  206617ms] [WARNING] !【type = 6】 @ https://yurigarden.com/assets/index-LUNgUZnA.js:16
[  207127ms] [WARNING] !【type = 6】 @ https://yurigarden.com/assets/index-LUNgUZnA.js:16
[  207632ms] [WARNING] !【type = 6】 @ https://yurigarden.com/assets/index-LUNgUZnA.js:16
[  208121ms] [WARNING] !【type = 6】 @ https://yurigarden.com/assets/index-LUNgUZnA.js:16
[  208631ms] [WARNING] !【type = 6】 @ https://yurigarden.com/assets/index-LUNgUZnA.js:16
[  209121ms] [WARNING] !【type = 6】 @ https://yurigarden.com/assets/index-LUNgUZnA.js:16
[  209619ms] [WARNING] !【type = 6】 @ https://yurigarden.com/assets/index-LUNgUZnA.js:16
[  210124ms] [WARNING] !【type = 6】 @ https://yurigarden.com/assets/index-LUNgUZnA.js:16
[  210619ms] [WARNING] !【type = 6】 @ https://yurigarden.com/assets/index-LUNgUZnA.js:16
[  211135ms] [WARNING] !【type = 6】 @ https://yurigarden.com/assets/index-LUNgUZnA.js:16
[  211616ms] [WARNING] !【type = 6】 @ https://yurigarden.com/assets/index-LUNgUZnA.js:16
[  212125ms] [WARNING] !【type = 6】 @ https://yurigarden.com/assets/index-LUNgUZnA.js:16
[  212621ms] [WARNING] !【type = 6】 @ https://yurigarden.com/assets/index-LUNgUZnA.js:16
[  213117ms] [WARNING] !【type = 6】 @ https://yurigarden.com/assets/index-LUNgUZnA.js:16
[  213631ms] [WARNING] !【type = 6】 @ https://yurigarden.com/assets/index-LUNgUZnA.js:16
[  214132ms] [WARNING] !【type = 6】 @ https://yurigarden.com/assets/index-LUNgUZnA.js:16
[  214631ms] [WARNING] !【type = 6】 @ https://yurigarden.com/assets/index-LUNgUZnA.js:16
[  215121ms] [WARNING] !【type = 6】 @ https://yurigarden.com/assets/index-LUNgUZnA.js:16
[  215625ms] [WARNING] !【type = 6】 @ https://yurigarden.com/assets/index-LUNgUZnA.js:16
[  216122ms] [WARNING] !【type = 6】 @ https://yurigarden.com/assets/index-LUNgUZnA.js:16
[  216630ms] [WARNING] !【type = 6】 @ https://yurigarden.com/assets/index-LUNgUZnA.js:16
[  217111ms] [WARNING] !【type = 6】 @ https://yurigarden.com/assets/index-LUNgUZnA.js:16
[  217623ms] [WARNING] !【type = 6】 @ https://yurigarden.com/assets/index-LUNgUZnA.js:16
[  218123ms] [WARNING] !【type = 6】 @ https://yurigarden.com/assets/index-LUNgUZnA.js:16
[  218627ms] [WARNING] !【type = 6】 @ https://yurigarden.com/assets/index-LUNgUZnA.js:16
[  219119ms] [WARNING] !【type = 6】 @ https://yurigarden.com/assets/index-LUNgUZnA.js:16
[  219609ms] [WARNING] !【type = 6】 @ https://yurigarden.com/assets/index-LUNgUZnA.js:16
[  220121ms] [WARNING] !【type = 6】 @ https://yurigarden.com/assets/index-LUNgUZnA.js:16
[  220622ms] [WARNING] !【type = 6】 @ https://yurigarden.com/assets/index-LUNgUZnA.js:16
[  221118ms] [WARNING] !【type = 6】 @ https://yurigarden.com/assets/index-LUNgUZnA.js:16
[  221614ms] [WARNING] !【type = 6】 @ https://yurigarden.com/assets/index-LUNgUZnA.js:16
[  222119ms] [WARNING] !【type = 6】 @ https://yurigarden.com/assets/index-LUNgUZnA.js:16
[  222646ms] [WARNING] !【type = 6】 @ https://yurigarden.com/assets/index-LUNgUZnA.js:16
[  223122ms] [WARNING] !【type = 6】 @ https://yurigarden.com/assets/index-LUNgUZnA.js:16
[  223624ms] [WARNING] !【type = 6】 @ https://yurigarden.com/assets/index-LUNgUZnA.js:16
[  224124ms] [WARNING] !【type = 6】 @ https://yurigarden.com/assets/index-LUNgUZnA.js:16
[  224610ms] [WARNING] !【type = 6】 @ https://yurigarden.com/assets/index-LUNgUZnA.js:16
[  225118ms] [WARNING] !【type = 6】 @ https://yurigarden.com/assets/index-LUNgUZnA.js:16
[  225611ms] [WARNING] !【type = 6】 @ https://yurigarden.com/assets/index-LUNgUZnA.js:16
[  226117ms] [WARNING] !【type = 6】 @ https://yurigarden.com/assets/index-LUNgUZnA.js:16
[  226619ms] [WARNING] !【type = 6】 @ https://yurigarden.com/assets/index-LUNgUZnA.js:16
[  227124ms] [WARNING] !【type = 6】 @ https://yurigarden.com/assets/index-LUNgUZnA.js:16
[  227626ms] [WARNING] !【type = 6】 @ https://yurigarden.com/assets/index-LUNgUZnA.js:16
[  228136ms] [WARNING] !【type = 6】 @ https://yurigarden.com/assets/index-LUNgUZnA.js:16
[  228621ms] [WARNING] !【type = 6】 @ https://yurigarden.com/assets/index-LUNgUZnA.js:16
[  229120ms] [WARNING] !【type = 6】 @ https://yurigarden.com/assets/index-LUNgUZnA.js:16
[  229624ms] [WARNING] !【type = 6】 @ https://yurigarden.com/assets/index-LUNgUZnA.js:16
[  230122ms] [WARNING] !【type = 6】 @ https://yurigarden.com/assets/index-LUNgUZnA.js:16
[  230622ms] [WARNING] !【type = 6】 @ https://yurigarden.com/assets/index-LUNgUZnA.js:16
[  231119ms] [WARNING] !【type = 6】 @ https://yurigarden.com/assets/index-LUNgUZnA.js:16
[  231631ms] [WARNING] !【type = 6】 @ https://yurigarden.com/assets/index-LUNgUZnA.js:16
[  232116ms] [WARNING] !【type = 6】 @ https://yurigarden.com/assets/index-LUNgUZnA.js:16
[  232622ms] [WARNING] !【type = 6】 @ https://yurigarden.com/assets/index-LUNgUZnA.js:16
[  233122ms] [WARNING] !【type = 6】 @ https://yurigarden.com/assets/index-LUNgUZnA.js:16
[  233626ms] [WARNING] !【type = 6】 @ https://yurigarden.com/assets/index-LUNgUZnA.js:16
[  234123ms] [WARNING] !【type = 6】 @ https://yurigarden.com/assets/index-LUNgUZnA.js:16
[  234624ms] [WARNING] !【type = 6】 @ https://yurigarden.com/assets/index-LUNgUZnA.js:16
[  235115ms] [WARNING] !【type = 6】 @ https://yurigarden.com/assets/index-LUNgUZnA.js:16
[  235623ms] [WARNING] !【type = 6】 @ https://yurigarden.com/assets/index-LUNgUZnA.js:16
[  236123ms] [WARNING] !【type = 6】 @ https://yurigarden.com/assets/index-LUNgUZnA.js:16
[  236629ms] [WARNING] !【type = 6】 @ https://yurigarden.com/assets/index-LUNgUZnA.js:16
[  237125ms] [WARNING] !【type = 6】 @ https://yurigarden.com/assets/index-LUNgUZnA.js:16
[  237637ms] [WARNING] !【type = 6】 @ https://yurigarden.com/assets/index-LUNgUZnA.js:16
[  238133ms] [WARNING] !【type = 6】 @ https://yurigarden.com/assets/index-LUNgUZnA.js:16
[  238613ms] [WARNING] !【type = 6】 @ https://yurigarden.com/assets/index-LUNgUZnA.js:16
[  239116ms] [WARNING] !【type = 6】 @ https://yurigarden.com/assets/index-LUNgUZnA.js:16
[  239611ms] [WARNING] !【type = 6】 @ https://yurigarden.com/assets/index-LUNgUZnA.js:16
[  240112ms] [WARNING] !【type = 6】 @ https://yurigarden.com/assets/index-LUNgUZnA.js:16
[  240612ms] [WARNING] !【type = 6】 @ https://yurigarden.com/assets/index-LUNgUZnA.js:16
[  241120ms] [WARNING] !【type = 6】 @ https://yurigarden.com/assets/index-LUNgUZnA.js:16
[  241637ms] [WARNING] !【type = 6】 @ https://yurigarden.com/assets/index-LUNgUZnA.js:16
[  242115ms] [WARNING] !【type = 6】 @ https://yurigarden.com/assets/index-LUNgUZnA.js:16
[  242615ms] [WARNING] !【type = 6】 @ https://yurigarden.com/assets/index-LUNgUZnA.js:16
[  243121ms] [WARNING] !【type = 6】 @ https://yurigarden.com/assets/index-LUNgUZnA.js:16
[  243622ms] [WARNING] !【type = 6】 @ https://yurigarden.com/assets/index-LUNgUZnA.js:16
[  244130ms] [WARNING] !【type = 6】 @ https://yurigarden.com/assets/index-LUNgUZnA.js:16
[  244612ms] [WARNING] !【type = 6】 @ https://yurigarden.com/assets/index-LUNgUZnA.js:16
[  245120ms] [WARNING] !【type = 6】 @ https://yurigarden.com/assets/index-LUNgUZnA.js:16
[  245615ms] [WARNING] !【type = 6】 @ https://yurigarden.com/assets/index-LUNgUZnA.js:16
[  246128ms] [WARNING] !【type = 6】 @ https://yurigarden.com/assets/index-LUNgUZnA.js:16
[  246637ms] [WARNING] !【type = 6】 @ https://yurigarden.com/assets/index-LUNgUZnA.js:16
[  247119ms] [WARNING] !【type = 6】 @ https://yurigarden.com/assets/index-LUNgUZnA.js:16
[  247611ms] [WARNING] !【type = 6】 @ https://yurigarden.com/assets/index-LUNgUZnA.js:16
[  248114ms] [WARNING] !【type = 6】 @ https://yurigarden.com/assets/index-LUNgUZnA.js:16
[  248615ms] [WARNING] !【type = 6】 @ https://yurigarden.com/assets/index-LUNgUZnA.js:16
[  249114ms] [WARNING] !【type = 6】 @ https://yurigarden.com/assets/index-LUNgUZnA.js:16
[  249610ms] [WARNING] !【type = 6】 @ https://yurigarden.com/assets/index-LUNgUZnA.js:16
[  250118ms] [WARNING] !【type = 6】 @ https://yurigarden.com/assets/index-LUNgUZnA.js:16
[  250619ms] [WARNING] !【type = 6】 @ https://yurigarden.com/assets/index-LUNgUZnA.js:16
[  251113ms] [WARNING] !【type = 6】 @ https://yurigarden.com/assets/index-LUNgUZnA.js:16
[  251620ms] [WARNING] !【type = 6】 @ https://yurigarden.com/assets/index-LUNgUZnA.js:16
[  252126ms] [WARNING] !【type = 6】 @ https://yurigarden.com/assets/index-LUNgUZnA.js:16
[  252637ms] [WARNING] !【type = 6】 @ https://yurigarden.com/assets/index-LUNgUZnA.js:16
[  253131ms] [WARNING] !【type = 6】 @ https://yurigarden.com/assets/index-LUNgUZnA.js:16
[  253636ms] [WARNING] !【type = 6】 @ https://yurigarden.com/assets/index-LUNgUZnA.js:16
[  254137ms] [WARNING] !【type = 6】 @ https://yurigarden.com/assets/index-LUNgUZnA.js:16
[  254622ms] [WARNING] !【type = 6】 @ https://yurigarden.com/assets/index-LUNgUZnA.js:16
[  255126ms] [WARNING] !【type = 6】 @ https://yurigarden.com/assets/index-LUNgUZnA.js:16
[  255623ms] [WARNING] !【type = 6】 @ https://yurigarden.com/assets/index-LUNgUZnA.js:16
[  256124ms] [WARNING] !【type = 6】 @ https://yurigarden.com/assets/index-LUNgUZnA.js:16
[  256629ms] [WARNING] !【type = 6】 @ https://yurigarden.com/assets/index-LUNgUZnA.js:16
[  257130ms] [WARNING] !【type = 6】 @ https://yurigarden.com/assets/index-LUNgUZnA.js:16
[  257632ms] [WARNING] !【type = 6】 @ https://yurigarden.com/assets/index-LUNgUZnA.js:16
[  258132ms] [WARNING] !【type = 6】 @ https://yurigarden.com/assets/index-LUNgUZnA.js:16
[  258638ms] [WARNING] !【type = 6】 @ https://yurigarden.com/assets/index-LUNgUZnA.js:16
[  259123ms] [WARNING] !【type = 6】 @ https://yurigarden.com/assets/index-LUNgUZnA.js:16
[  259679ms] [WARNING] !【type = 6】 @ https://yurigarden.com/assets/index-LUNgUZnA.js:16
[  260123ms] [WARNING] !【type = 6】 @ https://yurigarden.com/assets/index-LUNgUZnA.js:16
[  260619ms] [WARNING] !【type = 6】 @ https://yurigarden.com/assets/index-LUNgUZnA.js:16
[  261111ms] [WARNING] !【type = 6】 @ https://yurigarden.com/assets/index-LUNgUZnA.js:16
[  261619ms] [WARNING] !【type = 6】 @ https://yurigarden.com/assets/index-LUNgUZnA.js:16
[  262130ms] [WARNING] !【type = 6】 @ https://yurigarden.com/assets/index-LUNgUZnA.js:16
[  262626ms] [WARNING] !【type = 6】 @ https://yurigarden.com/assets/index-LUNgUZnA.js:16
[  263129ms] [WARNING] !【type = 6】 @ https://yurigarden.com/assets/index-LUNgUZnA.js:16
[  263620ms] [WARNING] !【type = 6】 @ https://yurigarden.com/assets/index-LUNgUZnA.js:16
[  264124ms] [WARNING] !【type = 6】 @ https://yurigarden.com/assets/index-LUNgUZnA.js:16
[  264620ms] [WARNING] !【type = 6】 @ https://yurigarden.com/assets/index-LUNgUZnA.js:16
[  265118ms] [WARNING] !【type = 6】 @ https://yurigarden.com/assets/index-LUNgUZnA.js:16
[  265629ms] [WARNING] !【type = 6】 @ https://yurigarden.com/assets/index-LUNgUZnA.js:16
[  266122ms] [WARNING] !【type = 6】 @ https://yurigarden.com/assets/index-LUNgUZnA.js:16
[  266630ms] [WARNING] !【type = 6】 @ https://yurigarden.com/assets/index-LUNgUZnA.js:16
[  267125ms] [WARNING] !【type = 6】 @ https://yurigarden.com/assets/index-LUNgUZnA.js:16
[  267625ms] [WARNING] !【type = 6】 @ https://yurigarden.com/assets/index-LUNgUZnA.js:16
[  268126ms] [WARNING] !【type = 6】 @ https://yurigarden.com/assets/index-LUNgUZnA.js:16
[  268619ms] [WARNING] !【type = 6】 @ https://yurigarden.com/assets/index-LUNgUZnA.js:16
[  269125ms] [WARNING] !【type = 6】 @ https://yurigarden.com/assets/index-LUNgUZnA.js:16
[  269625ms] [WARNING] !【type = 6】 @ https://yurigarden.com/assets/index-LUNgUZnA.js:16
[  270115ms] [WARNING] !【type = 6】 @ https://yurigarden.com/assets/index-LUNgUZnA.js:16
[  270621ms] [WARNING] !【type = 6】 @ https://yurigarden.com/assets/index-LUNgUZnA.js:16
[  271108ms] [WARNING] !【type = 6】 @ https://yurigarden.com/assets/index-LUNgUZnA.js:16
[  271617ms] [WARNING] !【type = 6】 @ https://yurigarden.com/assets/index-LUNgUZnA.js:16
[  272121ms] [WARNING] !【type = 6】 @ https://yurigarden.com/assets/index-LUNgUZnA.js:16
[  272616ms] [WARNING] !【type = 6】 @ https://yurigarden.com/assets/index-LUNgUZnA.js:16
[  273125ms] [WARNING] !【type = 6】 @ https://yurigarden.com/assets/index-LUNgUZnA.js:16
[  273607ms] [WARNING] !【type = 6】 @ https://yurigarden.com/assets/index-LUNgUZnA.js:16
[  274117ms] [WARNING] !【type = 6】 @ https://yurigarden.com/assets/index-LUNgUZnA.js:16
[  274621ms] [WARNING] !【type = 6】 @ https://yurigarden.com/assets/index-LUNgUZnA.js:16
[  275116ms] [WARNING] !【type = 6】 @ https://yurigarden.com/assets/index-LUNgUZnA.js:16
[  275621ms] [WARNING] !【type = 6】 @ https://yurigarden.com/assets/index-LUNgUZnA.js:16
[  276121ms] [WARNING] !【type = 6】 @ https://yurigarden.com/assets/index-LUNgUZnA.js:16
[  276627ms] [WARNING] !【type = 6】 @ https://yurigarden.com/assets/index-LUNgUZnA.js:16
[  277124ms] [WARNING] !【type = 6】 @ https://yurigarden.com/assets/index-LUNgUZnA.js:16
[  277618ms] [WARNING] !【type = 6】 @ https://yurigarden.com/assets/index-LUNgUZnA.js:16
[  278129ms] [WARNING] !【type = 6】 @ https://yurigarden.com/assets/index-LUNgUZnA.js:16
[  278611ms] [WARNING] !【type = 6】 @ https://yurigarden.com/assets/index-LUNgUZnA.js:16
[  279120ms] [WARNING] !【type = 6】 @ https://yurigarden.com/assets/index-LUNgUZnA.js:16
[  279623ms] [WARNING] !【type = 6】 @ https://yurigarden.com/assets/index-LUNgUZnA.js:16
[  280125ms] [WARNING] !【type = 6】 @ https://yurigarden.com/assets/index-LUNgUZnA.js:16
[  280631ms] [WARNING] !【type = 6】 @ https://yurigarden.com/assets/index-LUNgUZnA.js:16
[  281122ms] [WARNING] !【type = 6】 @ https://yurigarden.com/assets/index-LUNgUZnA.js:16
[  281624ms] [WARNING] !【type = 6】 @ https://yurigarden.com/assets/index-LUNgUZnA.js:16
[  282131ms] [WARNING] !【type = 6】 @ https://yurigarden.com/assets/index-LUNgUZnA.js:16
[  282621ms] [WARNING] !【type = 6】 @ https://yurigarden.com/assets/index-LUNgUZnA.js:16
[  283121ms] [WARNING] !【type = 6】 @ https://yurigarden.com/assets/index-LUNgUZnA.js:16
[  283643ms] [WARNING] !【type = 6】 @ https://yurigarden.com/assets/index-LUNgUZnA.js:16
[  284134ms] [WARNING] !【type = 6】 @ https://yurigarden.com/assets/index-LUNgUZnA.js:16
[  284629ms] [WARNING] !【type = 6】 @ https://yurigarden.com/assets/index-LUNgUZnA.js:16
[  285121ms] [WARNING] !【type = 6】 @ https://yurigarden.com/assets/index-LUNgUZnA.js:16
[  285622ms] [WARNING] !【type = 6】 @ https://yurigarden.com/assets/index-LUNgUZnA.js:16
[  286125ms] [WARNING] !【type = 6】 @ https://yurigarden.com/assets/index-LUNgUZnA.js:16
[  286625ms] [WARNING] !【type = 6】 @ https://yurigarden.com/assets/index-LUNgUZnA.js:16
[  287114ms] [WARNING] !【type = 6】 @ https://yurigarden.com/assets/index-LUNgUZnA.js:16
[  287617ms] [WARNING] !【type = 6】 @ https://yurigarden.com/assets/index-LUNgUZnA.js:16
[  288121ms] [WARNING] !【type = 6】 @ https://yurigarden.com/assets/index-LUNgUZnA.js:16
[  288632ms] [WARNING] !【type = 6】 @ https://yurigarden.com/assets/index-LUNgUZnA.js:16
[  289123ms] [WARNING] !【type = 6】 @ https://yurigarden.com/assets/index-LUNgUZnA.js:16
[  289615ms] [WARNING] !【type = 6】 @ https://yurigarden.com/assets/index-LUNgUZnA.js:16
[  290115ms] [WARNING] !【type = 6】 @ https://yurigarden.com/assets/index-LUNgUZnA.js:16
[  290629ms] [WARNING] !【type = 6】 @ https://yurigarden.com/assets/index-LUNgUZnA.js:16
[  291134ms] [WARNING] !【type = 6】 @ https://yurigarden.com/assets/index-LUNgUZnA.js:16
[  291628ms] [WARNING] !【type = 6】 @ https://yurigarden.com/assets/index-LUNgUZnA.js:16
[  292134ms] [WARNING] !【type = 6】 @ https://yurigarden.com/assets/index-LUNgUZnA.js:16
[  292625ms] [WARNING] !【type = 6】 @ https://yurigarden.com/assets/index-LUNgUZnA.js:16
[  293141ms] [WARNING] !【type = 6】 @ https://yurigarden.com/assets/index-LUNgUZnA.js:16
[  293630ms] [WARNING] !【type = 6】 @ https://yurigarden.com/assets/index-LUNgUZnA.js:16
[  294122ms] [WARNING] !【type = 6】 @ https://yurigarden.com/assets/index-LUNgUZnA.js:16
[  294632ms] [WARNING] !【type = 6】 @ https://yurigarden.com/assets/index-LUNgUZnA.js:16
[  295123ms] [WARNING] !【type = 6】 @ https://yurigarden.com/assets/index-LUNgUZnA.js:16
[  295621ms] [WARNING] !【type = 6】 @ https://yurigarden.com/assets/index-LUNgUZnA.js:16
[  296116ms] [WARNING] !【type = 6】 @ https://yurigarden.com/assets/index-LUNgUZnA.js:16
[  296619ms] [WARNING] !【type = 6】 @ https://yurigarden.com/assets/index-LUNgUZnA.js:16
[  297140ms] [WARNING] !【type = 6】 @ https://yurigarden.com/assets/index-LUNgUZnA.js:16
[  297620ms] [WARNING] !【type = 6】 @ https://yurigarden.com/assets/index-LUNgUZnA.js:16
[  298117ms] [WARNING] !【type = 6】 @ https://yurigarden.com/assets/index-LUNgUZnA.js:16
[  298611ms] [WARNING] !【type = 6】 @ https://yurigarden.com/assets/index-LUNgUZnA.js:16
[  299116ms] [WARNING] !【type = 6】 @ https://yurigarden.com/assets/index-LUNgUZnA.js:16
[  299614ms] [WARNING] !【type = 6】 @ https://yurigarden.com/assets/index-LUNgUZnA.js:16
[  300113ms] [WARNING] !【type = 6】 @ https://yurigarden.com/assets/index-LUNgUZnA.js:16
[  300624ms] [WARNING] !【type = 6】 @ https://yurigarden.com/assets/index-LUNgUZnA.js:16
[  301123ms] [WARNING] !【type = 6】 @ https://yurigarden.com/assets/index-LUNgUZnA.js:16
[  301624ms] [WARNING] !【type = 6】 @ https://yurigarden.com/assets/index-LUNgUZnA.js:16
[  302116ms] [WARNING] !【type = 6】 @ https://yurigarden.com/assets/index-LUNgUZnA.js:16
[  302622ms] [WARNING] !【type = 6】 @ https://yurigarden.com/assets/index-LUNgUZnA.js:16
[  303125ms] [WARNING] !【type = 6】 @ https://yurigarden.com/assets/index-LUNgUZnA.js:16
[  303614ms] [WARNING] !【type = 6】 @ https://yurigarden.com/assets/index-LUNgUZnA.js:16
[  304121ms] [WARNING] !【type = 6】 @ https://yurigarden.com/assets/index-LUNgUZnA.js:16
[  304625ms] [WARNING] !【type = 6】 @ https://yurigarden.com/assets/index-LUNgUZnA.js:16
[  305119ms] [WARNING] !【type = 6】 @ https://yurigarden.com/assets/index-LUNgUZnA.js:16
[  305623ms] [WARNING] !【type = 6】 @ https://yurigarden.com/assets/index-LUNgUZnA.js:16
[  306119ms] [WARNING] !【type = 6】 @ https://yurigarden.com/assets/index-LUNgUZnA.js:16
[  306616ms] [WARNING] !【type = 6】 @ https://yurigarden.com/assets/index-LUNgUZnA.js:16
[  307128ms] [WARNING] !【type = 6】 @ https://yurigarden.com/assets/index-LUNgUZnA.js:16
[  307618ms] [WARNING] !【type = 6】 @ https://yurigarden.com/assets/index-LUNgUZnA.js:16
[  308126ms] [WARNING] !【type = 6】 @ https://yurigarden.com/assets/index-LUNgUZnA.js:16
[  308621ms] [WARNING] !【type = 6】 @ https://yurigarden.com/assets/index-LUNgUZnA.js:16
[  309115ms] [WARNING] !【type = 6】 @ https://yurigarden.com/assets/index-LUNgUZnA.js:16
[  309629ms] [WARNING] !【type = 6】 @ https://yurigarden.com/assets/index-LUNgUZnA.js:16
[  310123ms] [WARNING] !【type = 6】 @ https://yurigarden.com/assets/index-LUNgUZnA.js:16
[  310626ms] [WARNING] !【type = 6】 @ https://yurigarden.com/assets/index-LUNgUZnA.js:16
[  311118ms] [WARNING] !【type = 6】 @ https://yurigarden.com/assets/index-LUNgUZnA.js:16
[  311621ms] [WARNING] !【type = 6】 @ https://yurigarden.com/assets/index-LUNgUZnA.js:16
[  312131ms] [WARNING] !【type = 6】 @ https://yurigarden.com/assets/index-LUNgUZnA.js:16
[  312624ms] [WARNING] !【type = 6】 @ https://yurigarden.com/assets/index-LUNgUZnA.js:16
[  313121ms] [WARNING] !【type = 6】 @ https://yurigarden.com/assets/index-LUNgUZnA.js:16
[  313616ms] [WARNING] !【type = 6】 @ https://yurigarden.com/assets/index-LUNgUZnA.js:16
[  314116ms] [WARNING] !【type = 6】 @ https://yurigarden.com/assets/index-LUNgUZnA.js:16
[  314630ms] [WARNING] !【type = 6】 @ https://yurigarden.com/assets/index-LUNgUZnA.js:16
[  315114ms] [WARNING] !【type = 6】 @ https://yurigarden.com/assets/index-LUNgUZnA.js:16
[  315619ms] [WARNING] !【type = 6】 @ https://yurigarden.com/assets/index-LUNgUZnA.js:16
[  316110ms] [WARNING] !【type = 6】 @ https://yurigarden.com/assets/index-LUNgUZnA.js:16
[  316615ms] [WARNING] !【type = 6】 @ https://yurigarden.com/assets/index-LUNgUZnA.js:16
[  317117ms] [WARNING] !【type = 6】 @ https://yurigarden.com/assets/index-LUNgUZnA.js:16
[  317619ms] [WARNING] !【type = 6】 @ https://yurigarden.com/assets/index-LUNgUZnA.js:16
[  318113ms] [WARNING] !【type = 6】 @ https://yurigarden.com/assets/index-LUNgUZnA.js:16
[  318617ms] [WARNING] !【type = 6】 @ https://yurigarden.com/assets/index-LUNgUZnA.js:16
[  319122ms] [WARNING] !【type = 6】 @ https://yurigarden.com/assets/index-LUNgUZnA.js:16
[  319624ms] [WARNING] !【type = 6】 @ https://yurigarden.com/assets/index-LUNgUZnA.js:16
[  320111ms] [WARNING] !【type = 6】 @ https://yurigarden.com/assets/index-LUNgUZnA.js:16
[  320614ms] [WARNING] !【type = 6】 @ https://yurigarden.com/assets/index-LUNgUZnA.js:16
[  321117ms] [WARNING] !【type = 6】 @ https://yurigarden.com/assets/index-LUNgUZnA.js:16
[  321622ms] [WARNING] !【type = 6】 @ https://yurigarden.com/assets/index-LUNgUZnA.js:16
[  322114ms] [WARNING] !【type = 6】 @ https://yurigarden.com/assets/index-LUNgUZnA.js:16
[  322616ms] [WARNING] !【type = 6】 @ https://yurigarden.com/assets/index-LUNgUZnA.js:16
[  323114ms] [WARNING] !【type = 6】 @ https://yurigarden.com/assets/index-LUNgUZnA.js:16
[  323615ms] [WARNING] !【type = 6】 @ https://yurigarden.com/assets/index-LUNgUZnA.js:16
[  324123ms] [WARNING] !【type = 6】 @ https://yurigarden.com/assets/index-LUNgUZnA.js:16
[  324623ms] [WARNING] !【type = 6】 @ https://yurigarden.com/assets/index-LUNgUZnA.js:16
[  325117ms] [WARNING] !【type = 6】 @ https://yurigarden.com/assets/index-LUNgUZnA.js:16
[  325618ms] [WARNING] !【type = 6】 @ https://yurigarden.com/assets/index-LUNgUZnA.js:16
[  326112ms] [WARNING] !【type = 6】 @ https://yurigarden.com/assets/index-LUNgUZnA.js:16
[  326622ms] [WARNING] !【type = 6】 @ https://yurigarden.com/assets/index-LUNgUZnA.js:16
[  327116ms] [WARNING] !【type = 6】 @ https://yurigarden.com/assets/index-LUNgUZnA.js:16
[  327618ms] [WARNING] !【type = 6】 @ https://yurigarden.com/assets/index-LUNgUZnA.js:16
[  328118ms] [WARNING] !【type = 6】 @ https://yurigarden.com/assets/index-LUNgUZnA.js:16
[  328618ms] [WARNING] !【type = 6】 @ https://yurigarden.com/assets/index-LUNgUZnA.js:16
[  329114ms] [WARNING] !【type = 6】 @ https://yurigarden.com/assets/index-LUNgUZnA.js:16
[  329611ms] [WARNING] !【type = 6】 @ https://yurigarden.com/assets/index-LUNgUZnA.js:16
[  330112ms] [WARNING] !【type = 6】 @ https://yurigarden.com/assets/index-LUNgUZnA.js:16
[  330622ms] [WARNING] !【type = 6】 @ https://yurigarden.com/assets/index-LUNgUZnA.js:16
[  331118ms] [WARNING] !【type = 6】 @ https://yurigarden.com/assets/index-LUNgUZnA.js:16
[  331618ms] [WARNING] !【type = 6】 @ https://yurigarden.com/assets/index-LUNgUZnA.js:16
[  332117ms] [WARNING] !【type = 6】 @ https://yurigarden.com/assets/index-LUNgUZnA.js:16
[  332625ms] [WARNING] !【type = 6】 @ https://yurigarden.com/assets/index-LUNgUZnA.js:16
[  333111ms] [WARNING] !【type = 6】 @ https://yurigarden.com/assets/index-LUNgUZnA.js:16
[  333614ms] [WARNING] !【type = 6】 @ https://yurigarden.com/assets/index-LUNgUZnA.js:16
[  334129ms] [WARNING] !【type = 6】 @ https://yurigarden.com/assets/index-LUNgUZnA.js:16
[  334618ms] [WARNING] !【type = 6】 @ https://yurigarden.com/assets/index-LUNgUZnA.js:16
[  335116ms] [WARNING] !【type = 6】 @ https://yurigarden.com/assets/index-LUNgUZnA.js:16
[  335616ms] [WARNING] !【type = 6】 @ https://yurigarden.com/assets/index-LUNgUZnA.js:16
[  336118ms] [WARNING] !【type = 6】 @ https://yurigarden.com/assets/index-LUNgUZnA.js:16
[  336612ms] [WARNING] !【type = 6】 @ https://yurigarden.com/assets/index-LUNgUZnA.js:16
[  337118ms] [WARNING] !【type = 6】 @ https://yurigarden.com/assets/index-LUNgUZnA.js:16
[  337615ms] [WARNING] !【type = 6】 @ https://yurigarden.com/assets/index-LUNgUZnA.js:16
[  338116ms] [WARNING] !【type = 6】 @ https://yurigarden.com/assets/index-LUNgUZnA.js:16
[  338609ms] [WARNING] !【type = 6】 @ https://yurigarden.com/assets/index-LUNgUZnA.js:16
[  339116ms] [WARNING] !【type = 6】 @ https://yurigarden.com/assets/index-LUNgUZnA.js:16
[  339615ms] [WARNING] !【type = 6】 @ https://yurigarden.com/assets/index-LUNgUZnA.js:16
[  340132ms] [WARNING] !【type = 6】 @ https://yurigarden.com/assets/index-LUNgUZnA.js:16
[  340611ms] [WARNING] !【type = 6】 @ https://yurigarden.com/assets/index-LUNgUZnA.js:16
[  341107ms] [WARNING] !【type = 6】 @ https://yurigarden.com/assets/index-LUNgUZnA.js:16
[  341601ms] [WARNING] !【type = 6】 @ https://yurigarden.com/assets/index-LUNgUZnA.js:16
[  342106ms] [WARNING] !【type = 6】 @ https://yurigarden.com/assets/index-LUNgUZnA.js:16
[  342604ms] [WARNING] !【type = 6】 @ https://yurigarden.com/assets/index-LUNgUZnA.js:16
[  343112ms] [WARNING] !【type = 6】 @ https://yurigarden.com/assets/index-LUNgUZnA.js:16
[  343611ms] [WARNING] !【type = 6】 @ https://yurigarden.com/assets/index-LUNgUZnA.js:16
[  344112ms] [WARNING] !【type = 6】 @ https://yurigarden.com/assets/index-LUNgUZnA.js:16
[  344622ms] [WARNING] !【type = 6】 @ https://yurigarden.com/assets/index-LUNgUZnA.js:16
[  345123ms] [WARNING] !【type = 6】 @ https://yurigarden.com/assets/index-LUNgUZnA.js:16
[  345625ms] [WARNING] !【type = 6】 @ https://yurigarden.com/assets/index-LUNgUZnA.js:16
[  346123ms] [WARNING] !【type = 6】 @ https://yurigarden.com/assets/index-LUNgUZnA.js:16
[  346614ms] [WARNING] !【type = 6】 @ https://yurigarden.com/assets/index-LUNgUZnA.js:16
[  347122ms] [WARNING] !【type = 6】 @ https://yurigarden.com/assets/index-LUNgUZnA.js:16
[  347617ms] [WARNING] !【type = 6】 @ https://yurigarden.com/assets/index-LUNgUZnA.js:16
[  348119ms] [WARNING] !【type = 6】 @ https://yurigarden.com/assets/index-LUNgUZnA.js:16
[  348624ms] [WARNING] !【type = 6】 @ https://yurigarden.com/assets/index-LUNgUZnA.js:16
[  349125ms] [WARNING] !【type = 6】 @ https://yurigarden.com/assets/index-LUNgUZnA.js:16
[  349615ms] [WARNING] !【type = 6】 @ https://yurigarden.com/assets/index-LUNgUZnA.js:16
[  350119ms] [WARNING] !【type = 6】 @ https://yurigarden.com/assets/index-LUNgUZnA.js:16
[  350619ms] [WARNING] !【type = 6】 @ https://yurigarden.com/assets/index-LUNgUZnA.js:16
[  351113ms] [WARNING] !【type = 6】 @ https://yurigarden.com/assets/index-LUNgUZnA.js:16
[  351621ms] [WARNING] !【type = 6】 @ https://yurigarden.com/assets/index-LUNgUZnA.js:16
[  352120ms] [WARNING] !【type = 6】 @ https://yurigarden.com/assets/index-LUNgUZnA.js:16
[  352610ms] [WARNING] !【type = 6】 @ https://yurigarden.com/assets/index-LUNgUZnA.js:16
[  353113ms] [WARNING] !【type = 6】 @ https://yurigarden.com/assets/index-LUNgUZnA.js:16
[  353611ms] [WARNING] !【type = 6】 @ https://yurigarden.com/assets/index-LUNgUZnA.js:16
[  354120ms] [WARNING] !【type = 6】 @ https://yurigarden.com/assets/index-LUNgUZnA.js:16
[  354611ms] [WARNING] !【type = 6】 @ https://yurigarden.com/assets/index-LUNgUZnA.js:16
[  355112ms] [WARNING] !【type = 6】 @ https://yurigarden.com/assets/index-LUNgUZnA.js:16
[  355612ms] [WARNING] !【type = 6】 @ https://yurigarden.com/assets/index-LUNgUZnA.js:16
[  356110ms] [WARNING] !【type = 6】 @ https://yurigarden.com/assets/index-LUNgUZnA.js:16
[  356612ms] [WARNING] !【type = 6】 @ https://yurigarden.com/assets/index-LUNgUZnA.js:16
[  357115ms] [WARNING] !【type = 6】 @ https://yurigarden.com/assets/index-LUNgUZnA.js:16
[  357620ms] [WARNING] !【type = 6】 @ https://yurigarden.com/assets/index-LUNgUZnA.js:16
[  358113ms] [WARNING] !【type = 6】 @ https://yurigarden.com/assets/index-LUNgUZnA.js:16
[  358620ms] [WARNING] !【type = 6】 @ https://yurigarden.com/assets/index-LUNgUZnA.js:16
[  359113ms] [WARNING] !【type = 6】 @ https://yurigarden.com/assets/index-LUNgUZnA.js:16
[  359613ms] [WARNING] !【type = 6】 @ https://yurigarden.com/assets/index-LUNgUZnA.js:16
[  360113ms] [WARNING] !【type = 6】 @ https://yurigarden.com/assets/index-LUNgUZnA.js:16
[  360615ms] [WARNING] !【type = 6】 @ https://yurigarden.com/assets/index-LUNgUZnA.js:16
[  361115ms] [WARNING] !【type = 6】 @ https://yurigarden.com/assets/index-LUNgUZnA.js:16
[  361616ms] [WARNING] !【type = 6】 @ https://yurigarden.com/assets/index-LUNgUZnA.js:16
[  362133ms] [WARNING] !【type = 6】 @ https://yurigarden.com/assets/index-LUNgUZnA.js:16
[  362615ms] [WARNING] !【type = 6】 @ https://yurigarden.com/assets/index-LUNgUZnA.js:16
[  363111ms] [WARNING] !【type = 6】 @ https://yurigarden.com/assets/index-LUNgUZnA.js:16
[  363612ms] [WARNING] !【type = 6】 @ https://yurigarden.com/assets/index-LUNgUZnA.js:16
[  364111ms] [WARNING] !【type = 6】 @ https://yurigarden.com/assets/index-LUNgUZnA.js:16
[  364602ms] [WARNING] !【type = 6】 @ https://yurigarden.com/assets/index-LUNgUZnA.js:16
[  365102ms] [WARNING] !【type = 6】 @ https://yurigarden.com/assets/index-LUNgUZnA.js:16
[  365614ms] [WARNING] !【type = 6】 @ https://yurigarden.com/assets/index-LUNgUZnA.js:16
[  366117ms] [WARNING] !【type = 6】 @ https://yurigarden.com/assets/index-LUNgUZnA.js:16
[  366619ms] [WARNING] !【type = 6】 @ https://yurigarden.com/assets/index-LUNgUZnA.js:16
[  367118ms] [WARNING] !【type = 6】 @ https://yurigarden.com/assets/index-LUNgUZnA.js:16
[  367620ms] [WARNING] !【type = 6】 @ https://yurigarden.com/assets/index-LUNgUZnA.js:16
[  368114ms] [WARNING] !【type = 6】 @ https://yurigarden.com/assets/index-LUNgUZnA.js:16
[  368610ms] [WARNING] !【type = 6】 @ https://yurigarden.com/assets/index-LUNgUZnA.js:16
[  369107ms] [WARNING] !【type = 6】 @ https://yurigarden.com/assets/index-LUNgUZnA.js:16
[  369616ms] [WARNING] !【type = 6】 @ https://yurigarden.com/assets/index-LUNgUZnA.js:16
[  370111ms] [WARNING] !【type = 6】 @ https://yurigarden.com/assets/index-LUNgUZnA.js:16
[  370614ms] [WARNING] !【type = 6】 @ https://yurigarden.com/assets/index-LUNgUZnA.js:16
[  371105ms] [WARNING] !【type = 6】 @ https://yurigarden.com/assets/index-LUNgUZnA.js:16
[  371608ms] [WARNING] !【type = 6】 @ https://yurigarden.com/assets/index-LUNgUZnA.js:16
[  372105ms] [WARNING] !【type = 6】 @ https://yurigarden.com/assets/index-LUNgUZnA.js:16
[  372611ms] [WARNING] !【type = 6】 @ https://yurigarden.com/assets/index-LUNgUZnA.js:16
[  373113ms] [WARNING] !【type = 6】 @ https://yurigarden.com/assets/index-LUNgUZnA.js:16
[  373611ms] [WARNING] !【type = 6】 @ https://yurigarden.com/assets/index-LUNgUZnA.js:16
[  374112ms] [WARNING] !【type = 6】 @ https://yurigarden.com/assets/index-LUNgUZnA.js:16
[  374621ms] [WARNING] !【type = 6】 @ https://yurigarden.com/assets/index-LUNgUZnA.js:16
[  375118ms] [WARNING] !【type = 6】 @ https://yurigarden.com/assets/index-LUNgUZnA.js:16
[  375614ms] [WARNING] !【type = 6】 @ https://yurigarden.com/assets/index-LUNgUZnA.js:16
[  376112ms] [WARNING] !【type = 6】 @ https://yurigarden.com/assets/index-LUNgUZnA.js:16
[  376615ms] [WARNING] !【type = 6】 @ https://yurigarden.com/assets/index-LUNgUZnA.js:16
[  377118ms] [WARNING] !【type = 6】 @ https://yurigarden.com/assets/index-LUNgUZnA.js:16
[  377612ms] [WARNING] !【type = 6】 @ https://yurigarden.com/assets/index-LUNgUZnA.js:16
[  378109ms] [WARNING] !【type = 6】 @ https://yurigarden.com/assets/index-LUNgUZnA.js:16
[  378611ms] [WARNING] !【type = 6】 @ https://yurigarden.com/assets/index-LUNgUZnA.js:16
[  379116ms] [WARNING] !【type = 6】 @ https://yurigarden.com/assets/index-LUNgUZnA.js:16
[  379613ms] [WARNING] !【type = 6】 @ https://yurigarden.com/assets/index-LUNgUZnA.js:16
[  380109ms] [WARNING] !【type = 6】 @ https://yurigarden.com/assets/index-LUNgUZnA.js:16
[  380620ms] [WARNING] !【type = 6】 @ https://yurigarden.com/assets/index-LUNgUZnA.js:16
[  381122ms] [WARNING] !【type = 6】 @ https://yurigarden.com/assets/index-LUNgUZnA.js:16
[  381623ms] [WARNING] !【type = 6】 @ https://yurigarden.com/assets/index-LUNgUZnA.js:16
[  382118ms] [WARNING] !【type = 6】 @ https://yurigarden.com/assets/index-LUNgUZnA.js:16
[  382611ms] [WARNING] !【type = 6】 @ https://yurigarden.com/assets/index-LUNgUZnA.js:16
[  383116ms] [WARNING] !【type = 6】 @ https://yurigarden.com/assets/index-LUNgUZnA.js:16
[  383612ms] [WARNING] !【type = 6】 @ https://yurigarden.com/assets/index-LUNgUZnA.js:16
[  384109ms] [WARNING] !【type = 6】 @ https://yurigarden.com/assets/index-LUNgUZnA.js:16
[  384609ms] [WARNING] !【type = 6】 @ https://yurigarden.com/assets/index-LUNgUZnA.js:16
[  385114ms] [WARNING] !【type = 6】 @ https://yurigarden.com/assets/index-LUNgUZnA.js:16
[  385595ms] [WARNING] !【type = 6】 @ https://yurigarden.com/assets/index-LUNgUZnA.js:16
[  386106ms] [WARNING] !【type = 6】 @ https://yurigarden.com/assets/index-LUNgUZnA.js:16
[  386612ms] [WARNING] !【type = 6】 @ https://yurigarden.com/assets/index-LUNgUZnA.js:16
[  387116ms] [WARNING] !【type = 6】 @ https://yurigarden.com/assets/index-LUNgUZnA.js:16
[  387609ms] [WARNING] !【type = 6】 @ https://yurigarden.com/assets/index-LUNgUZnA.js:16
[  388119ms] [WARNING] !【type = 6】 @ https://yurigarden.com/assets/index-LUNgUZnA.js:16
[  388623ms] [WARNING] !【type = 6】 @ https://yurigarden.com/assets/index-LUNgUZnA.js:16
[  389121ms] [WARNING] !【type = 6】 @ https://yurigarden.com/assets/index-LUNgUZnA.js:16
[  389615ms] [WARNING] !【type = 6】 @ https://yurigarden.com/assets/index-LUNgUZnA.js:16
[  390119ms] [WARNING] !【type = 6】 @ https://yurigarden.com/assets/index-LUNgUZnA.js:16
[  390665ms] [WARNING] !【type = 6】 @ https://yurigarden.com/assets/index-LUNgUZnA.js:16
[  391111ms] [WARNING] !【type = 6】 @ https://yurigarden.com/assets/index-LUNgUZnA.js:16
[  391615ms] [WARNING] !【type = 6】 @ https://yurigarden.com/assets/index-LUNgUZnA.js:16
[  392112ms] [WARNING] !【type = 6】 @ https://yurigarden.com/assets/index-LUNgUZnA.js:16
[  392616ms] [WARNING] !【type = 6】 @ https://yurigarden.com/assets/index-LUNgUZnA.js:16
[  393124ms] [WARNING] !【type = 6】 @ https://yurigarden.com/assets/index-LUNgUZnA.js:16
[  393618ms] [WARNING] !【type = 6】 @ https://yurigarden.com/assets/index-LUNgUZnA.js:16
[  394120ms] [WARNING] !【type = 6】 @ https://yurigarden.com/assets/index-LUNgUZnA.js:16
[  394627ms] [WARNING] !【type = 6】 @ https://yurigarden.com/assets/index-LUNgUZnA.js:16
[  395130ms] [WARNING] !【type = 6】 @ https://yurigarden.com/assets/index-LUNgUZnA.js:16
[  395649ms] [WARNING] !【type = 6】 @ https://yurigarden.com/assets/index-LUNgUZnA.js:16
[  396129ms] [WARNING] !【type = 6】 @ https://yurigarden.com/assets/index-LUNgUZnA.js:16
[  396623ms] [WARNING] !【type = 6】 @ https://yurigarden.com/assets/index-LUNgUZnA.js:16
[  397124ms] [WARNING] !【type = 6】 @ https://yurigarden.com/assets/index-LUNgUZnA.js:16
[  397622ms] [WARNING] !【type = 6】 @ https://yurigarden.com/assets/index-LUNgUZnA.js:16
[  398129ms] [WARNING] !【type = 6】 @ https://yurigarden.com/assets/index-LUNgUZnA.js:16
[  398630ms] [WARNING] !【type = 6】 @ https://yurigarden.com/assets/index-LUNgUZnA.js:16
[  399116ms] [WARNING] !【type = 6】 @ https://yurigarden.com/assets/index-LUNgUZnA.js:16
[  399617ms] [WARNING] !【type = 6】 @ https://yurigarden.com/assets/index-LUNgUZnA.js:16
[  400134ms] [WARNING] !【type = 6】 @ https://yurigarden.com/assets/index-LUNgUZnA.js:16
[  400637ms] [WARNING] !【type = 6】 @ https://yurigarden.com/assets/index-LUNgUZnA.js:16
[  401122ms] [WARNING] !【type = 6】 @ https://yurigarden.com/assets/index-LUNgUZnA.js:16
[  401623ms] [WARNING] !【type = 6】 @ https://yurigarden.com/assets/index-LUNgUZnA.js:16
[  402126ms] [WARNING] !【type = 6】 @ https://yurigarden.com/assets/index-LUNgUZnA.js:16
[  402638ms] [WARNING] !【type = 6】 @ https://yurigarden.com/assets/index-LUNgUZnA.js:16
[  403124ms] [WARNING] !【type = 6】 @ https://yurigarden.com/assets/index-LUNgUZnA.js:16
[  403628ms] [WARNING] !【type = 6】 @ https://yurigarden.com/assets/index-LUNgUZnA.js:16
[  404125ms] [WARNING] !【type = 6】 @ https://yurigarden.com/assets/index-LUNgUZnA.js:16
[  404629ms] [WARNING] !【type = 6】 @ https://yurigarden.com/assets/index-LUNgUZnA.js:16
[  405125ms] [WARNING] !【type = 6】 @ https://yurigarden.com/assets/index-LUNgUZnA.js:16
[  405636ms] [WARNING] !【type = 6】 @ https://yurigarden.com/assets/index-LUNgUZnA.js:16
[  406124ms] [WARNING] !【type = 6】 @ https://yurigarden.com/assets/index-LUNgUZnA.js:16
[  406623ms] [WARNING] !【type = 6】 @ https://yurigarden.com/assets/index-LUNgUZnA.js:16
[  407128ms] [WARNING] !【type = 6】 @ https://yurigarden.com/assets/index-LUNgUZnA.js:16
[  407622ms] [WARNING] !【type = 6】 @ https://yurigarden.com/assets/index-LUNgUZnA.js:16
[  408126ms] [WARNING] !【type = 6】 @ https://yurigarden.com/assets/index-LUNgUZnA.js:16
[  408627ms] [WARNING] !【type = 6】 @ https://yurigarden.com/assets/index-LUNgUZnA.js:16
[  409122ms] [WARNING] !【type = 6】 @ https://yurigarden.com/assets/index-LUNgUZnA.js:16
[  409626ms] [WARNING] !【type = 6】 @ https://yurigarden.com/assets/index-LUNgUZnA.js:16
[  410121ms] [WARNING] !【type = 6】 @ https://yurigarden.com/assets/index-LUNgUZnA.js:16
[  410613ms] [WARNING] !【type = 6】 @ https://yurigarden.com/assets/index-LUNgUZnA.js:16
[  411125ms] [WARNING] !【type = 6】 @ https://yurigarden.com/assets/index-LUNgUZnA.js:16
[  411619ms] [WARNING] !【type = 6】 @ https://yurigarden.com/assets/index-LUNgUZnA.js:16
[  412123ms] [WARNING] !【type = 6】 @ https://yurigarden.com/assets/index-LUNgUZnA.js:16
[  412620ms] [WARNING] !【type = 6】 @ https://yurigarden.com/assets/index-LUNgUZnA.js:16
[  413119ms] [WARNING] !【type = 6】 @ https://yurigarden.com/assets/index-LUNgUZnA.js:16
[  413620ms] [WARNING] !【type = 6】 @ https://yurigarden.com/assets/index-LUNgUZnA.js:16
[  414124ms] [WARNING] !【type = 6】 @ https://yurigarden.com/assets/index-LUNgUZnA.js:16
[  414614ms] [WARNING] !【type = 6】 @ https://yurigarden.com/assets/index-LUNgUZnA.js:16
[  415119ms] [WARNING] !【type = 6】 @ https://yurigarden.com/assets/index-LUNgUZnA.js:16
[  415617ms] [WARNING] !【type = 6】 @ https://yurigarden.com/assets/index-LUNgUZnA.js:16
[  416113ms] [WARNING] !【type = 6】 @ https://yurigarden.com/assets/index-LUNgUZnA.js:16
[  416624ms] [WARNING] !【type = 6】 @ https://yurigarden.com/assets/index-LUNgUZnA.js:16
[  417131ms] [WARNING] !【type = 6】 @ https://yurigarden.com/assets/index-LUNgUZnA.js:16
[  417629ms] [WARNING] !【type = 6】 @ https://yurigarden.com/assets/index-LUNgUZnA.js:16
[  418128ms] [WARNING] !【type = 6】 @ https://yurigarden.com/assets/index-LUNgUZnA.js:16
[  418629ms] [WARNING] !【type = 6】 @ https://yurigarden.com/assets/index-LUNgUZnA.js:16
[  419128ms] [WARNING] !【type = 6】 @ https://yurigarden.com/assets/index-LUNgUZnA.js:16
[  419628ms] [WARNING] !【type = 6】 @ https://yurigarden.com/assets/index-LUNgUZnA.js:16
[  420130ms] [WARNING] !【type = 6】 @ https://yurigarden.com/assets/index-LUNgUZnA.js:16
[  420620ms] [WARNING] !【type = 6】 @ https://yurigarden.com/assets/index-LUNgUZnA.js:16
[  421124ms] [WARNING] !【type = 6】 @ https://yurigarden.com/assets/index-LUNgUZnA.js:16
[  421633ms] [WARNING] !【type = 6】 @ https://yurigarden.com/assets/index-LUNgUZnA.js:16
[  422129ms] [WARNING] !【type = 6】 @ https://yurigarden.com/assets/index-LUNgUZnA.js:16
[  422622ms] [WARNING] !【type = 6】 @ https://yurigarden.com/assets/index-LUNgUZnA.js:16
[  423120ms] [WARNING] !【type = 6】 @ https://yurigarden.com/assets/index-LUNgUZnA.js:16
[  423625ms] [WARNING] !【type = 6】 @ https://yurigarden.com/assets/index-LUNgUZnA.js:16
[  424122ms] [WARNING] !【type = 6】 @ https://yurigarden.com/assets/index-LUNgUZnA.js:16
[  424620ms] [WARNING] !【type = 6】 @ https://yurigarden.com/assets/index-LUNgUZnA.js:16
[  425119ms] [WARNING] !【type = 6】 @ https://yurigarden.com/assets/index-LUNgUZnA.js:16
[  425617ms] [WARNING] !【type = 6】 @ https://yurigarden.com/assets/index-LUNgUZnA.js:16
[  426120ms] [WARNING] !【type = 6】 @ https://yurigarden.com/assets/index-LUNgUZnA.js:16
[  426615ms] [WARNING] !【type = 6】 @ https://yurigarden.com/assets/index-LUNgUZnA.js:16
[  427111ms] [WARNING] !【type = 6】 @ https://yurigarden.com/assets/index-LUNgUZnA.js:16
[  427617ms] [WARNING] !【type = 6】 @ https://yurigarden.com/assets/index-LUNgUZnA.js:16
[  428120ms] [WARNING] !【type = 6】 @ https://yurigarden.com/assets/index-LUNgUZnA.js:16
[  428622ms] [WARNING] !【type = 6】 @ https://yurigarden.com/assets/index-LUNgUZnA.js:16
[  429120ms] [WARNING] !【type = 6】 @ https://yurigarden.com/assets/index-LUNgUZnA.js:16
[  429620ms] [WARNING] !【type = 6】 @ https://yurigarden.com/assets/index-LUNgUZnA.js:16
[  430129ms] [WARNING] !【type = 6】 @ https://yurigarden.com/assets/index-LUNgUZnA.js:16
[  430633ms] [WARNING] !【type = 6】 @ https://yurigarden.com/assets/index-LUNgUZnA.js:16
[  431126ms] [WARNING] !【type = 6】 @ https://yurigarden.com/assets/index-LUNgUZnA.js:16
[  431630ms] [WARNING] !【type = 6】 @ https://yurigarden.com/assets/index-LUNgUZnA.js:16
[  432119ms] [WARNING] !【type = 6】 @ https://yurigarden.com/assets/index-LUNgUZnA.js:16
[  432619ms] [WARNING] !【type = 6】 @ https://yurigarden.com/assets/index-LUNgUZnA.js:16
[  433119ms] [WARNING] !【type = 6】 @ https://yurigarden.com/assets/index-LUNgUZnA.js:16
[  433620ms] [WARNING] !【type = 6】 @ https://yurigarden.com/assets/index-LUNgUZnA.js:16
[  434119ms] [WARNING] !【type = 6】 @ https://yurigarden.com/assets/index-LUNgUZnA.js:16
[  434621ms] [WARNING] !【type = 6】 @ https://yurigarden.com/assets/index-LUNgUZnA.js:16
[  435120ms] [WARNING] !【type = 6】 @ https://yurigarden.com/assets/index-LUNgUZnA.js:16
[  435631ms] [WARNING] !【type = 6】 @ https://yurigarden.com/assets/index-LUNgUZnA.js:16
[  436120ms] [WARNING] !【type = 6】 @ https://yurigarden.com/assets/index-LUNgUZnA.js:16
[  436647ms] [WARNING] !【type = 6】 @ https://yurigarden.com/assets/index-LUNgUZnA.js:16
[  437137ms] [WARNING] !【type = 6】 @ https://yurigarden.com/assets/index-LUNgUZnA.js:16
[  437638ms] [WARNING] !【type = 6】 @ https://yurigarden.com/assets/index-LUNgUZnA.js:16
[  438128ms] [WARNING] !【type = 6】 @ https://yurigarden.com/assets/index-LUNgUZnA.js:16
[  438612ms] [WARNING] !【type = 6】 @ https://yurigarden.com/assets/index-LUNgUZnA.js:16
[  439117ms] [WARNING] !【type = 6】 @ https://yurigarden.com/assets/index-LUNgUZnA.js:16
[  439623ms] [WARNING] !【type = 6】 @ https://yurigarden.com/assets/index-LUNgUZnA.js:16
[  440117ms] [WARNING] !【type = 6】 @ https://yurigarden.com/assets/index-LUNgUZnA.js:16
[  440609ms] [WARNING] !【type = 6】 @ https://yurigarden.com/assets/index-LUNgUZnA.js:16
[  441124ms] [WARNING] !【type = 6】 @ https://yurigarden.com/assets/index-LUNgUZnA.js:16
[  441629ms] [WARNING] !【type = 6】 @ https://yurigarden.com/assets/index-LUNgUZnA.js:16
[  442123ms] [WARNING] !【type = 6】 @ https://yurigarden.com/assets/index-LUNgUZnA.js:16
[  442644ms] [WARNING] !【type = 6】 @ https://yurigarden.com/assets/index-LUNgUZnA.js:16
[  443130ms] [WARNING] !【type = 6】 @ https://yurigarden.com/assets/index-LUNgUZnA.js:16
[  443620ms] [WARNING] !【type = 6】 @ https://yurigarden.com/assets/index-LUNgUZnA.js:16
[  444128ms] [WARNING] !【type = 6】 @ https://yurigarden.com/assets/index-LUNgUZnA.js:16
[  444624ms] [WARNING] !【type = 6】 @ https://yurigarden.com/assets/index-LUNgUZnA.js:16
[  445138ms] [WARNING] !【type = 6】 @ https://yurigarden.com/assets/index-LUNgUZnA.js:16
[  445619ms] [WARNING] !【type = 6】 @ https://yurigarden.com/assets/index-LUNgUZnA.js:16
[  446120ms] [WARNING] !【type = 6】 @ https://yurigarden.com/assets/index-LUNgUZnA.js:16
[  446621ms] [WARNING] !【type = 6】 @ https://yurigarden.com/assets/index-LUNgUZnA.js:16
[  447121ms] [WARNING] !【type = 6】 @ https://yurigarden.com/assets/index-LUNgUZnA.js:16
[  447616ms] [WARNING] !【type = 6】 @ https://yurigarden.com/assets/index-LUNgUZnA.js:16
[  448115ms] [WARNING] !【type = 6】 @ https://yurigarden.com/assets/index-LUNgUZnA.js:16
[  448622ms] [WARNING] !【type = 6】 @ https://yurigarden.com/assets/index-LUNgUZnA.js:16
[  449124ms] [WARNING] !【type = 6】 @ https://yurigarden.com/assets/index-LUNgUZnA.js:16
[  449627ms] [WARNING] !【type = 6】 @ https://yurigarden.com/assets/index-LUNgUZnA.js:16
[  450130ms] [WARNING] !【type = 6】 @ https://yurigarden.com/assets/index-LUNgUZnA.js:16
[  450627ms] [WARNING] !【type = 6】 @ https://yurigarden.com/assets/index-LUNgUZnA.js:16
[  451124ms] [WARNING] !【type = 6】 @ https://yurigarden.com/assets/index-LUNgUZnA.js:16
[  451620ms] [WARNING] !【type = 6】 @ https://yurigarden.com/assets/index-LUNgUZnA.js:16
[  452119ms] [WARNING] !【type = 6】 @ https://yurigarden.com/assets/index-LUNgUZnA.js:16
[  452616ms] [WARNING] !【type = 6】 @ https://yurigarden.com/assets/index-LUNgUZnA.js:16
[  453117ms] [WARNING] !【type = 6】 @ https://yurigarden.com/assets/index-LUNgUZnA.js:16
[  453615ms] [WARNING] !【type = 6】 @ https://yurigarden.com/assets/index-LUNgUZnA.js:16
[  454117ms] [WARNING] !【type = 6】 @ https://yurigarden.com/assets/index-LUNgUZnA.js:16
[  454613ms] [WARNING] !【type = 6】 @ https://yurigarden.com/assets/index-LUNgUZnA.js:16
[  455116ms] [WARNING] !【type = 6】 @ https://yurigarden.com/assets/index-LUNgUZnA.js:16
[  455610ms] [WARNING] !【type = 6】 @ https://yurigarden.com/assets/index-LUNgUZnA.js:16
[  456113ms] [WARNING] !【type = 6】 @ https://yurigarden.com/assets/index-LUNgUZnA.js:16
[  456618ms] [WARNING] !【type = 6】 @ https://yurigarden.com/assets/index-LUNgUZnA.js:16
[  457115ms] [WARNING] !【type = 6】 @ https://yurigarden.com/assets/index-LUNgUZnA.js:16
[  457619ms] [WARNING] !【type = 6】 @ https://yurigarden.com/assets/index-LUNgUZnA.js:16
[  458123ms] [WARNING] !【type = 6】 @ https://yurigarden.com/assets/index-LUNgUZnA.js:16
[  458632ms] [WARNING] !【type = 6】 @ https://yurigarden.com/assets/index-LUNgUZnA.js:16
[  459126ms] [WARNING] !【type = 6】 @ https://yurigarden.com/assets/index-LUNgUZnA.js:16
[  459619ms] [WARNING] !【type = 6】 @ https://yurigarden.com/assets/index-LUNgUZnA.js:16
[  460115ms] [WARNING] !【type = 6】 @ https://yurigarden.com/assets/index-LUNgUZnA.js:16
[  460613ms] [WARNING] !【type = 6】 @ https://yurigarden.com/assets/index-LUNgUZnA.js:16
[  461109ms] [WARNING] !【type = 6】 @ https://yurigarden.com/assets/index-LUNgUZnA.js:16
[  461608ms] [WARNING] !【type = 6】 @ https://yurigarden.com/assets/index-LUNgUZnA.js:16
[  462111ms] [WARNING] !【type = 6】 @ https://yurigarden.com/assets/index-LUNgUZnA.js:16
[  462606ms] [WARNING] !【type = 6】 @ https://yurigarden.com/assets/index-LUNgUZnA.js:16
[  463116ms] [WARNING] !【type = 6】 @ https://yurigarden.com/assets/index-LUNgUZnA.js:16
[  463611ms] [WARNING] !【type = 6】 @ https://yurigarden.com/assets/index-LUNgUZnA.js:16
[  464113ms] [WARNING] !【type = 6】 @ https://yurigarden.com/assets/index-LUNgUZnA.js:16
[  464609ms] [WARNING] !【type = 6】 @ https://yurigarden.com/assets/index-LUNgUZnA.js:16
[  465126ms] [WARNING] !【type = 6】 @ https://yurigarden.com/assets/index-LUNgUZnA.js:16
[  465609ms] [WARNING] !【type = 6】 @ https://yurigarden.com/assets/index-LUNgUZnA.js:16
[  466116ms] [WARNING] !【type = 6】 @ https://yurigarden.com/assets/index-LUNgUZnA.js:16
[  466611ms] [WARNING] !【type = 6】 @ https://yurigarden.com/assets/index-LUNgUZnA.js:16
[  467112ms] [WARNING] !【type = 6】 @ https://yurigarden.com/assets/index-LUNgUZnA.js:16
[  467608ms] [WARNING] !【type = 6】 @ https://yurigarden.com/assets/index-LUNgUZnA.js:16
[  468108ms] [WARNING] !【type = 6】 @ https://yurigarden.com/assets/index-LUNgUZnA.js:16
[  468616ms] [WARNING] !【type = 6】 @ https://yurigarden.com/assets/index-LUNgUZnA.js:16
[  469116ms] [WARNING] !【type = 6】 @ https://yurigarden.com/assets/index-LUNgUZnA.js:16
[  469613ms] [WARNING] !【type = 6】 @ https://yurigarden.com/assets/index-LUNgUZnA.js:16
[  470114ms] [WARNING] !【type = 6】 @ https://yurigarden.com/assets/index-LUNgUZnA.js:16
[  470617ms] [WARNING] !【type = 6】 @ https://yurigarden.com/assets/index-LUNgUZnA.js:16
[  471118ms] [WARNING] !【type = 6】 @ https://yurigarden.com/assets/index-LUNgUZnA.js:16
[  471616ms] [WARNING] !【type = 6】 @ https://yurigarden.com/assets/index-LUNgUZnA.js:16
[  472113ms] [WARNING] !【type = 6】 @ https://yurigarden.com/assets/index-LUNgUZnA.js:16
[  472610ms] [WARNING] !【type = 6】 @ https://yurigarden.com/assets/index-LUNgUZnA.js:16
[  473120ms] [WARNING] !【type = 6】 @ https://yurigarden.com/assets/index-LUNgUZnA.js:16
[  473612ms] [WARNING] !【type = 6】 @ https://yurigarden.com/assets/index-LUNgUZnA.js:16
[  474116ms] [WARNING] !【type = 6】 @ https://yurigarden.com/assets/index-LUNgUZnA.js:16
[  474609ms] [WARNING] !【type = 6】 @ https://yurigarden.com/assets/index-LUNgUZnA.js:16
[  475126ms] [WARNING] !【type = 6】 @ https://yurigarden.com/assets/index-LUNgUZnA.js:16
[  475619ms] [WARNING] !【type = 6】 @ https://yurigarden.com/assets/index-LUNgUZnA.js:16
[  476113ms] [WARNING] !【type = 6】 @ https://yurigarden.com/assets/index-LUNgUZnA.js:16
[  476612ms] [WARNING] !【type = 6】 @ https://yurigarden.com/assets/index-LUNgUZnA.js:16
[  477118ms] [WARNING] !【type = 6】 @ https://yurigarden.com/assets/index-LUNgUZnA.js:16
[  477627ms] [WARNING] !【type = 6】 @ https://yurigarden.com/assets/index-LUNgUZnA.js:16
[  478116ms] [WARNING] !【type = 6】 @ https://yurigarden.com/assets/index-LUNgUZnA.js:16
[  478616ms] [WARNING] !【type = 6】 @ https://yurigarden.com/assets/index-LUNgUZnA.js:16
[  479126ms] [WARNING] !【type = 6】 @ https://yurigarden.com/assets/index-LUNgUZnA.js:16
[  479623ms] [WARNING] !【type = 6】 @ https://yurigarden.com/assets/index-LUNgUZnA.js:16
[  480135ms] [WARNING] !【type = 6】 @ https://yurigarden.com/assets/index-LUNgUZnA.js:16
[  480618ms] [WARNING] !【type = 6】 @ https://yurigarden.com/assets/index-LUNgUZnA.js:16
[  481114ms] [WARNING] !【type = 6】 @ https://yurigarden.com/assets/index-LUNgUZnA.js:16
[  481613ms] [WARNING] !【type = 6】 @ https://yurigarden.com/assets/index-LUNgUZnA.js:16
[  482113ms] [WARNING] !【type = 6】 @ https://yurigarden.com/assets/index-LUNgUZnA.js:16
[  482623ms] [WARNING] !【type = 6】 @ https://yurigarden.com/assets/index-LUNgUZnA.js:16
[  483116ms] [WARNING] !【type = 6】 @ https://yurigarden.com/assets/index-LUNgUZnA.js:16
[  483619ms] [WARNING] !【type = 6】 @ https://yurigarden.com/assets/index-LUNgUZnA.js:16
[  484118ms] [WARNING] !【type = 6】 @ https://yurigarden.com/assets/index-LUNgUZnA.js:16
[  484616ms] [WARNING] !【type = 6】 @ https://yurigarden.com/assets/index-LUNgUZnA.js:16
[  485121ms] [WARNING] !【type = 6】 @ https://yurigarden.com/assets/index-LUNgUZnA.js:16
[  485621ms] [WARNING] !【type = 6】 @ https://yurigarden.com/assets/index-LUNgUZnA.js:16
[  486118ms] [WARNING] !【type = 6】 @ https://yurigarden.com/assets/index-LUNgUZnA.js:16
[  486621ms] [WARNING] !【type = 6】 @ https://yurigarden.com/assets/index-LUNgUZnA.js:16
[  487126ms] [WARNING] !【type = 6】 @ https://yurigarden.com/assets/index-LUNgUZnA.js:16
[  487614ms] [WARNING] !【type = 6】 @ https://yurigarden.com/assets/index-LUNgUZnA.js:16
[  488125ms] [WARNING] !【type = 6】 @ https://yurigarden.com/assets/index-LUNgUZnA.js:16
[  488622ms] [WARNING] !【type = 6】 @ https://yurigarden.com/assets/index-LUNgUZnA.js:16
[  489116ms] [WARNING] !【type = 6】 @ https://yurigarden.com/assets/index-LUNgUZnA.js:16
[  489614ms] [WARNING] !【type = 6】 @ https://yurigarden.com/assets/index-LUNgUZnA.js:16
[  490114ms] [WARNING] !【type = 6】 @ https://yurigarden.com/assets/index-LUNgUZnA.js:16
[  490633ms] [WARNING] !【type = 6】 @ https://yurigarden.com/assets/index-LUNgUZnA.js:16
[  491148ms] [WARNING] !【type = 6】 @ https://yurigarden.com/assets/index-LUNgUZnA.js:16
[  491628ms] [WARNING] !【type = 6】 @ https://yurigarden.com/assets/index-LUNgUZnA.js:16
[  492127ms] [WARNING] !【type = 6】 @ https://yurigarden.com/assets/index-LUNgUZnA.js:16
[  492628ms] [WARNING] !【type = 6】 @ https://yurigarden.com/assets/index-LUNgUZnA.js:16
[  493124ms] [WARNING] !【type = 6】 @ https://yurigarden.com/assets/index-LUNgUZnA.js:16
[  493618ms] [WARNING] !【type = 6】 @ https://yurigarden.com/assets/index-LUNgUZnA.js:16
[  494116ms] [WARNING] !【type = 6】 @ https://yurigarden.com/assets/index-LUNgUZnA.js:16
[  494618ms] [WARNING] !【type = 6】 @ https://yurigarden.com/assets/index-LUNgUZnA.js:16
[  495120ms] [WARNING] !【type = 6】 @ https://yurigarden.com/assets/index-LUNgUZnA.js:16
[  495618ms] [WARNING] !【type = 6】 @ https://yurigarden.com/assets/index-LUNgUZnA.js:16
[  496118ms] [WARNING] !【type = 6】 @ https://yurigarden.com/assets/index-LUNgUZnA.js:16
[  496611ms] [WARNING] !【type = 6】 @ https://yurigarden.com/assets/index-LUNgUZnA.js:16
[  497113ms] [WARNING] !【type = 6】 @ https://yurigarden.com/assets/index-LUNgUZnA.js:16
[  497620ms] [WARNING] !【type = 6】 @ https://yurigarden.com/assets/index-LUNgUZnA.js:16
[  498126ms] [WARNING] !【type = 6】 @ https://yurigarden.com/assets/index-LUNgUZnA.js:16
[  498617ms] [WARNING] !【type = 6】 @ https://yurigarden.com/assets/index-LUNgUZnA.js:16
[  499122ms] [WARNING] !【type = 6】 @ https://yurigarden.com/assets/index-LUNgUZnA.js:16
[  499614ms] [WARNING] !【type = 6】 @ https://yurigarden.com/assets/index-LUNgUZnA.js:16
[  500120ms] [WARNING] !【type = 6】 @ https://yurigarden.com/assets/index-LUNgUZnA.js:16
[  500616ms] [WARNING] !【type = 6】 @ https://yurigarden.com/assets/index-LUNgUZnA.js:16
[  501122ms] [WARNING] !【type = 6】 @ https://yurigarden.com/assets/index-LUNgUZnA.js:16
[  501628ms] [WARNING] !【type = 6】 @ https://yurigarden.com/assets/index-LUNgUZnA.js:16
[  502117ms] [WARNING] !【type = 6】 @ https://yurigarden.com/assets/index-LUNgUZnA.js:16
[  502614ms] [WARNING] !【type = 6】 @ https://yurigarden.com/assets/index-LUNgUZnA.js:16
[  503120ms] [WARNING] !【type = 6】 @ https://yurigarden.com/assets/index-LUNgUZnA.js:16
[  503614ms] [WARNING] !【type = 6】 @ https://yurigarden.com/assets/index-LUNgUZnA.js:16
[  504110ms] [WARNING] !【type = 6】 @ https://yurigarden.com/assets/index-LUNgUZnA.js:16
[  504618ms] [WARNING] !【type = 6】 @ https://yurigarden.com/assets/index-LUNgUZnA.js:16
[  505114ms] [WARNING] !【type = 6】 @ https://yurigarden.com/assets/index-LUNgUZnA.js:16
[  505615ms] [WARNING] !【type = 6】 @ https://yurigarden.com/assets/index-LUNgUZnA.js:16
[  506115ms] [WARNING] !【type = 6】 @ https://yurigarden.com/assets/index-LUNgUZnA.js:16
[  506614ms] [WARNING] !【type = 6】 @ https://yurigarden.com/assets/index-LUNgUZnA.js:16
[  507116ms] [WARNING] !【type = 6】 @ https://yurigarden.com/assets/index-LUNgUZnA.js:16
[  507615ms] [WARNING] !【type = 6】 @ https://yurigarden.com/assets/index-LUNgUZnA.js:16
[  508122ms] [WARNING] !【type = 6】 @ https://yurigarden.com/assets/index-LUNgUZnA.js:16
[  508616ms] [WARNING] !【type = 6】 @ https://yurigarden.com/assets/index-LUNgUZnA.js:16
[  509121ms] [WARNING] !【type = 6】 @ https://yurigarden.com/assets/index-LUNgUZnA.js:16
[  509617ms] [WARNING] !【type = 6】 @ https://yurigarden.com/assets/index-LUNgUZnA.js:16
[  510123ms] [WARNING] !【type = 6】 @ https://yurigarden.com/assets/index-LUNgUZnA.js:16
[  510615ms] [WARNING] !【type = 6】 @ https://yurigarden.com/assets/index-LUNgUZnA.js:16
[  511113ms] [WARNING] !【type = 6】 @ https://yurigarden.com/assets/index-LUNgUZnA.js:16
[  511612ms] [WARNING] !【type = 6】 @ https://yurigarden.com/assets/index-LUNgUZnA.js:16
[  512119ms] [WARNING] !【type = 6】 @ https://yurigarden.com/assets/index-LUNgUZnA.js:16
[  512617ms] [WARNING] !【type = 6】 @ https://yurigarden.com/assets/index-LUNgUZnA.js:16
[  513116ms] [WARNING] !【type = 6】 @ https://yurigarden.com/assets/index-LUNgUZnA.js:16
[  513625ms] [WARNING] !【type = 6】 @ https://yurigarden.com/assets/index-LUNgUZnA.js:16
[  514122ms] [WARNING] !【type = 6】 @ https://yurigarden.com/assets/index-LUNgUZnA.js:16
[  514626ms] [WARNING] !【type = 6】 @ https://yurigarden.com/assets/index-LUNgUZnA.js:16
[  515121ms] [WARNING] !【type = 6】 @ https://yurigarden.com/assets/index-LUNgUZnA.js:16
[  515635ms] [WARNING] !【type = 6】 @ https://yurigarden.com/assets/index-LUNgUZnA.js:16
[  516129ms] [WARNING] !【type = 6】 @ https://yurigarden.com/assets/index-LUNgUZnA.js:16
[  516622ms] [WARNING] !【type = 6】 @ https://yurigarden.com/assets/index-LUNgUZnA.js:16
[  517119ms] [WARNING] !【type = 6】 @ https://yurigarden.com/assets/index-LUNgUZnA.js:16
[  517628ms] [WARNING] !【type = 6】 @ https://yurigarden.com/assets/index-LUNgUZnA.js:16
[  518129ms] [WARNING] !【type = 6】 @ https://yurigarden.com/assets/index-LUNgUZnA.js:16
[  518649ms] [WARNING] !【type = 6】 @ https://yurigarden.com/assets/index-LUNgUZnA.js:16
[  519130ms] [WARNING] !【type = 6】 @ https://yurigarden.com/assets/index-LUNgUZnA.js:16
[  519625ms] [WARNING] !【type = 6】 @ https://yurigarden.com/assets/index-LUNgUZnA.js:16
[  520142ms] [WARNING] !【type = 6】 @ https://yurigarden.com/assets/index-LUNgUZnA.js:16
[  520632ms] [WARNING] !【type = 6】 @ https://yurigarden.com/assets/index-LUNgUZnA.js:16
[  521176ms] [WARNING] !【type = 6】 @ https://yurigarden.com/assets/index-LUNgUZnA.js:16
[  521665ms] [WARNING] !【type = 6】 @ https://yurigarden.com/assets/index-LUNgUZnA.js:16
[  522139ms] [WARNING] !【type = 6】 @ https://yurigarden.com/assets/index-LUNgUZnA.js:16
[  522634ms] [WARNING] !【type = 6】 @ https://yurigarden.com/assets/index-LUNgUZnA.js:16
[  523132ms] [WARNING] !【type = 6】 @ https://yurigarden.com/assets/index-LUNgUZnA.js:16
[  523623ms] [WARNING] !【type = 6】 @ https://yurigarden.com/assets/index-LUNgUZnA.js:16
[  524122ms] [WARNING] !【type = 6】 @ https://yurigarden.com/assets/index-LUNgUZnA.js:16
[  524618ms] [WARNING] !【type = 6】 @ https://yurigarden.com/assets/index-LUNgUZnA.js:16
[  525128ms] [WARNING] !【type = 6】 @ https://yurigarden.com/assets/index-LUNgUZnA.js:16
[  525618ms] [WARNING] !【type = 6】 @ https://yurigarden.com/assets/index-LUNgUZnA.js:16
[  526126ms] [WARNING] !【type = 6】 @ https://yurigarden.com/assets/index-LUNgUZnA.js:16
[  526626ms] [WARNING] !【type = 6】 @ https://yurigarden.com/assets/index-LUNgUZnA.js:16
[  527118ms] [WARNING] !【type = 6】 @ https://yurigarden.com/assets/index-LUNgUZnA.js:16
[  527627ms] [WARNING] !【type = 6】 @ https://yurigarden.com/assets/index-LUNgUZnA.js:16
[  528126ms] [WARNING] !【type = 6】 @ https://yurigarden.com/assets/index-LUNgUZnA.js:16
[  528624ms] [WARNING] !【type = 6】 @ https://yurigarden.com/assets/index-LUNgUZnA.js:16
[  529129ms] [WARNING] !【type = 6】 @ https://yurigarden.com/assets/index-LUNgUZnA.js:16
[  529616ms] [WARNING] !【type = 6】 @ https://yurigarden.com/assets/index-LUNgUZnA.js:16
[  530113ms] [WARNING] !【type = 6】 @ https://yurigarden.com/assets/index-LUNgUZnA.js:16
[  530611ms] [WARNING] !【type = 6】 @ https://yurigarden.com/assets/index-LUNgUZnA.js:16
[  531133ms] [WARNING] !【type = 6】 @ https://yurigarden.com/assets/index-LUNgUZnA.js:16
[  531625ms] [WARNING] !【type = 6】 @ https://yurigarden.com/assets/index-LUNgUZnA.js:16
[  532126ms] [WARNING] !【type = 6】 @ https://yurigarden.com/assets/index-LUNgUZnA.js:16
[  532649ms] [WARNING] !【type = 6】 @ https://yurigarden.com/assets/index-LUNgUZnA.js:16
[  533125ms] [WARNING] !【type = 6】 @ https://yurigarden.com/assets/index-LUNgUZnA.js:16
[  533641ms] [WARNING] !【type = 6】 @ https://yurigarden.com/assets/index-LUNgUZnA.js:16
[  534135ms] [WARNING] !【type = 6】 @ https://yurigarden.com/assets/index-LUNgUZnA.js:16
[  534631ms] [WARNING] !【type = 6】 @ https://yurigarden.com/assets/index-LUNgUZnA.js:16
[  535126ms] [WARNING] !【type = 6】 @ https://yurigarden.com/assets/index-LUNgUZnA.js:16
[  535625ms] [WARNING] !【type = 6】 @ https://yurigarden.com/assets/index-LUNgUZnA.js:16
[  536120ms] [WARNING] !【type = 6】 @ https://yurigarden.com/assets/index-LUNgUZnA.js:16
[  536626ms] [WARNING] !【type = 6】 @ https://yurigarden.com/assets/index-LUNgUZnA.js:16
[  537116ms] [WARNING] !【type = 6】 @ https://yurigarden.com/assets/index-LUNgUZnA.js:16
[  537620ms] [WARNING] !【type = 6】 @ https://yurigarden.com/assets/index-LUNgUZnA.js:16
[  538121ms] [WARNING] !【type = 6】 @ https://yurigarden.com/assets/index-LUNgUZnA.js:16
[  538615ms] [WARNING] !【type = 6】 @ https://yurigarden.com/assets/index-LUNgUZnA.js:16
[  539132ms] [WARNING] !【type = 6】 @ https://yurigarden.com/assets/index-LUNgUZnA.js:16
[  539610ms] [WARNING] !【type = 6】 @ https://yurigarden.com/assets/index-LUNgUZnA.js:16
[  540115ms] [WARNING] !【type = 6】 @ https://yurigarden.com/assets/index-LUNgUZnA.js:16
[  540616ms] [WARNING] !【type = 6】 @ https://yurigarden.com/assets/index-LUNgUZnA.js:16
[  541111ms] [WARNING] !【type = 6】 @ https://yurigarden.com/assets/index-LUNgUZnA.js:16
[  541625ms] [WARNING] !【type = 6】 @ https://yurigarden.com/assets/index-LUNgUZnA.js:16
[  542140ms] [WARNING] !【type = 6】 @ https://yurigarden.com/assets/index-LUNgUZnA.js:16
[  542639ms] [WARNING] !【type = 6】 @ https://yurigarden.com/assets/index-LUNgUZnA.js:16
[  543142ms] [WARNING] !【type = 6】 @ https://yurigarden.com/assets/index-LUNgUZnA.js:16
[  543670ms] [WARNING] !【type = 6】 @ https://yurigarden.com/assets/index-LUNgUZnA.js:16
[  544119ms] [WARNING] !【type = 6】 @ https://yurigarden.com/assets/index-LUNgUZnA.js:16
[  544615ms] [WARNING] !【type = 6】 @ https://yurigarden.com/assets/index-LUNgUZnA.js:16
[  545117ms] [WARNING] !【type = 6】 @ https://yurigarden.com/assets/index-LUNgUZnA.js:16
[  545615ms] [WARNING] !【type = 6】 @ https://yurigarden.com/assets/index-LUNgUZnA.js:16
[  546119ms] [WARNING] !【type = 6】 @ https://yurigarden.com/assets/index-LUNgUZnA.js:16
[  546611ms] [WARNING] !【type = 6】 @ https://yurigarden.com/assets/index-LUNgUZnA.js:16
[  547120ms] [WARNING] !【type = 6】 @ https://yurigarden.com/assets/index-LUNgUZnA.js:16
[  547616ms] [WARNING] !【type = 6】 @ https://yurigarden.com/assets/index-LUNgUZnA.js:16
[  548118ms] [WARNING] !【type = 6】 @ https://yurigarden.com/assets/index-LUNgUZnA.js:16
[  548615ms] [WARNING] !【type = 6】 @ https://yurigarden.com/assets/index-LUNgUZnA.js:16
[  549116ms] [WARNING] !【type = 6】 @ https://yurigarden.com/assets/index-LUNgUZnA.js:16
[  549639ms] [WARNING] !【type = 6】 @ https://yurigarden.com/assets/index-LUNgUZnA.js:16
[  550118ms] [WARNING] !【type = 6】 @ https://yurigarden.com/assets/index-LUNgUZnA.js:16
[  550617ms] [WARNING] !【type = 6】 @ https://yurigarden.com/assets/index-LUNgUZnA.js:16
[  551115ms] [WARNING] !【type = 6】 @ https://yurigarden.com/assets/index-LUNgUZnA.js:16
[  551615ms] [WARNING] !【type = 6】 @ https://yurigarden.com/assets/index-LUNgUZnA.js:16
[  552116ms] [WARNING] !【type = 6】 @ https://yurigarden.com/assets/index-LUNgUZnA.js:16
[  552611ms] [WARNING] !【type = 6】 @ https://yurigarden.com/assets/index-LUNgUZnA.js:16
[  553112ms] [WARNING] !【type = 6】 @ https://yurigarden.com/assets/index-LUNgUZnA.js:16
[  553614ms] [WARNING] !【type = 6】 @ https://yurigarden.com/assets/index-LUNgUZnA.js:16
[  554121ms] [WARNING] !【type = 6】 @ https://yurigarden.com/assets/index-LUNgUZnA.js:16
[  554613ms] [WARNING] !【type = 6】 @ https://yurigarden.com/assets/index-LUNgUZnA.js:16
[  555113ms] [WARNING] !【type = 6】 @ https://yurigarden.com/assets/index-LUNgUZnA.js:16
[  555613ms] [WARNING] !【type = 6】 @ https://yurigarden.com/assets/index-LUNgUZnA.js:16
[  556117ms] [WARNING] !【type = 6】 @ https://yurigarden.com/assets/index-LUNgUZnA.js:16
[  556623ms] [WARNING] !【type = 6】 @ https://yurigarden.com/assets/index-LUNgUZnA.js:16
[  557122ms] [WARNING] !【type = 6】 @ https://yurigarden.com/assets/index-LUNgUZnA.js:16
[  557613ms] [WARNING] !【type = 6】 @ https://yurigarden.com/assets/index-LUNgUZnA.js:16
[  558107ms] [WARNING] !【type = 6】 @ https://yurigarden.com/assets/index-LUNgUZnA.js:16
[  558618ms] [WARNING] !【type = 6】 @ https://yurigarden.com/assets/index-LUNgUZnA.js:16
[  559114ms] [WARNING] !【type = 6】 @ https://yurigarden.com/assets/index-LUNgUZnA.js:16
[  559610ms] [WARNING] !【type = 6】 @ https://yurigarden.com/assets/index-LUNgUZnA.js:16
[  560112ms] [WARNING] !【type = 6】 @ https://yurigarden.com/assets/index-LUNgUZnA.js:16
[  560602ms] [WARNING] !【type = 6】 @ https://yurigarden.com/assets/index-LUNgUZnA.js:16
[  561108ms] [WARNING] !【type = 6】 @ https://yurigarden.com/assets/index-LUNgUZnA.js:16
[  561618ms] [WARNING] !【type = 6】 @ https://yurigarden.com/assets/index-LUNgUZnA.js:16
[  562148ms] [WARNING] !【type = 6】 @ https://yurigarden.com/assets/index-LUNgUZnA.js:16
[  562617ms] [WARNING] !【type = 6】 @ https://yurigarden.com/assets/index-LUNgUZnA.js:16
[  563129ms] [WARNING] !【type = 6】 @ https://yurigarden.com/assets/index-LUNgUZnA.js:16
[  563611ms] [WARNING] !【type = 6】 @ https://yurigarden.com/assets/index-LUNgUZnA.js:16
[  564108ms] [WARNING] !【type = 6】 @ https://yurigarden.com/assets/index-LUNgUZnA.js:16
[  564616ms] [WARNING] !【type = 6】 @ https://yurigarden.com/assets/index-LUNgUZnA.js:16
[  565111ms] [WARNING] !【type = 6】 @ https://yurigarden.com/assets/index-LUNgUZnA.js:16
[  565611ms] [WARNING] !【type = 6】 @ https://yurigarden.com/assets/index-LUNgUZnA.js:16
[  566109ms] [WARNING] !【type = 6】 @ https://yurigarden.com/assets/index-LUNgUZnA.js:16
[  566610ms] [WARNING] !【type = 6】 @ https://yurigarden.com/assets/index-LUNgUZnA.js:16
[  567110ms] [WARNING] !【type = 6】 @ https://yurigarden.com/assets/index-LUNgUZnA.js:16
[  567603ms] [WARNING] !【type = 6】 @ https://yurigarden.com/assets/index-LUNgUZnA.js:16
[  568113ms] [WARNING] !【type = 6】 @ https://yurigarden.com/assets/index-LUNgUZnA.js:16
[  568615ms] [WARNING] !【type = 6】 @ https://yurigarden.com/assets/index-LUNgUZnA.js:16
[  569107ms] [WARNING] !【type = 6】 @ https://yurigarden.com/assets/index-LUNgUZnA.js:16
[  569607ms] [WARNING] !【type = 6】 @ https://yurigarden.com/assets/index-LUNgUZnA.js:16
[  570112ms] [WARNING] !【type = 6】 @ https://yurigarden.com/assets/index-LUNgUZnA.js:16
[  570605ms] [WARNING] !【type = 6】 @ https://yurigarden.com/assets/index-LUNgUZnA.js:16
[  571113ms] [WARNING] !【type = 6】 @ https://yurigarden.com/assets/index-LUNgUZnA.js:16
[  571608ms] [WARNING] !【type = 6】 @ https://yurigarden.com/assets/index-LUNgUZnA.js:16
[  572108ms] [WARNING] !【type = 6】 @ https://yurigarden.com/assets/index-LUNgUZnA.js:16
[  572607ms] [WARNING] !【type = 6】 @ https://yurigarden.com/assets/index-LUNgUZnA.js:16
[  573110ms] [WARNING] !【type = 6】 @ https://yurigarden.com/assets/index-LUNgUZnA.js:16
[  573616ms] [WARNING] !【type = 6】 @ https://yurigarden.com/assets/index-LUNgUZnA.js:16
[  574106ms] [WARNING] !【type = 6】 @ https://yurigarden.com/assets/index-LUNgUZnA.js:16
[  574608ms] [WARNING] !【type = 6】 @ https://yurigarden.com/assets/index-LUNgUZnA.js:16
[  575119ms] [WARNING] !【type = 6】 @ https://yurigarden.com/assets/index-LUNgUZnA.js:16
[  575607ms] [WARNING] !【type = 6】 @ https://yurigarden.com/assets/index-LUNgUZnA.js:16
[  576108ms] [WARNING] !【type = 6】 @ https://yurigarden.com/assets/index-LUNgUZnA.js:16
[  576614ms] [WARNING] !【type = 6】 @ https://yurigarden.com/assets/index-LUNgUZnA.js:16
[  577128ms] [WARNING] !【type = 6】 @ https://yurigarden.com/assets/index-LUNgUZnA.js:16
[  577611ms] [WARNING] !【type = 6】 @ https://yurigarden.com/assets/index-LUNgUZnA.js:16
[  578111ms] [WARNING] !【type = 6】 @ https://yurigarden.com/assets/index-LUNgUZnA.js:16
[  578610ms] [WARNING] !【type = 6】 @ https://yurigarden.com/assets/index-LUNgUZnA.js:16
[  579104ms] [WARNING] !【type = 6】 @ https://yurigarden.com/assets/index-LUNgUZnA.js:16
[  579601ms] [WARNING] !【type = 6】 @ https://yurigarden.com/assets/index-LUNgUZnA.js:16
[  580104ms] [WARNING] !【type = 6】 @ https://yurigarden.com/assets/index-LUNgUZnA.js:16
[  580603ms] [WARNING] !【type = 6】 @ https://yurigarden.com/assets/index-LUNgUZnA.js:16
[  581113ms] [WARNING] !【type = 6】 @ https://yurigarden.com/assets/index-LUNgUZnA.js:16
[  581604ms] [WARNING] !【type = 6】 @ https://yurigarden.com/assets/index-LUNgUZnA.js:16
[  582109ms] [WARNING] !【type = 6】 @ https://yurigarden.com/assets/index-LUNgUZnA.js:16
[  582615ms] [WARNING] !【type = 6】 @ https://yurigarden.com/assets/index-LUNgUZnA.js:16
[  583124ms] [WARNING] !【type = 6】 @ https://yurigarden.com/assets/index-LUNgUZnA.js:16
[  583624ms] [WARNING] !【type = 6】 @ https://yurigarden.com/assets/index-LUNgUZnA.js:16
[  584121ms] [WARNING] !【type = 6】 @ https://yurigarden.com/assets/index-LUNgUZnA.js:16
[  584617ms] [WARNING] !【type = 6】 @ https://yurigarden.com/assets/index-LUNgUZnA.js:16
[  585120ms] [WARNING] !【type = 6】 @ https://yurigarden.com/assets/index-LUNgUZnA.js:16
[  585619ms] [WARNING] !【type = 6】 @ https://yurigarden.com/assets/index-LUNgUZnA.js:16
[  586117ms] [WARNING] !【type = 6】 @ https://yurigarden.com/assets/index-LUNgUZnA.js:16
[  586619ms] [WARNING] !【type = 6】 @ https://yurigarden.com/assets/index-LUNgUZnA.js:16
[  587126ms] [WARNING] !【type = 6】 @ https://yurigarden.com/assets/index-LUNgUZnA.js:16
[  587619ms] [WARNING] !【type = 6】 @ https://yurigarden.com/assets/index-LUNgUZnA.js:16
[  588121ms] [WARNING] !【type = 6】 @ https://yurigarden.com/assets/index-LUNgUZnA.js:16
[  588629ms] [WARNING] !【type = 6】 @ https://yurigarden.com/assets/index-LUNgUZnA.js:16
[  589124ms] [WARNING] !【type = 6】 @ https://yurigarden.com/assets/index-LUNgUZnA.js:16
[  589638ms] [WARNING] !【type = 6】 @ https://yurigarden.com/assets/index-LUNgUZnA.js:16
[  590131ms] [WARNING] !【type = 6】 @ https://yurigarden.com/assets/index-LUNgUZnA.js:16
[  590624ms] [WARNING] !【type = 6】 @ https://yurigarden.com/assets/index-LUNgUZnA.js:16
[  591120ms] [WARNING] !【type = 6】 @ https://yurigarden.com/assets/index-LUNgUZnA.js:16
[  591614ms] [WARNING] !【type = 6】 @ https://yurigarden.com/assets/index-LUNgUZnA.js:16
[  592119ms] [WARNING] !【type = 6】 @ https://yurigarden.com/assets/index-LUNgUZnA.js:16
[  592618ms] [WARNING] !【type = 6】 @ https://yurigarden.com/assets/index-LUNgUZnA.js:16
[  593123ms] [WARNING] !【type = 6】 @ https://yurigarden.com/assets/index-LUNgUZnA.js:16
[  593623ms] [WARNING] !【type = 6】 @ https://yurigarden.com/assets/index-LUNgUZnA.js:16
[  594112ms] [WARNING] !【type = 6】 @ https://yurigarden.com/assets/index-LUNgUZnA.js:16
[  594612ms] [WARNING] !【type = 6】 @ https://yurigarden.com/assets/index-LUNgUZnA.js:16
[  595113ms] [WARNING] !【type = 6】 @ https://yurigarden.com/assets/index-LUNgUZnA.js:16
[  595610ms] [WARNING] !【type = 6】 @ https://yurigarden.com/assets/index-LUNgUZnA.js:16
[  596117ms] [WARNING] !【type = 6】 @ https://yurigarden.com/assets/index-LUNgUZnA.js:16
[  596615ms] [WARNING] !【type = 6】 @ https://yurigarden.com/assets/index-LUNgUZnA.js:16
[  597114ms] [WARNING] !【type = 6】 @ https://yurigarden.com/assets/index-LUNgUZnA.js:16
[  597610ms] [WARNING] !【type = 6】 @ https://yurigarden.com/assets/index-LUNgUZnA.js:16
[  598120ms] [WARNING] !【type = 6】 @ https://yurigarden.com/assets/index-LUNgUZnA.js:16
[  598624ms] [WARNING] !【type = 6】 @ https://yurigarden.com/assets/index-LUNgUZnA.js:16
[  599124ms] [WARNING] !【type = 6】 @ https://yurigarden.com/assets/index-LUNgUZnA.js:16
[  599615ms] [WARNING] !【type = 6】 @ https://yurigarden.com/assets/index-LUNgUZnA.js:16
[  600111ms] [WARNING] !【type = 6】 @ https://yurigarden.com/assets/index-LUNgUZnA.js:16
[  600610ms] [WARNING] !【type = 6】 @ https://yurigarden.com/assets/index-LUNgUZnA.js:16
[  601118ms] [WARNING] !【type = 6】 @ https://yurigarden.com/assets/index-LUNgUZnA.js:16
[  601606ms] [WARNING] !【type = 6】 @ https://yurigarden.com/assets/index-LUNgUZnA.js:16
[  602111ms] [WARNING] !【type = 6】 @ https://yurigarden.com/assets/index-LUNgUZnA.js:16
[  602612ms] [WARNING] !【type = 6】 @ https://yurigarden.com/assets/index-LUNgUZnA.js:16
[  603114ms] [WARNING] !【type = 6】 @ https://yurigarden.com/assets/index-LUNgUZnA.js:16
[  603618ms] [WARNING] !【type = 6】 @ https://yurigarden.com/assets/index-LUNgUZnA.js:16
[  604110ms] [WARNING] !【type = 6】 @ https://yurigarden.com/assets/index-LUNgUZnA.js:16
[  604607ms] [WARNING] !【type = 6】 @ https://yurigarden.com/assets/index-LUNgUZnA.js:16
[  605114ms] [WARNING] !【type = 6】 @ https://yurigarden.com/assets/index-LUNgUZnA.js:16
[  605615ms] [WARNING] !【type = 6】 @ https://yurigarden.com/assets/index-LUNgUZnA.js:16
[  606112ms] [WARNING] !【type = 6】 @ https://yurigarden.com/assets/index-LUNgUZnA.js:16
[  606613ms] [WARNING] !【type = 6】 @ https://yurigarden.com/assets/index-LUNgUZnA.js:16
[  607108ms] [WARNING] !【type = 6】 @ https://yurigarden.com/assets/index-LUNgUZnA.js:16
[  607604ms] [WARNING] !【type = 6】 @ https://yurigarden.com/assets/index-LUNgUZnA.js:16
[  608113ms] [WARNING] !【type = 6】 @ https://yurigarden.com/assets/index-LUNgUZnA.js:16
[  608609ms] [WARNING] !【type = 6】 @ https://yurigarden.com/assets/index-LUNgUZnA.js:16
[  609110ms] [WARNING] !【type = 6】 @ https://yurigarden.com/assets/index-LUNgUZnA.js:16
[  609606ms] [WARNING] !【type = 6】 @ https://yurigarden.com/assets/index-LUNgUZnA.js:16
[  610113ms] [WARNING] !【type = 6】 @ https://yurigarden.com/assets/index-LUNgUZnA.js:16
[  610610ms] [WARNING] !【type = 6】 @ https://yurigarden.com/assets/index-LUNgUZnA.js:16
[  611110ms] [WARNING] !【type = 6】 @ https://yurigarden.com/assets/index-LUNgUZnA.js:16
[  611610ms] [WARNING] !【type = 6】 @ https://yurigarden.com/assets/index-LUNgUZnA.js:16
[  612115ms] [WARNING] !【type = 6】 @ https://yurigarden.com/assets/index-LUNgUZnA.js:16
[  612615ms] [WARNING] !【type = 6】 @ https://yurigarden.com/assets/index-LUNgUZnA.js:16
[  613115ms] [WARNING] !【type = 6】 @ https://yurigarden.com/assets/index-LUNgUZnA.js:16
[  613616ms] [WARNING] !【type = 6】 @ https://yurigarden.com/assets/index-LUNgUZnA.js:16
[  614117ms] [WARNING] !【type = 6】 @ https://yurigarden.com/assets/index-LUNgUZnA.js:16
[  614607ms] [WARNING] !【type = 6】 @ https://yurigarden.com/assets/index-LUNgUZnA.js:16
[  615114ms] [WARNING] !【type = 6】 @ https://yurigarden.com/assets/index-LUNgUZnA.js:16
[  615605ms] [WARNING] !【type = 6】 @ https://yurigarden.com/assets/index-LUNgUZnA.js:16
[  616112ms] [WARNING] !【type = 6】 @ https://yurigarden.com/assets/index-LUNgUZnA.js:16
[  616611ms] [WARNING] !【type = 6】 @ https://yurigarden.com/assets/index-LUNgUZnA.js:16
[  617116ms] [WARNING] !【type = 6】 @ https://yurigarden.com/assets/index-LUNgUZnA.js:16
[  617614ms] [WARNING] !【type = 6】 @ https://yurigarden.com/assets/index-LUNgUZnA.js:16
[  618112ms] [WARNING] !【type = 6】 @ https://yurigarden.com/assets/index-LUNgUZnA.js:16
[  618612ms] [WARNING] !【type = 6】 @ https://yurigarden.com/assets/index-LUNgUZnA.js:16
[  619115ms] [WARNING] !【type = 6】 @ https://yurigarden.com/assets/index-LUNgUZnA.js:16
[  619615ms] [WARNING] !【type = 6】 @ https://yurigarden.com/assets/index-LUNgUZnA.js:16
[  620114ms] [WARNING] !【type = 6】 @ https://yurigarden.com/assets/index-LUNgUZnA.js:16
[  620605ms] [WARNING] !【type = 6】 @ https://yurigarden.com/assets/index-LUNgUZnA.js:16
[  621119ms] [WARNING] !【type = 6】 @ https://yurigarden.com/assets/index-LUNgUZnA.js:16
[  621614ms] [WARNING] !【type = 6】 @ https://yurigarden.com/assets/index-LUNgUZnA.js:16
[  622112ms] [WARNING] !【type = 6】 @ https://yurigarden.com/assets/index-LUNgUZnA.js:16
[  622617ms] [WARNING] !【type = 6】 @ https://yurigarden.com/assets/index-LUNgUZnA.js:16
[  623112ms] [WARNING] !【type = 6】 @ https://yurigarden.com/assets/index-LUNgUZnA.js:16
[  623606ms] [WARNING] !【type = 6】 @ https://yurigarden.com/assets/index-LUNgUZnA.js:16
[  624110ms] [WARNING] !【type = 6】 @ https://yurigarden.com/assets/index-LUNgUZnA.js:16
[  624613ms] [WARNING] !【type = 6】 @ https://yurigarden.com/assets/index-LUNgUZnA.js:16
[  625113ms] [WARNING] !【type = 6】 @ https://yurigarden.com/assets/index-LUNgUZnA.js:16
[  625609ms] [WARNING] !【type = 6】 @ https://yurigarden.com/assets/index-LUNgUZnA.js:16
[  626115ms] [WARNING] !【type = 6】 @ https://yurigarden.com/assets/index-LUNgUZnA.js:16
[  626610ms] [WARNING] !【type = 6】 @ https://yurigarden.com/assets/index-LUNgUZnA.js:16
[  627111ms] [WARNING] !【type = 6】 @ https://yurigarden.com/assets/index-LUNgUZnA.js:16
[  627608ms] [WARNING] !【type = 6】 @ https://yurigarden.com/assets/index-LUNgUZnA.js:16
[  628110ms] [WARNING] !【type = 6】 @ https://yurigarden.com/assets/index-LUNgUZnA.js:16
[  628612ms] [WARNING] !【type = 6】 @ https://yurigarden.com/assets/index-LUNgUZnA.js:16
[  629107ms] [WARNING] !【type = 6】 @ https://yurigarden.com/assets/index-LUNgUZnA.js:16
[  629605ms] [WARNING] !【type = 6】 @ https://yurigarden.com/assets/index-LUNgUZnA.js:16
[  630110ms] [WARNING] !【type = 6】 @ https://yurigarden.com/assets/index-LUNgUZnA.js:16
[  630598ms] [WARNING] !【type = 6】 @ https://yurigarden.com/assets/index-LUNgUZnA.js:16
[  631103ms] [WARNING] !【type = 6】 @ https://yurigarden.com/assets/index-LUNgUZnA.js:16
[  631609ms] [WARNING] !【type = 6】 @ https://yurigarden.com/assets/index-LUNgUZnA.js:16
[  632115ms] [WARNING] !【type = 6】 @ https://yurigarden.com/assets/index-LUNgUZnA.js:16
[  632614ms] [WARNING] !【type = 6】 @ https://yurigarden.com/assets/index-LUNgUZnA.js:16
[  633114ms] [WARNING] !【type = 6】 @ https://yurigarden.com/assets/index-LUNgUZnA.js:16
[  633615ms] [WARNING] !【type = 6】 @ https://yurigarden.com/assets/index-LUNgUZnA.js:16
[  634112ms] [WARNING] !【type = 6】 @ https://yurigarden.com/assets/index-LUNgUZnA.js:16
[  634607ms] [WARNING] !【type = 6】 @ https://yurigarden.com/assets/index-LUNgUZnA.js:16
[  635106ms] [WARNING] !【type = 6】 @ https://yurigarden.com/assets/index-LUNgUZnA.js:16
[  635612ms] [WARNING] !【type = 6】 @ https://yurigarden.com/assets/index-LUNgUZnA.js:16
[  636103ms] [WARNING] !【type = 6】 @ https://yurigarden.com/assets/index-LUNgUZnA.js:16
[  636608ms] [WARNING] !【type = 6】 @ https://yurigarden.com/assets/index-LUNgUZnA.js:16
[  637110ms] [WARNING] !【type = 6】 @ https://yurigarden.com/assets/index-LUNgUZnA.js:16
[  637602ms] [WARNING] !【type = 6】 @ https://yurigarden.com/assets/index-LUNgUZnA.js:16
[  638105ms] [WARNING] !【type = 6】 @ https://yurigarden.com/assets/index-LUNgUZnA.js:16
[  638607ms] [WARNING] !【type = 6】 @ https://yurigarden.com/assets/index-LUNgUZnA.js:16
[  639104ms] [WARNING] !【type = 6】 @ https://yurigarden.com/assets/index-LUNgUZnA.js:16
[  639609ms] [WARNING] !【type = 6】 @ https://yurigarden.com/assets/index-LUNgUZnA.js:16
[  640150ms] [WARNING] !【type = 6】 @ https://yurigarden.com/assets/index-LUNgUZnA.js:16
[  640625ms] [WARNING] !【type = 6】 @ https://yurigarden.com/assets/index-LUNgUZnA.js:16
[  641128ms] [WARNING] !【type = 6】 @ https://yurigarden.com/assets/index-LUNgUZnA.js:16
[  641631ms] [WARNING] !【type = 6】 @ https://yurigarden.com/assets/index-LUNgUZnA.js:16
[  642117ms] [WARNING] !【type = 6】 @ https://yurigarden.com/assets/index-LUNgUZnA.js:16
[  642599ms] [WARNING] !【type = 6】 @ https://yurigarden.com/assets/index-LUNgUZnA.js:16
[  643111ms] [WARNING] !【type = 6】 @ https://yurigarden.com/assets/index-LUNgUZnA.js:16
[  643597ms] [WARNING] !【type = 6】 @ https://yurigarden.com/assets/index-LUNgUZnA.js:16
[  644099ms] [WARNING] !【type = 6】 @ https://yurigarden.com/assets/index-LUNgUZnA.js:16
[  644594ms] [WARNING] !【type = 6】 @ https://yurigarden.com/assets/index-LUNgUZnA.js:16
[  645101ms] [WARNING] !【type = 6】 @ https://yurigarden.com/assets/index-LUNgUZnA.js:16
[  645605ms] [WARNING] !【type = 6】 @ https://yurigarden.com/assets/index-LUNgUZnA.js:16
[  646098ms] [WARNING] !【type = 6】 @ https://yurigarden.com/assets/index-LUNgUZnA.js:16
[  646599ms] [WARNING] !【type = 6】 @ https://yurigarden.com/assets/index-LUNgUZnA.js:16
[  647106ms] [WARNING] !【type = 6】 @ https://yurigarden.com/assets/index-LUNgUZnA.js:16
[  647599ms] [WARNING] !【type = 6】 @ https://yurigarden.com/assets/index-LUNgUZnA.js:16
[  648110ms] [WARNING] !【type = 6】 @ https://yurigarden.com/assets/index-LUNgUZnA.js:16
[  648611ms] [WARNING] !【type = 6】 @ https://yurigarden.com/assets/index-LUNgUZnA.js:16
[  649098ms] [WARNING] !【type = 6】 @ https://yurigarden.com/assets/index-LUNgUZnA.js:16
[  649597ms] [WARNING] !【type = 6】 @ https://yurigarden.com/assets/index-LUNgUZnA.js:16
[  650117ms] [WARNING] !【type = 6】 @ https://yurigarden.com/assets/index-LUNgUZnA.js:16
[  650857ms] [WARNING] !【type = 6】 @ https://yurigarden.com/assets/index-LUNgUZnA.js:16
[  651187ms] [WARNING] !【type = 6】 @ https://yurigarden.com/assets/index-LUNgUZnA.js:16
[  651674ms] [WARNING] !【type = 6】 @ https://yurigarden.com/assets/index-LUNgUZnA.js:16
[  652184ms] [WARNING] !【type = 6】 @ https://yurigarden.com/assets/index-LUNgUZnA.js:16
[  652684ms] [WARNING] !【type = 6】 @ https://yurigarden.com/assets/index-LUNgUZnA.js:16
[  653180ms] [WARNING] !【type = 6】 @ https://yurigarden.com/assets/index-LUNgUZnA.js:16
[  653671ms] [WARNING] !【type = 6】 @ https://yurigarden.com/assets/index-LUNgUZnA.js:16
[  654177ms] [WARNING] !【type = 6】 @ https://yurigarden.com/assets/index-LUNgUZnA.js:16
[  654661ms] [WARNING] !【type = 6】 @ https://yurigarden.com/assets/index-LUNgUZnA.js:16
[  655172ms] [WARNING] !【type = 6】 @ https://yurigarden.com/assets/index-LUNgUZnA.js:16
[  655671ms] [WARNING] !【type = 6】 @ https://yurigarden.com/assets/index-LUNgUZnA.js:16
[  656141ms] [WARNING] !【type = 6】 @ https://yurigarden.com/assets/index-LUNgUZnA.js:16
[  656657ms] [WARNING] !【type = 6】 @ https://yurigarden.com/assets/index-LUNgUZnA.js:16
[  657166ms] [WARNING] !【type = 6】 @ https://yurigarden.com/assets/index-LUNgUZnA.js:16
[  657648ms] [WARNING] !【type = 6】 @ https://yurigarden.com/assets/index-LUNgUZnA.js:16
[  658152ms] [WARNING] !【type = 6】 @ https://yurigarden.com/assets/index-LUNgUZnA.js:16
[  658642ms] [WARNING] !【type = 6】 @ https://yurigarden.com/assets/index-LUNgUZnA.js:16
[  659138ms] [WARNING] !【type = 6】 @ https://yurigarden.com/assets/index-LUNgUZnA.js:16
[  659642ms] [WARNING] !【type = 6】 @ https://yurigarden.com/assets/index-LUNgUZnA.js:16
[  660138ms] [WARNING] !【type = 6】 @ https://yurigarden.com/assets/index-LUNgUZnA.js:16
[  660637ms] [WARNING] !【type = 6】 @ https://yurigarden.com/assets/index-LUNgUZnA.js:16
[  661149ms] [WARNING] !【type = 6】 @ https://yurigarden.com/assets/index-LUNgUZnA.js:16
[  661660ms] [WARNING] !【type = 6】 @ https://yurigarden.com/assets/index-LUNgUZnA.js:16
[  662134ms] [WARNING] !【type = 6】 @ https://yurigarden.com/assets/index-LUNgUZnA.js:16
[  662628ms] [WARNING] !【type = 6】 @ https://yurigarden.com/assets/index-LUNgUZnA.js:16
[  663132ms] [WARNING] !【type = 6】 @ https://yurigarden.com/assets/index-LUNgUZnA.js:16
[  663632ms] [WARNING] !【type = 6】 @ https://yurigarden.com/assets/index-LUNgUZnA.js:16
[  664128ms] [WARNING] !【type = 6】 @ https://yurigarden.com/assets/index-LUNgUZnA.js:16
[  664628ms] [WARNING] !【type = 6】 @ https://yurigarden.com/assets/index-LUNgUZnA.js:16
[  665123ms] [WARNING] !【type = 6】 @ https://yurigarden.com/assets/index-LUNgUZnA.js:16
[  665638ms] [WARNING] !【type = 6】 @ https://yurigarden.com/assets/index-LUNgUZnA.js:16
[  666113ms] [WARNING] !【type = 6】 @ https://yurigarden.com/assets/index-LUNgUZnA.js:16
[  666631ms] [WARNING] !【type = 6】 @ https://yurigarden.com/assets/index-LUNgUZnA.js:16
[  667157ms] [WARNING] !【type = 6】 @ https://yurigarden.com/assets/index-LUNgUZnA.js:16
[  667667ms] [WARNING] !【type = 6】 @ https://yurigarden.com/assets/index-LUNgUZnA.js:16
[  668171ms] [WARNING] !【type = 6】 @ https://yurigarden.com/assets/index-LUNgUZnA.js:16
[  668665ms] [WARNING] !【type = 6】 @ https://yurigarden.com/assets/index-LUNgUZnA.js:16
[  669153ms] [WARNING] !【type = 6】 @ https://yurigarden.com/assets/index-LUNgUZnA.js:16
[  669639ms] [WARNING] !【type = 6】 @ https://yurigarden.com/assets/index-LUNgUZnA.js:16
[  670136ms] [WARNING] !【type = 6】 @ https://yurigarden.com/assets/index-LUNgUZnA.js:16
[  670625ms] [WARNING] !【type = 6】 @ https://yurigarden.com/assets/index-LUNgUZnA.js:16
[  671136ms] [WARNING] !【type = 6】 @ https://yurigarden.com/assets/index-LUNgUZnA.js:16
[  671628ms] [WARNING] !【type = 6】 @ https://yurigarden.com/assets/index-LUNgUZnA.js:16
[  672134ms] [WARNING] !【type = 6】 @ https://yurigarden.com/assets/index-LUNgUZnA.js:16
[  672632ms] [WARNING] !【type = 6】 @ https://yurigarden.com/assets/index-LUNgUZnA.js:16
[  673126ms] [WARNING] !【type = 6】 @ https://yurigarden.com/assets/index-LUNgUZnA.js:16
[  673646ms] [WARNING] !【type = 6】 @ https://yurigarden.com/assets/index-LUNgUZnA.js:16
[  674139ms] [WARNING] !【type = 6】 @ https://yurigarden.com/assets/index-LUNgUZnA.js:16
[  674635ms] [WARNING] !【type = 6】 @ https://yurigarden.com/assets/index-LUNgUZnA.js:16
[  675139ms] [WARNING] !【type = 6】 @ https://yurigarden.com/assets/index-LUNgUZnA.js:16
[  675648ms] [WARNING] !【type = 6】 @ https://yurigarden.com/assets/index-LUNgUZnA.js:16
[  676156ms] [WARNING] !【type = 6】 @ https://yurigarden.com/assets/index-LUNgUZnA.js:16
[  676626ms] [WARNING] !【type = 6】 @ https://yurigarden.com/assets/index-LUNgUZnA.js:16
[  677126ms] [WARNING] !【type = 6】 @ https://yurigarden.com/assets/index-LUNgUZnA.js:16
[  677633ms] [WARNING] !【type = 6】 @ https://yurigarden.com/assets/index-LUNgUZnA.js:16
[  678135ms] [WARNING] !【type = 6】 @ https://yurigarden.com/assets/index-LUNgUZnA.js:16
[  678633ms] [WARNING] !【type = 6】 @ https://yurigarden.com/assets/index-LUNgUZnA.js:16
[  679124ms] [WARNING] !【type = 6】 @ https://yurigarden.com/assets/index-LUNgUZnA.js:16
[  679631ms] [WARNING] !【type = 6】 @ https://yurigarden.com/assets/index-LUNgUZnA.js:16
[  680131ms] [WARNING] !【type = 6】 @ https://yurigarden.com/assets/index-LUNgUZnA.js:16
[  680635ms] [WARNING] !【type = 6】 @ https://yurigarden.com/assets/index-LUNgUZnA.js:16
[  681151ms] [WARNING] !【type = 6】 @ https://yurigarden.com/assets/index-LUNgUZnA.js:16
[  681668ms] [WARNING] !【type = 6】 @ https://yurigarden.com/assets/index-LUNgUZnA.js:16
[  682154ms] [WARNING] !【type = 6】 @ https://yurigarden.com/assets/index-LUNgUZnA.js:16
[  682648ms] [WARNING] !【type = 6】 @ https://yurigarden.com/assets/index-LUNgUZnA.js:16
[  683137ms] [WARNING] !【type = 6】 @ https://yurigarden.com/assets/index-LUNgUZnA.js:16
[  683641ms] [WARNING] !【type = 6】 @ https://yurigarden.com/assets/index-LUNgUZnA.js:16
[  684133ms] [WARNING] !【type = 6】 @ https://yurigarden.com/assets/index-LUNgUZnA.js:16
[  684634ms] [WARNING] !【type = 6】 @ https://yurigarden.com/assets/index-LUNgUZnA.js:16
[  685145ms] [WARNING] !【type = 6】 @ https://yurigarden.com/assets/index-LUNgUZnA.js:16
[  685641ms] [WARNING] !【type = 6】 @ https://yurigarden.com/assets/index-LUNgUZnA.js:16
[  686150ms] [WARNING] !【type = 6】 @ https://yurigarden.com/assets/index-LUNgUZnA.js:16
[  686626ms] [WARNING] !【type = 6】 @ https://yurigarden.com/assets/index-LUNgUZnA.js:16
[  687129ms] [WARNING] !【type = 6】 @ https://yurigarden.com/assets/index-LUNgUZnA.js:16
[  687672ms] [WARNING] !【type = 6】 @ https://yurigarden.com/assets/index-LUNgUZnA.js:16
[  688146ms] [WARNING] !【type = 6】 @ https://yurigarden.com/assets/index-LUNgUZnA.js:16
[  688645ms] [WARNING] !【type = 6】 @ https://yurigarden.com/assets/index-LUNgUZnA.js:16
[  689159ms] [WARNING] !【type = 6】 @ https://yurigarden.com/assets/index-LUNgUZnA.js:16
[  689671ms] [WARNING] !【type = 6】 @ https://yurigarden.com/assets/index-LUNgUZnA.js:16
[  690156ms] [WARNING] !【type = 6】 @ https://yurigarden.com/assets/index-LUNgUZnA.js:16
[  690656ms] [WARNING] !【type = 6】 @ https://yurigarden.com/assets/index-LUNgUZnA.js:16
[  691166ms] [WARNING] !【type = 6】 @ https://yurigarden.com/assets/index-LUNgUZnA.js:16
[  691666ms] [WARNING] !【type = 6】 @ https://yurigarden.com/assets/index-LUNgUZnA.js:16
[  692169ms] [WARNING] !【type = 6】 @ https://yurigarden.com/assets/index-LUNgUZnA.js:16
[  692673ms] [WARNING] !【type = 6】 @ https://yurigarden.com/assets/index-LUNgUZnA.js:16
[  693172ms] [WARNING] !【type = 6】 @ https://yurigarden.com/assets/index-LUNgUZnA.js:16
[  693666ms] [WARNING] !【type = 6】 @ https://yurigarden.com/assets/index-LUNgUZnA.js:16
[  694166ms] [WARNING] !【type = 6】 @ https://yurigarden.com/assets/index-LUNgUZnA.js:16
[  694658ms] [WARNING] !【type = 6】 @ https://yurigarden.com/assets/index-LUNgUZnA.js:16
[  695164ms] [WARNING] !【type = 6】 @ https://yurigarden.com/assets/index-LUNgUZnA.js:16
[  695656ms] [WARNING] !【type = 6】 @ https://yurigarden.com/assets/index-LUNgUZnA.js:16
[  696154ms] [WARNING] !【type = 6】 @ https://yurigarden.com/assets/index-LUNgUZnA.js:16
[  696648ms] [WARNING] !【type = 6】 @ https://yurigarden.com/assets/index-LUNgUZnA.js:16
[  697166ms] [WARNING] !【type = 6】 @ https://yurigarden.com/assets/index-LUNgUZnA.js:16
[  697648ms] [WARNING] !【type = 6】 @ https://yurigarden.com/assets/index-LUNgUZnA.js:16
[  698149ms] [WARNING] !【type = 6】 @ https://yurigarden.com/assets/index-LUNgUZnA.js:16
[  698639ms] [WARNING] !【type = 6】 @ https://yurigarden.com/assets/index-LUNgUZnA.js:16
[  699138ms] [WARNING] !【type = 6】 @ https://yurigarden.com/assets/index-LUNgUZnA.js:16
[  699639ms] [WARNING] !【type = 6】 @ https://yurigarden.com/assets/index-LUNgUZnA.js:16
[  700155ms] [WARNING] !【type = 6】 @ https://yurigarden.com/assets/index-LUNgUZnA.js:16
[  700634ms] [WARNING] !【type = 6】 @ https://yurigarden.com/assets/index-LUNgUZnA.js:16
[  701144ms] [WARNING] !【type = 6】 @ https://yurigarden.com/assets/index-LUNgUZnA.js:16
[  701635ms] [WARNING] !【type = 6】 @ https://yurigarden.com/assets/index-LUNgUZnA.js:16
[  702154ms] [WARNING] !【type = 6】 @ https://yurigarden.com/assets/index-LUNgUZnA.js:16
[  702639ms] [WARNING] !【type = 6】 @ https://yurigarden.com/assets/index-LUNgUZnA.js:16
[  703158ms] [WARNING] !【type = 6】 @ https://yurigarden.com/assets/index-LUNgUZnA.js:16
[  703663ms] [WARNING] !【type = 6】 @ https://yurigarden.com/assets/index-LUNgUZnA.js:16
[  704159ms] [WARNING] !【type = 6】 @ https://yurigarden.com/assets/index-LUNgUZnA.js:16
[  704634ms] [WARNING] !【type = 6】 @ https://yurigarden.com/assets/index-LUNgUZnA.js:16
[  705131ms] [WARNING] !【type = 6】 @ https://yurigarden.com/assets/index-LUNgUZnA.js:16
[  705631ms] [WARNING] !【type = 6】 @ https://yurigarden.com/assets/index-LUNgUZnA.js:16
[  706134ms] [WARNING] !【type = 6】 @ https://yurigarden.com/assets/index-LUNgUZnA.js:16
[  706642ms] [WARNING] !【type = 6】 @ https://yurigarden.com/assets/index-LUNgUZnA.js:16
[  707132ms] [WARNING] !【type = 6】 @ https://yurigarden.com/assets/index-LUNgUZnA.js:16
[  707627ms] [WARNING] !【type = 6】 @ https://yurigarden.com/assets/index-LUNgUZnA.js:16
[  708134ms] [WARNING] !【type = 6】 @ https://yurigarden.com/assets/index-LUNgUZnA.js:16
[  708639ms] [WARNING] !【type = 6】 @ https://yurigarden.com/assets/index-LUNgUZnA.js:16
[  709134ms] [WARNING] !【type = 6】 @ https://yurigarden.com/assets/index-LUNgUZnA.js:16
[  709639ms] [WARNING] !【type = 6】 @ https://yurigarden.com/assets/index-LUNgUZnA.js:16
[  710145ms] [WARNING] !【type = 6】 @ https://yurigarden.com/assets/index-LUNgUZnA.js:16
[  710642ms] [WARNING] !【type = 6】 @ https://yurigarden.com/assets/index-LUNgUZnA.js:16
[  711172ms] [WARNING] !【type = 6】 @ https://yurigarden.com/assets/index-LUNgUZnA.js:16
[  711666ms] [WARNING] !【type = 6】 @ https://yurigarden.com/assets/index-LUNgUZnA.js:16
[  712133ms] [WARNING] !【type = 6】 @ https://yurigarden.com/assets/index-LUNgUZnA.js:16
[  712642ms] [WARNING] !【type = 6】 @ https://yurigarden.com/assets/index-LUNgUZnA.js:16
[  713141ms] [WARNING] !【type = 6】 @ https://yurigarden.com/assets/index-LUNgUZnA.js:16
[  713631ms] [WARNING] !【type = 6】 @ https://yurigarden.com/assets/index-LUNgUZnA.js:16
[  714151ms] [WARNING] !【type = 6】 @ https://yurigarden.com/assets/index-LUNgUZnA.js:16
[  714645ms] [WARNING] !【type = 6】 @ https://yurigarden.com/assets/index-LUNgUZnA.js:16
[  715139ms] [WARNING] !【type = 6】 @ https://yurigarden.com/assets/index-LUNgUZnA.js:16
[  715632ms] [WARNING] !【type = 6】 @ https://yurigarden.com/assets/index-LUNgUZnA.js:16
[  716146ms] [WARNING] !【type = 6】 @ https://yurigarden.com/assets/index-LUNgUZnA.js:16
[  716638ms] [WARNING] !【type = 6】 @ https://yurigarden.com/assets/index-LUNgUZnA.js:16
[  717159ms] [WARNING] !【type = 6】 @ https://yurigarden.com/assets/index-LUNgUZnA.js:16
[  717671ms] [WARNING] !【type = 6】 @ https://yurigarden.com/assets/index-LUNgUZnA.js:16
[  718151ms] [WARNING] !【type = 6】 @ https://yurigarden.com/assets/index-LUNgUZnA.js:16
[  718667ms] [WARNING] !【type = 6】 @ https://yurigarden.com/assets/index-LUNgUZnA.js:16
[  719137ms] [WARNING] !【type = 6】 @ https://yurigarden.com/assets/index-LUNgUZnA.js:16
[  719660ms] [WARNING] !【type = 6】 @ https://yurigarden.com/assets/index-LUNgUZnA.js:16
[  720145ms] [WARNING] !【type = 6】 @ https://yurigarden.com/assets/index-LUNgUZnA.js:16
[  720634ms] [WARNING] !【type = 6】 @ https://yurigarden.com/assets/index-LUNgUZnA.js:16
[  721130ms] [WARNING] !【type = 6】 @ https://yurigarden.com/assets/index-LUNgUZnA.js:16
[  721633ms] [WARNING] !【type = 6】 @ https://yurigarden.com/assets/index-LUNgUZnA.js:16
[  722131ms] [WARNING] !【type = 6】 @ https://yurigarden.com/assets/index-LUNgUZnA.js:16
[  722638ms] [WARNING] !【type = 6】 @ https://yurigarden.com/assets/index-LUNgUZnA.js:16
[  723148ms] [WARNING] !【type = 6】 @ https://yurigarden.com/assets/index-LUNgUZnA.js:16
[  723642ms] [WARNING] !【type = 6】 @ https://yurigarden.com/assets/index-LUNgUZnA.js:16
[  724180ms] [WARNING] !【type = 6】 @ https://yurigarden.com/assets/index-LUNgUZnA.js:16
[  724651ms] [WARNING] !【type = 6】 @ https://yurigarden.com/assets/index-LUNgUZnA.js:16
[  725301ms] [WARNING] !【type = 6】 @ https://yurigarden.com/assets/index-LUNgUZnA.js:16
[  725682ms] [WARNING] !【type = 6】 @ https://yurigarden.com/assets/index-LUNgUZnA.js:16
[  726159ms] [WARNING] !【type = 6】 @ https://yurigarden.com/assets/index-LUNgUZnA.js:16
[  726648ms] [WARNING] !【type = 6】 @ https://yurigarden.com/assets/index-LUNgUZnA.js:16
[  727188ms] [WARNING] !【type = 6】 @ https://yurigarden.com/assets/index-LUNgUZnA.js:16
[  727673ms] [WARNING] !【type = 6】 @ https://yurigarden.com/assets/index-LUNgUZnA.js:16
[  728181ms] [WARNING] !【type = 6】 @ https://yurigarden.com/assets/index-LUNgUZnA.js:16
[  728668ms] [WARNING] !【type = 6】 @ https://yurigarden.com/assets/index-LUNgUZnA.js:16
[  729173ms] [WARNING] !【type = 6】 @ https://yurigarden.com/assets/index-LUNgUZnA.js:16
[  729675ms] [WARNING] !【type = 6】 @ https://yurigarden.com/assets/index-LUNgUZnA.js:16
[  730164ms] [WARNING] !【type = 6】 @ https://yurigarden.com/assets/index-LUNgUZnA.js:16
[  730669ms] [WARNING] !【type = 6】 @ https://yurigarden.com/assets/index-LUNgUZnA.js:16
[  731181ms] [WARNING] !【type = 6】 @ https://yurigarden.com/assets/index-LUNgUZnA.js:16
[  731673ms] [WARNING] !【type = 6】 @ https://yurigarden.com/assets/index-LUNgUZnA.js:16
[  732187ms] [WARNING] !【type = 6】 @ https://yurigarden.com/assets/index-LUNgUZnA.js:16
[  732654ms] [WARNING] !【type = 6】 @ https://yurigarden.com/assets/index-LUNgUZnA.js:16
[  733180ms] [WARNING] !【type = 6】 @ https://yurigarden.com/assets/index-LUNgUZnA.js:16
[  733643ms] [WARNING] !【type = 6】 @ https://yurigarden.com/assets/index-LUNgUZnA.js:16
[  734137ms] [WARNING] !【type = 6】 @ https://yurigarden.com/assets/index-LUNgUZnA.js:16
[  734652ms] [WARNING] !【type = 6】 @ https://yurigarden.com/assets/index-LUNgUZnA.js:16
[  735181ms] [WARNING] !【type = 6】 @ https://yurigarden.com/assets/index-LUNgUZnA.js:16
[  735683ms] [WARNING] !【type = 6】 @ https://yurigarden.com/assets/index-LUNgUZnA.js:16
[  736182ms] [WARNING] !【type = 6】 @ https://yurigarden.com/assets/index-LUNgUZnA.js:16
[  736679ms] [WARNING] !【type = 6】 @ https://yurigarden.com/assets/index-LUNgUZnA.js:16
[  737170ms] [WARNING] !【type = 6】 @ https://yurigarden.com/assets/index-LUNgUZnA.js:16
[  737683ms] [WARNING] !【type = 6】 @ https://yurigarden.com/assets/index-LUNgUZnA.js:16
[  738188ms] [WARNING] !【type = 6】 @ https://yurigarden.com/assets/index-LUNgUZnA.js:16
[  738679ms] [WARNING] !【type = 6】 @ https://yurigarden.com/assets/index-LUNgUZnA.js:16
[  739166ms] [WARNING] !【type = 6】 @ https://yurigarden.com/assets/index-LUNgUZnA.js:16
[  739680ms] [WARNING] !【type = 6】 @ https://yurigarden.com/assets/index-LUNgUZnA.js:16
[  740180ms] [WARNING] !【type = 6】 @ https://yurigarden.com/assets/index-LUNgUZnA.js:16
[  740664ms] [WARNING] !【type = 6】 @ https://yurigarden.com/assets/index-LUNgUZnA.js:16
[  741183ms] [WARNING] !【type = 6】 @ https://yurigarden.com/assets/index-LUNgUZnA.js:16
[  741680ms] [WARNING] !【type = 6】 @ https://yurigarden.com/assets/index-LUNgUZnA.js:16
[  742172ms] [WARNING] !【type = 6】 @ https://yurigarden.com/assets/index-LUNgUZnA.js:16
[  742682ms] [WARNING] !【type = 6】 @ https://yurigarden.com/assets/index-LUNgUZnA.js:16
[  743186ms] [WARNING] !【type = 6】 @ https://yurigarden.com/assets/index-LUNgUZnA.js:16
[  743681ms] [WARNING] !【type = 6】 @ https://yurigarden.com/assets/index-LUNgUZnA.js:16
[  744174ms] [WARNING] !【type = 6】 @ https://yurigarden.com/assets/index-LUNgUZnA.js:16
[  744679ms] [WARNING] !【type = 6】 @ https://yurigarden.com/assets/index-LUNgUZnA.js:16
[  745217ms] [WARNING] !【type = 6】 @ https://yurigarden.com/assets/index-LUNgUZnA.js:16
[  745695ms] [WARNING] !【type = 6】 @ https://yurigarden.com/assets/index-LUNgUZnA.js:16
[  746176ms] [WARNING] !【type = 6】 @ https://yurigarden.com/assets/index-LUNgUZnA.js:16
[  746655ms] [WARNING] !【type = 6】 @ https://yurigarden.com/assets/index-LUNgUZnA.js:16
[  747177ms] [WARNING] !【type = 6】 @ https://yurigarden.com/assets/index-LUNgUZnA.js:16
[  747659ms] [WARNING] !【type = 6】 @ https://yurigarden.com/assets/index-LUNgUZnA.js:16
[  748166ms] [WARNING] !【type = 6】 @ https://yurigarden.com/assets/index-LUNgUZnA.js:16
[  748663ms] [WARNING] !【type = 6】 @ https://yurigarden.com/assets/index-LUNgUZnA.js:16
[  749152ms] [WARNING] !【type = 6】 @ https://yurigarden.com/assets/index-LUNgUZnA.js:16
[  749632ms] [WARNING] !【type = 6】 @ https://yurigarden.com/assets/index-LUNgUZnA.js:16
[  750143ms] [WARNING] !【type = 6】 @ https://yurigarden.com/assets/index-LUNgUZnA.js:16
[  750639ms] [WARNING] !【type = 6】 @ https://yurigarden.com/assets/index-LUNgUZnA.js:16
[  751132ms] [WARNING] !【type = 6】 @ https://yurigarden.com/assets/index-LUNgUZnA.js:16
[  751634ms] [WARNING] !【type = 6】 @ https://yurigarden.com/assets/index-LUNgUZnA.js:16
[  752151ms] [WARNING] !【type = 6】 @ https://yurigarden.com/assets/index-LUNgUZnA.js:16
[  752648ms] [WARNING] !【type = 6】 @ https://yurigarden.com/assets/index-LUNgUZnA.js:16
[  753154ms] [WARNING] !【type = 6】 @ https://yurigarden.com/assets/index-LUNgUZnA.js:16
[  753638ms] [WARNING] !【type = 6】 @ https://yurigarden.com/assets/index-LUNgUZnA.js:16
[  754133ms] [WARNING] !【type = 6】 @ https://yurigarden.com/assets/index-LUNgUZnA.js:16
[  754641ms] [WARNING] !【type = 6】 @ https://yurigarden.com/assets/index-LUNgUZnA.js:16
[  755134ms] [WARNING] !【type = 6】 @ https://yurigarden.com/assets/index-LUNgUZnA.js:16
[  755646ms] [WARNING] !【type = 6】 @ https://yurigarden.com/assets/index-LUNgUZnA.js:16
[  756146ms] [WARNING] !【type = 6】 @ https://yurigarden.com/assets/index-LUNgUZnA.js:16
[  756660ms] [WARNING] !【type = 6】 @ https://yurigarden.com/assets/index-LUNgUZnA.js:16
[  757136ms] [WARNING] !【type = 6】 @ https://yurigarden.com/assets/index-LUNgUZnA.js:16
[  757646ms] [WARNING] !【type = 6】 @ https://yurigarden.com/assets/index-LUNgUZnA.js:16
[  758149ms] [WARNING] !【type = 6】 @ https://yurigarden.com/assets/index-LUNgUZnA.js:16
[  758672ms] [WARNING] !【type = 6】 @ https://yurigarden.com/assets/index-LUNgUZnA.js:16
[  759152ms] [WARNING] !【type = 6】 @ https://yurigarden.com/assets/index-LUNgUZnA.js:16
[  759648ms] [WARNING] !【type = 6】 @ https://yurigarden.com/assets/index-LUNgUZnA.js:16
[  760156ms] [WARNING] !【type = 6】 @ https://yurigarden.com/assets/index-LUNgUZnA.js:16
[  760654ms] [WARNING] !【type = 6】 @ https://yurigarden.com/assets/index-LUNgUZnA.js:16
[  761141ms] [WARNING] !【type = 6】 @ https://yurigarden.com/assets/index-LUNgUZnA.js:16
[  761641ms] [WARNING] !【type = 6】 @ https://yurigarden.com/assets/index-LUNgUZnA.js:16
[  762142ms] [WARNING] !【type = 6】 @ https://yurigarden.com/assets/index-LUNgUZnA.js:16
[  762633ms] [WARNING] !【type = 6】 @ https://yurigarden.com/assets/index-LUNgUZnA.js:16
[  763140ms] [WARNING] !【type = 6】 @ https://yurigarden.com/assets/index-LUNgUZnA.js:16
[  763640ms] [WARNING] !【type = 6】 @ https://yurigarden.com/assets/index-LUNgUZnA.js:16
[  764133ms] [WARNING] !【type = 6】 @ https://yurigarden.com/assets/index-LUNgUZnA.js:16
[  764643ms] [WARNING] !【type = 6】 @ https://yurigarden.com/assets/index-LUNgUZnA.js:16
[  765135ms] [WARNING] !【type = 6】 @ https://yurigarden.com/assets/index-LUNgUZnA.js:16
[  765631ms] [WARNING] !【type = 6】 @ https://yurigarden.com/assets/index-LUNgUZnA.js:16
[  766134ms] [WARNING] !【type = 6】 @ https://yurigarden.com/assets/index-LUNgUZnA.js:16
[  766636ms] [WARNING] !【type = 6】 @ https://yurigarden.com/assets/index-LUNgUZnA.js:16
[  767154ms] [WARNING] !【type = 6】 @ https://yurigarden.com/assets/index-LUNgUZnA.js:16
[  767639ms] [WARNING] !【type = 6】 @ https://yurigarden.com/assets/index-LUNgUZnA.js:16
[  768131ms] [WARNING] !【type = 6】 @ https://yurigarden.com/assets/index-LUNgUZnA.js:16
[  768654ms] [WARNING] !【type = 6】 @ https://yurigarden.com/assets/index-LUNgUZnA.js:16
[  769131ms] [WARNING] !【type = 6】 @ https://yurigarden.com/assets/index-LUNgUZnA.js:16
[  769636ms] [WARNING] !【type = 6】 @ https://yurigarden.com/assets/index-LUNgUZnA.js:16
[  770138ms] [WARNING] !【type = 6】 @ https://yurigarden.com/assets/index-LUNgUZnA.js:16
[  770643ms] [WARNING] !【type = 6】 @ https://yurigarden.com/assets/index-LUNgUZnA.js:16
[  771155ms] [WARNING] !【type = 6】 @ https://yurigarden.com/assets/index-LUNgUZnA.js:16
[  771678ms] [WARNING] !【type = 6】 @ https://yurigarden.com/assets/index-LUNgUZnA.js:16
[  772159ms] [WARNING] !【type = 6】 @ https://yurigarden.com/assets/index-LUNgUZnA.js:16
[  772661ms] [WARNING] !【type = 6】 @ https://yurigarden.com/assets/index-LUNgUZnA.js:16
[  773178ms] [WARNING] !【type = 6】 @ https://yurigarden.com/assets/index-LUNgUZnA.js:16
[  773678ms] [WARNING] !【type = 6】 @ https://yurigarden.com/assets/index-LUNgUZnA.js:16
[  774175ms] [WARNING] !【type = 6】 @ https://yurigarden.com/assets/index-LUNgUZnA.js:16
[  774668ms] [WARNING] !【type = 6】 @ https://yurigarden.com/assets/index-LUNgUZnA.js:16
[  775155ms] [WARNING] !【type = 6】 @ https://yurigarden.com/assets/index-LUNgUZnA.js:16
[  775658ms] [WARNING] !【type = 6】 @ https://yurigarden.com/assets/index-LUNgUZnA.js:16
[  776156ms] [WARNING] !【type = 6】 @ https://yurigarden.com/assets/index-LUNgUZnA.js:16
[  776665ms] [WARNING] !【type = 6】 @ https://yurigarden.com/assets/index-LUNgUZnA.js:16
[  777146ms] [WARNING] !【type = 6】 @ https://yurigarden.com/assets/index-LUNgUZnA.js:16
[  777644ms] [WARNING] !【type = 6】 @ https://yurigarden.com/assets/index-LUNgUZnA.js:16
[  778161ms] [WARNING] !【type = 6】 @ https://yurigarden.com/assets/index-LUNgUZnA.js:16
[  778644ms] [WARNING] !【type = 6】 @ https://yurigarden.com/assets/index-LUNgUZnA.js:16
[  779134ms] [WARNING] !【type = 6】 @ https://yurigarden.com/assets/index-LUNgUZnA.js:16
[  779631ms] [WARNING] !【type = 6】 @ https://yurigarden.com/assets/index-LUNgUZnA.js:16
[  780143ms] [WARNING] !【type = 6】 @ https://yurigarden.com/assets/index-LUNgUZnA.js:16
[  780677ms] [WARNING] !【type = 6】 @ https://yurigarden.com/assets/index-LUNgUZnA.js:16
[  781176ms] [WARNING] !【type = 6】 @ https://yurigarden.com/assets/index-LUNgUZnA.js:16
[  781640ms] [WARNING] !【type = 6】 @ https://yurigarden.com/assets/index-LUNgUZnA.js:16
[  830127ms] [ERROR] Failed to load resource: the server responded with a status of 403 () @ https://api.yurigarden.com/api/chapters/pages/4552:0
[  831399ms] [ERROR]  Note that 'script-src' was not explicitly set, so 'default-src' is used as a fallback. @ https://challenges.cloudflare.com/cdn-cgi/challenge-platform/h/g/turnstile/f/ov2/av0/rch/v72fj/0x4AAAAAACrUOI5kTSfB5cnB/auto/fbE/new/normal?lang=auto:0
[  831638ms] [ERROR] Failed to load resource: the server responded with a status of 401 () @ https://challenges.cloudflare.com/cdn-cgi/challenge-platform/h/g/pat/9ddb245bfd50f4fc/1773741537079/69768dab8e7d65d87247129fb1fac96bad3014979f783b7e416f8677d78b1d1e/8weusmzbpt6oRel:0
[  831722ms] [WARNING] !【type = 6】 @ https://yurigarden.com/assets/index-LUNgUZnA.js:16
[  831815ms] [ERROR] %c%d font-size:0;color:transparent NaN @ https://challenges.cloudflare.com/cdn-cgi/challenge-platform/h/g/turnstile/f/ov2/av0/rch/v72fj/0x4AAAAAACrUOI5kTSfB5cnB/auto/fbE/new/normal?lang=auto:0
[  831815ms] [ERROR] %c%d font-size:0;color:transparent NaN @ https://challenges.cloudflare.com/cdn-cgi/challenge-platform/h/g/turnstile/f/ov2/av0/rch/v72fj/0x4AAAAAACrUOI5kTSfB5cnB/auto/fbE/new/normal?lang=auto:0
[  831819ms] [WARNING] %c%d font-size:0;color:transparent NaN @ https://challenges.cloudflare.com/cdn-cgi/challenge-platform/h/g/turnstile/f/ov2/av0/rch/v72fj/0x4AAAAAACrUOI5kTSfB5cnB/auto/fbE/new/normal?lang=auto:0
[  831819ms] [WARNING] %c%d font-size:0;color:transparent NaN @ https://challenges.cloudflare.com/cdn-cgi/challenge-platform/h/g/turnstile/f/ov2/av0/rch/v72fj/0x4AAAAAACrUOI5kTSfB5cnB/auto/fbE/new/normal?lang=auto:0
[  832109ms] [WARNING] !【type = 6】 @ https://yurigarden.com/assets/index-LUNgUZnA.js:16
[  832516ms] [WARNING] !【type = 6】 @ https://yurigarden.com/assets/index-LUNgUZnA.js:16
[  832981ms] [WARNING] !【type = 6】 @ https://yurigarden.com/assets/index-LUNgUZnA.js:16
[  833493ms] [WARNING] !【type = 6】 @ https://yurigarden.com/assets/index-LUNgUZnA.js:16
[  833980ms] [WARNING] !【type = 6】 @ https://yurigarden.com/assets/index-LUNgUZnA.js:16
[  834507ms] [WARNING] !【type = 6】 @ https://yurigarden.com/assets/index-LUNgUZnA.js:16
[  834985ms] [WARNING] !【type = 6】 @ https://yurigarden.com/assets/index-LUNgUZnA.js:16
[  835466ms] [WARNING] !【type = 6】 @ https://yurigarden.com/assets/index-LUNgUZnA.js:16
[  835965ms] [WARNING] !【type = 6】 @ https://yurigarden.com/assets/index-LUNgUZnA.js:16
[  836475ms] [WARNING] !【type = 6】 @ https://yurigarden.com/assets/index-LUNgUZnA.js:16
[  836959ms] [WARNING] !【type = 6】 @ https://yurigarden.com/assets/index-LUNgUZnA.js:16
[  837447ms] [WARNING] !【type = 6】 @ https://yurigarden.com/assets/index-LUNgUZnA.js:16
[  837964ms] [WARNING] !【type = 6】 @ https://yurigarden.com/assets/index-LUNgUZnA.js:16
[  838478ms] [WARNING] !【type = 6】 @ https://yurigarden.com/assets/index-LUNgUZnA.js:16
[  838938ms] [WARNING] !【type = 6】 @ https://yurigarden.com/assets/index-LUNgUZnA.js:16
[  839448ms] [WARNING] !【type = 6】 @ https://yurigarden.com/assets/index-LUNgUZnA.js:16
[  839958ms] [WARNING] !【type = 6】 @ https://yurigarden.com/assets/index-LUNgUZnA.js:16
[  840455ms] [WARNING] !【type = 6】 @ https://yurigarden.com/assets/index-LUNgUZnA.js:16
[  840946ms] [WARNING] !【type = 6】 @ https://yurigarden.com/assets/index-LUNgUZnA.js:16
[  841459ms] [WARNING] !【type = 6】 @ https://yurigarden.com/assets/index-LUNgUZnA.js:16
[  849795ms] [WARNING] !【type = 6】 @ https://yurigarden.com/assets/index-LUNgUZnA.js:16
[  849914ms] [WARNING] !【type = 6】 @ https://yurigarden.com/assets/index-LUNgUZnA.js:16
[  850020ms] [WARNING] !【type = 6】 @ https://yurigarden.com/assets/index-LUNgUZnA.js:16
[  850466ms] [WARNING] !【type = 6】 @ https://yurigarden.com/assets/index-LUNgUZnA.js:16
[  850994ms] [WARNING] !【type = 6】 @ https://yurigarden.com/assets/index-LUNgUZnA.js:16
[  851463ms] [WARNING] !【type = 6】 @ https://yurigarden.com/assets/index-LUNgUZnA.js:16
[  851949ms] [WARNING] !【type = 6】 @ https://yurigarden.com/assets/index-LUNgUZnA.js:16
[  852455ms] [WARNING] !【type = 6】 @ https://yurigarden.com/assets/index-LUNgUZnA.js:16
[  852954ms] [WARNING] !【type = 6】 @ https://yurigarden.com/assets/index-LUNgUZnA.js:16
