[    1815ms] [ERROR] Failed to load resource: the server responded with a status of 403 () @ https://api.yurigarden.com/api/chapters/pages/4846:0
[    2996ms] [WARNING] You don't have permission to use DEVTOOL!【type = 6】 @ https://yurigarden.com/assets/index-LUNgUZnA.js:16
[    3445ms] [WARNING] You don't have permission to use DEVTOOL!【type = 6】 @ https://yurigarden.com/assets/index-LUNgUZnA.js:16
[    3930ms] [WARNING] You don't have permission to use DEVTOOL!【type = 6】 @ https://yurigarden.com/assets/index-LUNgUZnA.js:16
[    4429ms] [WARNING] You don't have permission to use DEVTOOL!【type = 6】 @ https://yurigarden.com/assets/index-LUNgUZnA.js:16
[    4929ms] [WARNING] You don't have permission to use DEVTOOL!【type = 6】 @ https://yurigarden.com/assets/index-LUNgUZnA.js:16
[    5430ms] [WARNING] You don't have permission to use DEVTOOL!【type = 6】 @ https://yurigarden.com/assets/index-LUNgUZnA.js:16
[    5932ms] [WARNING] You don't have permission to use DEVTOOL!【type = 6】 @ https://yurigarden.com/assets/index-LUNgUZnA.js:16
[    6436ms] [WARNING] You don't have permission to use DEVTOOL!【type = 6】 @ https://yurigarden.com/assets/index-LUNgUZnA.js:16
[    6930ms] [WARNING] You don't have permission to use DEVTOOL!【type = 6】 @ https://yurigarden.com/assets/index-LUNgUZnA.js:16
[    7430ms] [WARNING] You don't have permission to use DEVTOOL!【type = 6】 @ https://yurigarden.com/assets/index-LUNgUZnA.js:16
[    7926ms] [WARNING] You don't have permission to use DEVTOOL!【type = 6】 @ https://yurigarden.com/assets/index-LUNgUZnA.js:16
[    8427ms] [WARNING] You don't have permission to use DEVTOOL!【type = 6】 @ https://yurigarden.com/assets/index-LUNgUZnA.js:16
[    8929ms] [WARNING] You don't have permission to use DEVTOOL!【type = 6】 @ https://yurigarden.com/assets/index-LUNgUZnA.js:16
[    9438ms] [WARNING] You don't have permission to use DEVTOOL!【type = 6】 @ https://yurigarden.com/assets/index-LUNgUZnA.js:16
[    9944ms] [WARNING] You don't have permission to use DEVTOOL!【type = 6】 @ https://yurigarden.com/assets/index-LUNgUZnA.js:16
[   10449ms] [WARNING] You don't have permission to use DEVTOOL!【type = 6】 @ https://yurigarden.com/assets/index-LUNgUZnA.js:16
[   10945ms] [WARNING] You don't have permission to use DEVTOOL!【type = 6】 @ https://yurigarden.com/assets/index-LUNgUZnA.js:16
[   11442ms] [WARNING] You don't have permission to use DEVTOOL!【type = 6】 @ https://yurigarden.com/assets/index-LUNgUZnA.js:16
[   11945ms] [WARNING] You don't have permission to use DEVTOOL!【type = 6】 @ https://yurigarden.com/assets/index-LUNgUZnA.js:16
[   12450ms] [WARNING] You don't have permission to use DEVTOOL!【type = 6】 @ https://yurigarden.com/assets/index-LUNgUZnA.js:16
[   12958ms] [WARNING] You don't have permission to use DEVTOOL!【type = 6】 @ https://yurigarden.com/assets/index-LUNgUZnA.js:16
[   13451ms] [WARNING] You don't have permission to use DEVTOOL!【type = 6】 @ https://yurigarden.com/assets/index-LUNgUZnA.js:16
[   13949ms] [WARNING] You don't have permission to use DEVTOOL!【type = 6】 @ https://yurigarden.com/assets/index-LUNgUZnA.js:16
[   14438ms] [WARNING] You don't have permission to use DEVTOOL!【type = 6】 @ https://yurigarden.com/assets/index-LUNgUZnA.js:16
[   14944ms] [WARNING] You don't have permission to use DEVTOOL!【type = 6】 @ https://yurigarden.com/assets/index-LUNgUZnA.js:16
[   15444ms] [WARNING] You don't have permission to use DEVTOOL!【type = 6】 @ https://yurigarden.com/assets/index-LUNgUZnA.js:16
[   15944ms] [WARNING] You don't have permission to use DEVTOOL!【type = 6】 @ https://yurigarden.com/assets/index-LUNgUZnA.js:16
[   16443ms] [WARNING] You don't have permission to use DEVTOOL!【type = 6】 @ https://yurigarden.com/assets/index-LUNgUZnA.js:16
[   16946ms] [WARNING] You don't have permission to use DEVTOOL!【type = 6】 @ https://yurigarden.com/assets/index-LUNgUZnA.js:16
[   17448ms] [WARNING] You don't have permission to use DEVTOOL!【type = 6】 @ https://yurigarden.com/assets/index-LUNgUZnA.js:16
[   17948ms] [WARNING] You don't have permission to use DEVTOOL!【type = 6】 @ https://yurigarden.com/assets/index-LUNgUZnA.js:16
[   18435ms] [WARNING] You don't have permission to use DEVTOOL!【type = 6】 @ https://yurigarden.com/assets/index-LUNgUZnA.js:16
[   18956ms] [WARNING] You don't have permission to use DEVTOOL!【type = 6】 @ https://yurigarden.com/assets/index-LUNgUZnA.js:16
[   19440ms] [WARNING] You don't have permission to use DEVTOOL!【type = 6】 @ https://yurigarden.com/assets/index-LUNgUZnA.js:16
[   19945ms] [WARNING] You don't have permission to use DEVTOOL!【type = 6】 @ https://yurigarden.com/assets/index-LUNgUZnA.js:16
[   20436ms] [WARNING] You don't have permission to use DEVTOOL!【type = 6】 @ https://yurigarden.com/assets/index-LUNgUZnA.js:16
[   20936ms] [WARNING] You don't have permission to use DEVTOOL!【type = 6】 @ https://yurigarden.com/assets/index-LUNgUZnA.js:16
[   21435ms] [WARNING] You don't have permission to use DEVTOOL!【type = 6】 @ https://yurigarden.com/assets/index-LUNgUZnA.js:16
[   21928ms] [WARNING] You don't have permission to use DEVTOOL!【type = 6】 @ https://yurigarden.com/assets/index-LUNgUZnA.js:16
[   22438ms] [WARNING] You don't have permission to use DEVTOOL!【type = 6】 @ https://yurigarden.com/assets/index-LUNgUZnA.js:16
[   22981ms] [WARNING] You don't have permission to use DEVTOOL!【type = 6】 @ https://yurigarden.com/assets/index-LUNgUZnA.js:16
[   23450ms] [WARNING] You don't have permission to use DEVTOOL!【type = 6】 @ https://yurigarden.com/assets/index-LUNgUZnA.js:16
[   23949ms] [WARNING] You don't have permission to use DEVTOOL!【type = 6】 @ https://yurigarden.com/assets/index-LUNgUZnA.js:16
[   24452ms] [WARNING] You don't have permission to use DEVTOOL!【type = 6】 @ https://yurigarden.com/assets/index-LUNgUZnA.js:16
[   24946ms] [WARNING] You don't have permission to use DEVTOOL!【type = 6】 @ https://yurigarden.com/assets/index-LUNgUZnA.js:16
[   25444ms] [WARNING] You don't have permission to use DEVTOOL!【type = 6】 @ https://yurigarden.com/assets/index-LUNgUZnA.js:16
[   25947ms] [WARNING] You don't have permission to use DEVTOOL!【type = 6】 @ https://yurigarden.com/assets/index-LUNgUZnA.js:16
[   26440ms] [WARNING] You don't have permission to use DEVTOOL!【type = 6】 @ https://yurigarden.com/assets/index-LUNgUZnA.js:16
[   26945ms] [WARNING] You don't have permission to use DEVTOOL!【type = 6】 @ https://yurigarden.com/assets/index-LUNgUZnA.js:16
[   27445ms] [WARNING] You don't have permission to use DEVTOOL!【type = 6】 @ https://yurigarden.com/assets/index-LUNgUZnA.js:16
[   27945ms] [WARNING] You don't have permission to use DEVTOOL!【type = 6】 @ https://yurigarden.com/assets/index-LUNgUZnA.js:16
[   28445ms] [WARNING] You don't have permission to use DEVTOOL!【type = 6】 @ https://yurigarden.com/assets/index-LUNgUZnA.js:16
[   28945ms] [WARNING] You don't have permission to use DEVTOOL!【type = 6】 @ https://yurigarden.com/assets/index-LUNgUZnA.js:16
[   29449ms] [WARNING] You don't have permission to use DEVTOOL!【type = 6】 @ https://yurigarden.com/assets/index-LUNgUZnA.js:16
[   29950ms] [WARNING] You don't have permission to use DEVTOOL!【type = 6】 @ https://yurigarden.com/assets/index-LUNgUZnA.js:16
[   30452ms] [WARNING] You don't have permission to use DEVTOOL!【type = 6】 @ https://yurigarden.com/assets/index-LUNgUZnA.js:16
[   30947ms] [WARNING] You don't have permission to use DEVTOOL!【type = 6】 @ https://yurigarden.com/assets/index-LUNgUZnA.js:16
[   31443ms] [WARNING] You don't have permission to use DEVTOOL!【type = 6】 @ https://yurigarden.com/assets/index-LUNgUZnA.js:16
[   31938ms] [WARNING] You don't have permission to use DEVTOOL!【type = 6】 @ https://yurigarden.com/assets/index-LUNgUZnA.js:16
[   32439ms] [WARNING] You don't have permission to use DEVTOOL!【type = 6】 @ https://yurigarden.com/assets/index-LUNgUZnA.js:16
[   32939ms] [WARNING] You don't have permission to use DEVTOOL!【type = 6】 @ https://yurigarden.com/assets/index-LUNgUZnA.js:16
[   33432ms] [WARNING] You don't have permission to use DEVTOOL!【type = 6】 @ https://yurigarden.com/assets/index-LUNgUZnA.js:16
[   33944ms] [WARNING] You don't have permission to use DEVTOOL!【type = 6】 @ https://yurigarden.com/assets/index-LUNgUZnA.js:16
[   34442ms] [WARNING] You don't have permission to use DEVTOOL!【type = 6】 @ https://yurigarden.com/assets/index-LUNgUZnA.js:16
[   34939ms] [WARNING] You don't have permission to use DEVTOOL!【type = 6】 @ https://yurigarden.com/assets/index-LUNgUZnA.js:16
[   35440ms] [WARNING] You don't have permission to use DEVTOOL!【type = 6】 @ https://yurigarden.com/assets/index-LUNgUZnA.js:16
[   35937ms] [WARNING] You don't have permission to use DEVTOOL!【type = 6】 @ https://yurigarden.com/assets/index-LUNgUZnA.js:16
[   36446ms] [WARNING] You don't have permission to use DEVTOOL!【type = 6】 @ https://yurigarden.com/assets/index-LUNgUZnA.js:16
[   37016ms] [WARNING] You don't have permission to use DEVTOOL!【type = 6】 @ https://yurigarden.com/assets/index-LUNgUZnA.js:16
[   37438ms] [WARNING] You don't have permission to use DEVTOOL!【type = 6】 @ https://yurigarden.com/assets/index-LUNgUZnA.js:16
[   37942ms] [WARNING] You don't have permission to use DEVTOOL!【type = 6】 @ https://yurigarden.com/assets/index-LUNgUZnA.js:16
[   38436ms] [WARNING] You don't have permission to use DEVTOOL!【type = 6】 @ https://yurigarden.com/assets/index-LUNgUZnA.js:16
[   38941ms] [WARNING] You don't have permission to use DEVTOOL!【type = 6】 @ https://yurigarden.com/assets/index-LUNgUZnA.js:16
[   39440ms] [WARNING] You don't have permission to use DEVTOOL!【type = 6】 @ https://yurigarden.com/assets/index-LUNgUZnA.js:16
[   39940ms] [WARNING] You don't have permission to use DEVTOOL!【type = 6】 @ https://yurigarden.com/assets/index-LUNgUZnA.js:16
[   40445ms] [WARNING] You don't have permission to use DEVTOOL!【type = 6】 @ https://yurigarden.com/assets/index-LUNgUZnA.js:16
[   40942ms] [WARNING] You don't have permission to use DEVTOOL!【type = 6】 @ https://yurigarden.com/assets/index-LUNgUZnA.js:16
[   41447ms] [WARNING] You don't have permission to use DEVTOOL!【type = 6】 @ https://yurigarden.com/assets/index-LUNgUZnA.js:16
[   41944ms] [WARNING] You don't have permission to use DEVTOOL!【type = 6】 @ https://yurigarden.com/assets/index-LUNgUZnA.js:16
[   42440ms] [WARNING] You don't have permission to use DEVTOOL!【type = 6】 @ https://yurigarden.com/assets/index-LUNgUZnA.js:16
[   42939ms] [WARNING] You don't have permission to use DEVTOOL!【type = 6】 @ https://yurigarden.com/assets/index-LUNgUZnA.js:16
[   43436ms] [WARNING] You don't have permission to use DEVTOOL!【type = 6】 @ https://yurigarden.com/assets/index-LUNgUZnA.js:16
[   43936ms] [WARNING] You don't have permission to use DEVTOOL!【type = 6】 @ https://yurigarden.com/assets/index-LUNgUZnA.js:16
[   44440ms] [WARNING] You don't have permission to use DEVTOOL!【type = 6】 @ https://yurigarden.com/assets/index-LUNgUZnA.js:16
[   44944ms] [WARNING] You don't have permission to use DEVTOOL!【type = 6】 @ https://yurigarden.com/assets/index-LUNgUZnA.js:16
[   45445ms] [WARNING] You don't have permission to use DEVTOOL!【type = 6】 @ https://yurigarden.com/assets/index-LUNgUZnA.js:16
[   45943ms] [WARNING] You don't have permission to use DEVTOOL!【type = 6】 @ https://yurigarden.com/assets/index-LUNgUZnA.js:16
[   46441ms] [WARNING] You don't have permission to use DEVTOOL!【type = 6】 @ https://yurigarden.com/assets/index-LUNgUZnA.js:16
[   46945ms] [WARNING] You don't have permission to use DEVTOOL!【type = 6】 @ https://yurigarden.com/assets/index-LUNgUZnA.js:16
[   47442ms] [WARNING] You don't have permission to use DEVTOOL!【type = 6】 @ https://yurigarden.com/assets/index-LUNgUZnA.js:16
[   47942ms] [WARNING] You don't have permission to use DEVTOOL!【type = 6】 @ https://yurigarden.com/assets/index-LUNgUZnA.js:16
[   48439ms] [WARNING] You don't have permission to use DEVTOOL!【type = 6】 @ https://yurigarden.com/assets/index-LUNgUZnA.js:16
[   48944ms] [WARNING] You don't have permission to use DEVTOOL!【type = 6】 @ https://yurigarden.com/assets/index-LUNgUZnA.js:16
[   49452ms] [WARNING] You don't have permission to use DEVTOOL!【type = 6】 @ https://yurigarden.com/assets/index-LUNgUZnA.js:16
[   49950ms] [WARNING] You don't have permission to use DEVTOOL!【type = 6】 @ https://yurigarden.com/assets/index-LUNgUZnA.js:16
[   50445ms] [WARNING] You don't have permission to use DEVTOOL!【type = 6】 @ https://yurigarden.com/assets/index-LUNgUZnA.js:16
[   50950ms] [WARNING] You don't have permission to use DEVTOOL!【type = 6】 @ https://yurigarden.com/assets/index-LUNgUZnA.js:16
[   51452ms] [WARNING] You don't have permission to use DEVTOOL!【type = 6】 @ https://yurigarden.com/assets/index-LUNgUZnA.js:16
[   51942ms] [WARNING] You don't have permission to use DEVTOOL!【type = 6】 @ https://yurigarden.com/assets/index-LUNgUZnA.js:16
[   52444ms] [WARNING] You don't have permission to use DEVTOOL!【type = 6】 @ https://yurigarden.com/assets/index-LUNgUZnA.js:16
[   52944ms] [WARNING] You don't have permission to use DEVTOOL!【type = 6】 @ https://yurigarden.com/assets/index-LUNgUZnA.js:16
[   53445ms] [WARNING] You don't have permission to use DEVTOOL!【type = 6】 @ https://yurigarden.com/assets/index-LUNgUZnA.js:16
[   53940ms] [WARNING] You don't have permission to use DEVTOOL!【type = 6】 @ https://yurigarden.com/assets/index-LUNgUZnA.js:16
[   54443ms] [WARNING] You don't have permission to use DEVTOOL!【type = 6】 @ https://yurigarden.com/assets/index-LUNgUZnA.js:16
[   54944ms] [WARNING] You don't have permission to use DEVTOOL!【type = 6】 @ https://yurigarden.com/assets/index-LUNgUZnA.js:16
[   55436ms] [WARNING] You don't have permission to use DEVTOOL!【type = 6】 @ https://yurigarden.com/assets/index-LUNgUZnA.js:16
[   55938ms] [WARNING] You don't have permission to use DEVTOOL!【type = 6】 @ https://yurigarden.com/assets/index-LUNgUZnA.js:16
[   56441ms] [WARNING] You don't have permission to use DEVTOOL!【type = 6】 @ https://yurigarden.com/assets/index-LUNgUZnA.js:16
[   56942ms] [WARNING] You don't have permission to use DEVTOOL!【type = 6】 @ https://yurigarden.com/assets/index-LUNgUZnA.js:16
[   57448ms] [WARNING] You don't have permission to use DEVTOOL!【type = 6】 @ https://yurigarden.com/assets/index-LUNgUZnA.js:16
[   57942ms] [WARNING] You don't have permission to use DEVTOOL!【type = 6】 @ https://yurigarden.com/assets/index-LUNgUZnA.js:16
[   58439ms] [WARNING] You don't have permission to use DEVTOOL!【type = 6】 @ https://yurigarden.com/assets/index-LUNgUZnA.js:16
[   58943ms] [WARNING] You don't have permission to use DEVTOOL!【type = 6】 @ https://yurigarden.com/assets/index-LUNgUZnA.js:16
[   59436ms] [WARNING] You don't have permission to use DEVTOOL!【type = 6】 @ https://yurigarden.com/assets/index-LUNgUZnA.js:16
[   59939ms] [WARNING] You don't have permission to use DEVTOOL!【type = 6】 @ https://yurigarden.com/assets/index-LUNgUZnA.js:16
[   60434ms] [WARNING] You don't have permission to use DEVTOOL!【type = 6】 @ https://yurigarden.com/assets/index-LUNgUZnA.js:16
[   60939ms] [WARNING] You don't have permission to use DEVTOOL!【type = 6】 @ https://yurigarden.com/assets/index-LUNgUZnA.js:16
[   61437ms] [WARNING] You don't have permission to use DEVTOOL!【type = 6】 @ https://yurigarden.com/assets/index-LUNgUZnA.js:16
[   61940ms] [WARNING] You don't have permission to use DEVTOOL!【type = 6】 @ https://yurigarden.com/assets/index-LUNgUZnA.js:16
[   62441ms] [WARNING] You don't have permission to use DEVTOOL!【type = 6】 @ https://yurigarden.com/assets/index-LUNgUZnA.js:16
[   62939ms] [WARNING] You don't have permission to use DEVTOOL!【type = 6】 @ https://yurigarden.com/assets/index-LUNgUZnA.js:16
[   63439ms] [WARNING] You don't have permission to use DEVTOOL!【type = 6】 @ https://yurigarden.com/assets/index-LUNgUZnA.js:16
[   63939ms] [WARNING] You don't have permission to use DEVTOOL!【type = 6】 @ https://yurigarden.com/assets/index-LUNgUZnA.js:16
[   64442ms] [WARNING] You don't have permission to use DEVTOOL!【type = 6】 @ https://yurigarden.com/assets/index-LUNgUZnA.js:16
[   64942ms] [WARNING] You don't have permission to use DEVTOOL!【type = 6】 @ https://yurigarden.com/assets/index-LUNgUZnA.js:16
[   65440ms] [WARNING] You don't have permission to use DEVTOOL!【type = 6】 @ https://yurigarden.com/assets/index-LUNgUZnA.js:16
[   65941ms] [WARNING] You don't have permission to use DEVTOOL!【type = 6】 @ https://yurigarden.com/assets/index-LUNgUZnA.js:16
[   66440ms] [WARNING] You don't have permission to use DEVTOOL!【type = 6】 @ https://yurigarden.com/assets/index-LUNgUZnA.js:16
[   66935ms] [WARNING] You don't have permission to use DEVTOOL!【type = 6】 @ https://yurigarden.com/assets/index-LUNgUZnA.js:16
[   67440ms] [WARNING] You don't have permission to use DEVTOOL!【type = 6】 @ https://yurigarden.com/assets/index-LUNgUZnA.js:16
[   67938ms] [WARNING] You don't have permission to use DEVTOOL!【type = 6】 @ https://yurigarden.com/assets/index-LUNgUZnA.js:16
[   68441ms] [WARNING] You don't have permission to use DEVTOOL!【type = 6】 @ https://yurigarden.com/assets/index-LUNgUZnA.js:16
[   68938ms] [WARNING] You don't have permission to use DEVTOOL!【type = 6】 @ https://yurigarden.com/assets/index-LUNgUZnA.js:16
[   69437ms] [WARNING] You don't have permission to use DEVTOOL!【type = 6】 @ https://yurigarden.com/assets/index-LUNgUZnA.js:16
[   69947ms] [WARNING] You don't have permission to use DEVTOOL!【type = 6】 @ https://yurigarden.com/assets/index-LUNgUZnA.js:16
[   70435ms] [WARNING] You don't have permission to use DEVTOOL!【type = 6】 @ https://yurigarden.com/assets/index-LUNgUZnA.js:16
[   70939ms] [WARNING] You don't have permission to use DEVTOOL!【type = 6】 @ https://yurigarden.com/assets/index-LUNgUZnA.js:16
[   71441ms] [WARNING] You don't have permission to use DEVTOOL!【type = 6】 @ https://yurigarden.com/assets/index-LUNgUZnA.js:16
[   71940ms] [WARNING] You don't have permission to use DEVTOOL!【type = 6】 @ https://yurigarden.com/assets/index-LUNgUZnA.js:16
[   72441ms] [WARNING] You don't have permission to use DEVTOOL!【type = 6】 @ https://yurigarden.com/assets/index-LUNgUZnA.js:16
[   72943ms] [WARNING] You don't have permission to use DEVTOOL!【type = 6】 @ https://yurigarden.com/assets/index-LUNgUZnA.js:16
[   73444ms] [WARNING] You don't have permission to use DEVTOOL!【type = 6】 @ https://yurigarden.com/assets/index-LUNgUZnA.js:16
[   73938ms] [WARNING] You don't have permission to use DEVTOOL!【type = 6】 @ https://yurigarden.com/assets/index-LUNgUZnA.js:16
[   74442ms] [WARNING] You don't have permission to use DEVTOOL!【type = 6】 @ https://yurigarden.com/assets/index-LUNgUZnA.js:16
[   74939ms] [WARNING] You don't have permission to use DEVTOOL!【type = 6】 @ https://yurigarden.com/assets/index-LUNgUZnA.js:16
[   75443ms] [WARNING] You don't have permission to use DEVTOOL!【type = 6】 @ https://yurigarden.com/assets/index-LUNgUZnA.js:16
[   75943ms] [WARNING] You don't have permission to use DEVTOOL!【type = 6】 @ https://yurigarden.com/assets/index-LUNgUZnA.js:16
[   76440ms] [WARNING] You don't have permission to use DEVTOOL!【type = 6】 @ https://yurigarden.com/assets/index-LUNgUZnA.js:16
[   76945ms] [WARNING] You don't have permission to use DEVTOOL!【type = 6】 @ https://yurigarden.com/assets/index-LUNgUZnA.js:16
[   77440ms] [WARNING] You don't have permission to use DEVTOOL!【type = 6】 @ https://yurigarden.com/assets/index-LUNgUZnA.js:16
[   77943ms] [WARNING] You don't have permission to use DEVTOOL!【type = 6】 @ https://yurigarden.com/assets/index-LUNgUZnA.js:16
[   78446ms] [WARNING] You don't have permission to use DEVTOOL!【type = 6】 @ https://yurigarden.com/assets/index-LUNgUZnA.js:16
[   78936ms] [WARNING] You don't have permission to use DEVTOOL!【type = 6】 @ https://yurigarden.com/assets/index-LUNgUZnA.js:16
[   79441ms] [WARNING] You don't have permission to use DEVTOOL!【type = 6】 @ https://yurigarden.com/assets/index-LUNgUZnA.js:16
[   79943ms] [WARNING] You don't have permission to use DEVTOOL!【type = 6】 @ https://yurigarden.com/assets/index-LUNgUZnA.js:16
[   80443ms] [WARNING] You don't have permission to use DEVTOOL!【type = 6】 @ https://yurigarden.com/assets/index-LUNgUZnA.js:16
[   80936ms] [WARNING] You don't have permission to use DEVTOOL!【type = 6】 @ https://yurigarden.com/assets/index-LUNgUZnA.js:16
[   81439ms] [WARNING] You don't have permission to use DEVTOOL!【type = 6】 @ https://yurigarden.com/assets/index-LUNgUZnA.js:16
[   81948ms] [WARNING] You don't have permission to use DEVTOOL!【type = 6】 @ https://yurigarden.com/assets/index-LUNgUZnA.js:16
[   82450ms] [WARNING] You don't have permission to use DEVTOOL!【type = 6】 @ https://yurigarden.com/assets/index-LUNgUZnA.js:16
[   82943ms] [WARNING] You don't have permission to use DEVTOOL!【type = 6】 @ https://yurigarden.com/assets/index-LUNgUZnA.js:16
[   83443ms] [WARNING] You don't have permission to use DEVTOOL!【type = 6】 @ https://yurigarden.com/assets/index-LUNgUZnA.js:16
[   83943ms] [WARNING] You don't have permission to use DEVTOOL!【type = 6】 @ https://yurigarden.com/assets/index-LUNgUZnA.js:16
[   84437ms] [WARNING] You don't have permission to use DEVTOOL!【type = 6】 @ https://yurigarden.com/assets/index-LUNgUZnA.js:16
[   84936ms] [WARNING] You don't have permission to use DEVTOOL!【type = 6】 @ https://yurigarden.com/assets/index-LUNgUZnA.js:16
[   85440ms] [WARNING] You don't have permission to use DEVTOOL!【type = 6】 @ https://yurigarden.com/assets/index-LUNgUZnA.js:16
[   85937ms] [WARNING] You don't have permission to use DEVTOOL!【type = 6】 @ https://yurigarden.com/assets/index-LUNgUZnA.js:16
[   86437ms] [WARNING] You don't have permission to use DEVTOOL!【type = 6】 @ https://yurigarden.com/assets/index-LUNgUZnA.js:16
[   86944ms] [WARNING] You don't have permission to use DEVTOOL!【type = 6】 @ https://yurigarden.com/assets/index-LUNgUZnA.js:16
[   87446ms] [WARNING] You don't have permission to use DEVTOOL!【type = 6】 @ https://yurigarden.com/assets/index-LUNgUZnA.js:16
[   87941ms] [WARNING] You don't have permission to use DEVTOOL!【type = 6】 @ https://yurigarden.com/assets/index-LUNgUZnA.js:16
[   88442ms] [WARNING] You don't have permission to use DEVTOOL!【type = 6】 @ https://yurigarden.com/assets/index-LUNgUZnA.js:16
[   88937ms] [WARNING] You don't have permission to use DEVTOOL!【type = 6】 @ https://yurigarden.com/assets/index-LUNgUZnA.js:16
[   89438ms] [WARNING] You don't have permission to use DEVTOOL!【type = 6】 @ https://yurigarden.com/assets/index-LUNgUZnA.js:16
[   89937ms] [WARNING] You don't have permission to use DEVTOOL!【type = 6】 @ https://yurigarden.com/assets/index-LUNgUZnA.js:16
[   90442ms] [WARNING] You don't have permission to use DEVTOOL!【type = 6】 @ https://yurigarden.com/assets/index-LUNgUZnA.js:16
[   90938ms] [WARNING] You don't have permission to use DEVTOOL!【type = 6】 @ https://yurigarden.com/assets/index-LUNgUZnA.js:16
[   91438ms] [WARNING] You don't have permission to use DEVTOOL!【type = 6】 @ https://yurigarden.com/assets/index-LUNgUZnA.js:16
[   91931ms] [WARNING] You don't have permission to use DEVTOOL!【type = 6】 @ https://yurigarden.com/assets/index-LUNgUZnA.js:16
[   92439ms] [WARNING] You don't have permission to use DEVTOOL!【type = 6】 @ https://yurigarden.com/assets/index-LUNgUZnA.js:16
[   92941ms] [WARNING] You don't have permission to use DEVTOOL!【type = 6】 @ https://yurigarden.com/assets/index-LUNgUZnA.js:16
[   93437ms] [WARNING] You don't have permission to use DEVTOOL!【type = 6】 @ https://yurigarden.com/assets/index-LUNgUZnA.js:16
[   93942ms] [WARNING] You don't have permission to use DEVTOOL!【type = 6】 @ https://yurigarden.com/assets/index-LUNgUZnA.js:16
[   94434ms] [WARNING] You don't have permission to use DEVTOOL!【type = 6】 @ https://yurigarden.com/assets/index-LUNgUZnA.js:16
[   94938ms] [WARNING] You don't have permission to use DEVTOOL!【type = 6】 @ https://yurigarden.com/assets/index-LUNgUZnA.js:16
[   95438ms] [WARNING] You don't have permission to use DEVTOOL!【type = 6】 @ https://yurigarden.com/assets/index-LUNgUZnA.js:16
[   95937ms] [WARNING] You don't have permission to use DEVTOOL!【type = 6】 @ https://yurigarden.com/assets/index-LUNgUZnA.js:16
[   96437ms] [WARNING] You don't have permission to use DEVTOOL!【type = 6】 @ https://yurigarden.com/assets/index-LUNgUZnA.js:16
[   96938ms] [WARNING] You don't have permission to use DEVTOOL!【type = 6】 @ https://yurigarden.com/assets/index-LUNgUZnA.js:16
[   97441ms] [WARNING] You don't have permission to use DEVTOOL!【type = 6】 @ https://yurigarden.com/assets/index-LUNgUZnA.js:16
[   97939ms] [WARNING] You don't have permission to use DEVTOOL!【type = 6】 @ https://yurigarden.com/assets/index-LUNgUZnA.js:16
[   98438ms] [WARNING] You don't have permission to use DEVTOOL!【type = 6】 @ https://yurigarden.com/assets/index-LUNgUZnA.js:16
[   98935ms] [WARNING] You don't have permission to use DEVTOOL!【type = 6】 @ https://yurigarden.com/assets/index-LUNgUZnA.js:16
[   99443ms] [WARNING] You don't have permission to use DEVTOOL!【type = 6】 @ https://yurigarden.com/assets/index-LUNgUZnA.js:16
[   99931ms] [WARNING] You don't have permission to use DEVTOOL!【type = 6】 @ https://yurigarden.com/assets/index-LUNgUZnA.js:16
[  100440ms] [WARNING] You don't have permission to use DEVTOOL!【type = 6】 @ https://yurigarden.com/assets/index-LUNgUZnA.js:16
[  100935ms] [WARNING] You don't have permission to use DEVTOOL!【type = 6】 @ https://yurigarden.com/assets/index-LUNgUZnA.js:16
[  101440ms] [WARNING] You don't have permission to use DEVTOOL!【type = 6】 @ https://yurigarden.com/assets/index-LUNgUZnA.js:16
[  101931ms] [WARNING] You don't have permission to use DEVTOOL!【type = 6】 @ https://yurigarden.com/assets/index-LUNgUZnA.js:16
[  102439ms] [WARNING] You don't have permission to use DEVTOOL!【type = 6】 @ https://yurigarden.com/assets/index-LUNgUZnA.js:16
[  102942ms] [WARNING] You don't have permission to use DEVTOOL!【type = 6】 @ https://yurigarden.com/assets/index-LUNgUZnA.js:16
[  103433ms] [WARNING] You don't have permission to use DEVTOOL!【type = 6】 @ https://yurigarden.com/assets/index-LUNgUZnA.js:16
[  103937ms] [WARNING] You don't have permission to use DEVTOOL!【type = 6】 @ https://yurigarden.com/assets/index-LUNgUZnA.js:16
[  104439ms] [WARNING] You don't have permission to use DEVTOOL!【type = 6】 @ https://yurigarden.com/assets/index-LUNgUZnA.js:16
[  104936ms] [WARNING] You don't have permission to use DEVTOOL!【type = 6】 @ https://yurigarden.com/assets/index-LUNgUZnA.js:16
[  105460ms] [WARNING] You don't have permission to use DEVTOOL!【type = 6】 @ https://yurigarden.com/assets/index-LUNgUZnA.js:16
[  105940ms] [WARNING] You don't have permission to use DEVTOOL!【type = 6】 @ https://yurigarden.com/assets/index-LUNgUZnA.js:16
[  106439ms] [WARNING] You don't have permission to use DEVTOOL!【type = 6】 @ https://yurigarden.com/assets/index-LUNgUZnA.js:16
[  106947ms] [WARNING] You don't have permission to use DEVTOOL!【type = 6】 @ https://yurigarden.com/assets/index-LUNgUZnA.js:16
[  107445ms] [WARNING] You don't have permission to use DEVTOOL!【type = 6】 @ https://yurigarden.com/assets/index-LUNgUZnA.js:16
[  107942ms] [WARNING] You don't have permission to use DEVTOOL!【type = 6】 @ https://yurigarden.com/assets/index-LUNgUZnA.js:16
[  108432ms] [WARNING] You don't have permission to use DEVTOOL!【type = 6】 @ https://yurigarden.com/assets/index-LUNgUZnA.js:16
[  108941ms] [WARNING] You don't have permission to use DEVTOOL!【type = 6】 @ https://yurigarden.com/assets/index-LUNgUZnA.js:16
[  109447ms] [WARNING] You don't have permission to use DEVTOOL!【type = 6】 @ https://yurigarden.com/assets/index-LUNgUZnA.js:16
[  109939ms] [WARNING] You don't have permission to use DEVTOOL!【type = 6】 @ https://yurigarden.com/assets/index-LUNgUZnA.js:16
[  110440ms] [WARNING] You don't have permission to use DEVTOOL!【type = 6】 @ https://yurigarden.com/assets/index-LUNgUZnA.js:16
[  110942ms] [WARNING] You don't have permission to use DEVTOOL!【type = 6】 @ https://yurigarden.com/assets/index-LUNgUZnA.js:16
[  111445ms] [WARNING] You don't have permission to use DEVTOOL!【type = 6】 @ https://yurigarden.com/assets/index-LUNgUZnA.js:16
[  111943ms] [WARNING] You don't have permission to use DEVTOOL!【type = 6】 @ https://yurigarden.com/assets/index-LUNgUZnA.js:16
[  112452ms] [WARNING] You don't have permission to use DEVTOOL!【type = 6】 @ https://yurigarden.com/assets/index-LUNgUZnA.js:16
[  112950ms] [WARNING] You don't have permission to use DEVTOOL!【type = 6】 @ https://yurigarden.com/assets/index-LUNgUZnA.js:16
[  113450ms] [WARNING] You don't have permission to use DEVTOOL!【type = 6】 @ https://yurigarden.com/assets/index-LUNgUZnA.js:16
[  113949ms] [WARNING] You don't have permission to use DEVTOOL!【type = 6】 @ https://yurigarden.com/assets/index-LUNgUZnA.js:16
[  114451ms] [WARNING] You don't have permission to use DEVTOOL!【type = 6】 @ https://yurigarden.com/assets/index-LUNgUZnA.js:16
[  114958ms] [WARNING] You don't have permission to use DEVTOOL!【type = 6】 @ https://yurigarden.com/assets/index-LUNgUZnA.js:16
[  115454ms] [WARNING] You don't have permission to use DEVTOOL!【type = 6】 @ https://yurigarden.com/assets/index-LUNgUZnA.js:16
[  115953ms] [WARNING] You don't have permission to use DEVTOOL!【type = 6】 @ https://yurigarden.com/assets/index-LUNgUZnA.js:16
[  116446ms] [WARNING] You don't have permission to use DEVTOOL!【type = 6】 @ https://yurigarden.com/assets/index-LUNgUZnA.js:16
[  116944ms] [WARNING] You don't have permission to use DEVTOOL!【type = 6】 @ https://yurigarden.com/assets/index-LUNgUZnA.js:16
[  117441ms] [WARNING] You don't have permission to use DEVTOOL!【type = 6】 @ https://yurigarden.com/assets/index-LUNgUZnA.js:16
[  117933ms] [WARNING] You don't have permission to use DEVTOOL!【type = 6】 @ https://yurigarden.com/assets/index-LUNgUZnA.js:16
[  118445ms] [WARNING] You don't have permission to use DEVTOOL!【type = 6】 @ https://yurigarden.com/assets/index-LUNgUZnA.js:16
[  118939ms] [WARNING] You don't have permission to use DEVTOOL!【type = 6】 @ https://yurigarden.com/assets/index-LUNgUZnA.js:16
[  119438ms] [WARNING] You don't have permission to use DEVTOOL!【type = 6】 @ https://yurigarden.com/assets/index-LUNgUZnA.js:16
[  119941ms] [WARNING] You don't have permission to use DEVTOOL!【type = 6】 @ https://yurigarden.com/assets/index-LUNgUZnA.js:16
[  120438ms] [WARNING] You don't have permission to use DEVTOOL!【type = 6】 @ https://yurigarden.com/assets/index-LUNgUZnA.js:16
[  120939ms] [WARNING] You don't have permission to use DEVTOOL!【type = 6】 @ https://yurigarden.com/assets/index-LUNgUZnA.js:16
[  121445ms] [WARNING] You don't have permission to use DEVTOOL!【type = 6】 @ https://yurigarden.com/assets/index-LUNgUZnA.js:16
[  121939ms] [WARNING] You don't have permission to use DEVTOOL!【type = 6】 @ https://yurigarden.com/assets/index-LUNgUZnA.js:16
[  122440ms] [WARNING] You don't have permission to use DEVTOOL!【type = 6】 @ https://yurigarden.com/assets/index-LUNgUZnA.js:16
[  122937ms] [WARNING] You don't have permission to use DEVTOOL!【type = 6】 @ https://yurigarden.com/assets/index-LUNgUZnA.js:16
[  123446ms] [WARNING] You don't have permission to use DEVTOOL!【type = 6】 @ https://yurigarden.com/assets/index-LUNgUZnA.js:16
[  123940ms] [WARNING] You don't have permission to use DEVTOOL!【type = 6】 @ https://yurigarden.com/assets/index-LUNgUZnA.js:16
[  124440ms] [WARNING] You don't have permission to use DEVTOOL!【type = 6】 @ https://yurigarden.com/assets/index-LUNgUZnA.js:16
[  124944ms] [WARNING] You don't have permission to use DEVTOOL!【type = 6】 @ https://yurigarden.com/assets/index-LUNgUZnA.js:16
[  125434ms] [WARNING] You don't have permission to use DEVTOOL!【type = 6】 @ https://yurigarden.com/assets/index-LUNgUZnA.js:16
[  125938ms] [WARNING] You don't have permission to use DEVTOOL!【type = 6】 @ https://yurigarden.com/assets/index-LUNgUZnA.js:16
[  126443ms] [WARNING] You don't have permission to use DEVTOOL!【type = 6】 @ https://yurigarden.com/assets/index-LUNgUZnA.js:16
[  126941ms] [WARNING] You don't have permission to use DEVTOOL!【type = 6】 @ https://yurigarden.com/assets/index-LUNgUZnA.js:16
[  127437ms] [WARNING] You don't have permission to use DEVTOOL!【type = 6】 @ https://yurigarden.com/assets/index-LUNgUZnA.js:16
[  127943ms] [WARNING] You don't have permission to use DEVTOOL!【type = 6】 @ https://yurigarden.com/assets/index-LUNgUZnA.js:16
[  128444ms] [WARNING] You don't have permission to use DEVTOOL!【type = 6】 @ https://yurigarden.com/assets/index-LUNgUZnA.js:16
[  128937ms] [WARNING] You don't have permission to use DEVTOOL!【type = 6】 @ https://yurigarden.com/assets/index-LUNgUZnA.js:16
[  129440ms] [WARNING] You don't have permission to use DEVTOOL!【type = 6】 @ https://yurigarden.com/assets/index-LUNgUZnA.js:16
[  129941ms] [WARNING] You don't have permission to use DEVTOOL!【type = 6】 @ https://yurigarden.com/assets/index-LUNgUZnA.js:16
[  130437ms] [WARNING] You don't have permission to use DEVTOOL!【type = 6】 @ https://yurigarden.com/assets/index-LUNgUZnA.js:16
[  130939ms] [WARNING] You don't have permission to use DEVTOOL!【type = 6】 @ https://yurigarden.com/assets/index-LUNgUZnA.js:16
[  131441ms] [WARNING] You don't have permission to use DEVTOOL!【type = 6】 @ https://yurigarden.com/assets/index-LUNgUZnA.js:16
[  131939ms] [WARNING] You don't have permission to use DEVTOOL!【type = 6】 @ https://yurigarden.com/assets/index-LUNgUZnA.js:16
[  132442ms] [WARNING] You don't have permission to use DEVTOOL!【type = 6】 @ https://yurigarden.com/assets/index-LUNgUZnA.js:16
[  132941ms] [WARNING] You don't have permission to use DEVTOOL!【type = 6】 @ https://yurigarden.com/assets/index-LUNgUZnA.js:16
[  133453ms] [WARNING] You don't have permission to use DEVTOOL!【type = 6】 @ https://yurigarden.com/assets/index-LUNgUZnA.js:16
[  133940ms] [WARNING] You don't have permission to use DEVTOOL!【type = 6】 @ https://yurigarden.com/assets/index-LUNgUZnA.js:16
[  134440ms] [WARNING] You don't have permission to use DEVTOOL!【type = 6】 @ https://yurigarden.com/assets/index-LUNgUZnA.js:16
[  134932ms] [WARNING] You don't have permission to use DEVTOOL!【type = 6】 @ https://yurigarden.com/assets/index-LUNgUZnA.js:16
[  135440ms] [WARNING] You don't have permission to use DEVTOOL!【type = 6】 @ https://yurigarden.com/assets/index-LUNgUZnA.js:16
[  135939ms] [WARNING] You don't have permission to use DEVTOOL!【type = 6】 @ https://yurigarden.com/assets/index-LUNgUZnA.js:16
[  136441ms] [WARNING] You don't have permission to use DEVTOOL!【type = 6】 @ https://yurigarden.com/assets/index-LUNgUZnA.js:16
[  136939ms] [WARNING] You don't have permission to use DEVTOOL!【type = 6】 @ https://yurigarden.com/assets/index-LUNgUZnA.js:16
[  137444ms] [WARNING] You don't have permission to use DEVTOOL!【type = 6】 @ https://yurigarden.com/assets/index-LUNgUZnA.js:16
[  137938ms] [WARNING] You don't have permission to use DEVTOOL!【type = 6】 @ https://yurigarden.com/assets/index-LUNgUZnA.js:16
[  138441ms] [WARNING] You don't have permission to use DEVTOOL!【type = 6】 @ https://yurigarden.com/assets/index-LUNgUZnA.js:16
[  138938ms] [WARNING] You don't have permission to use DEVTOOL!【type = 6】 @ https://yurigarden.com/assets/index-LUNgUZnA.js:16
[  139439ms] [WARNING] You don't have permission to use DEVTOOL!【type = 6】 @ https://yurigarden.com/assets/index-LUNgUZnA.js:16
[  139936ms] [WARNING] You don't have permission to use DEVTOOL!【type = 6】 @ https://yurigarden.com/assets/index-LUNgUZnA.js:16
[  140437ms] [WARNING] You don't have permission to use DEVTOOL!【type = 6】 @ https://yurigarden.com/assets/index-LUNgUZnA.js:16
[  140937ms] [WARNING] You don't have permission to use DEVTOOL!【type = 6】 @ https://yurigarden.com/assets/index-LUNgUZnA.js:16
[  141441ms] [WARNING] You don't have permission to use DEVTOOL!【type = 6】 @ https://yurigarden.com/assets/index-LUNgUZnA.js:16
[  141939ms] [WARNING] You don't have permission to use DEVTOOL!【type = 6】 @ https://yurigarden.com/assets/index-LUNgUZnA.js:16
[  142445ms] [WARNING] You don't have permission to use DEVTOOL!【type = 6】 @ https://yurigarden.com/assets/index-LUNgUZnA.js:16
[  142952ms] [WARNING] You don't have permission to use DEVTOOL!【type = 6】 @ https://yurigarden.com/assets/index-LUNgUZnA.js:16
[  143443ms] [WARNING] You don't have permission to use DEVTOOL!【type = 6】 @ https://yurigarden.com/assets/index-LUNgUZnA.js:16
[  143941ms] [WARNING] You don't have permission to use DEVTOOL!【type = 6】 @ https://yurigarden.com/assets/index-LUNgUZnA.js:16
[  144442ms] [WARNING] You don't have permission to use DEVTOOL!【type = 6】 @ https://yurigarden.com/assets/index-LUNgUZnA.js:16
[  144938ms] [WARNING] You don't have permission to use DEVTOOL!【type = 6】 @ https://yurigarden.com/assets/index-LUNgUZnA.js:16
[  145438ms] [WARNING] You don't have permission to use DEVTOOL!【type = 6】 @ https://yurigarden.com/assets/index-LUNgUZnA.js:16
[  145941ms] [WARNING] You don't have permission to use DEVTOOL!【type = 6】 @ https://yurigarden.com/assets/index-LUNgUZnA.js:16
[  146438ms] [WARNING] You don't have permission to use DEVTOOL!【type = 6】 @ https://yurigarden.com/assets/index-LUNgUZnA.js:16
[  146940ms] [WARNING] You don't have permission to use DEVTOOL!【type = 6】 @ https://yurigarden.com/assets/index-LUNgUZnA.js:16
[  147434ms] [WARNING] You don't have permission to use DEVTOOL!【type = 6】 @ https://yurigarden.com/assets/index-LUNgUZnA.js:16
[  147933ms] [WARNING] You don't have permission to use DEVTOOL!【type = 6】 @ https://yurigarden.com/assets/index-LUNgUZnA.js:16
[  148444ms] [WARNING] You don't have permission to use DEVTOOL!【type = 6】 @ https://yurigarden.com/assets/index-LUNgUZnA.js:16
[  148942ms] [WARNING] You don't have permission to use DEVTOOL!【type = 6】 @ https://yurigarden.com/assets/index-LUNgUZnA.js:16
[  149440ms] [WARNING] You don't have permission to use DEVTOOL!【type = 6】 @ https://yurigarden.com/assets/index-LUNgUZnA.js:16
[  149944ms] [WARNING] You don't have permission to use DEVTOOL!【type = 6】 @ https://yurigarden.com/assets/index-LUNgUZnA.js:16
[  150441ms] [WARNING] You don't have permission to use DEVTOOL!【type = 6】 @ https://yurigarden.com/assets/index-LUNgUZnA.js:16
[  150943ms] [WARNING] You don't have permission to use DEVTOOL!【type = 6】 @ https://yurigarden.com/assets/index-LUNgUZnA.js:16
[  151455ms] [WARNING] You don't have permission to use DEVTOOL!【type = 6】 @ https://yurigarden.com/assets/index-LUNgUZnA.js:16
[  151943ms] [WARNING] You don't have permission to use DEVTOOL!【type = 6】 @ https://yurigarden.com/assets/index-LUNgUZnA.js:16
[  152441ms] [WARNING] You don't have permission to use DEVTOOL!【type = 6】 @ https://yurigarden.com/assets/index-LUNgUZnA.js:16
[  152938ms] [WARNING] You don't have permission to use DEVTOOL!【type = 6】 @ https://yurigarden.com/assets/index-LUNgUZnA.js:16
[  153443ms] [WARNING] You don't have permission to use DEVTOOL!【type = 6】 @ https://yurigarden.com/assets/index-LUNgUZnA.js:16
[  153941ms] [WARNING] You don't have permission to use DEVTOOL!【type = 6】 @ https://yurigarden.com/assets/index-LUNgUZnA.js:16
[  154439ms] [WARNING] You don't have permission to use DEVTOOL!【type = 6】 @ https://yurigarden.com/assets/index-LUNgUZnA.js:16
[  154940ms] [WARNING] You don't have permission to use DEVTOOL!【type = 6】 @ https://yurigarden.com/assets/index-LUNgUZnA.js:16
[  155436ms] [WARNING] You don't have permission to use DEVTOOL!【type = 6】 @ https://yurigarden.com/assets/index-LUNgUZnA.js:16
[  155932ms] [WARNING] You don't have permission to use DEVTOOL!【type = 6】 @ https://yurigarden.com/assets/index-LUNgUZnA.js:16
[  156440ms] [WARNING] You don't have permission to use DEVTOOL!【type = 6】 @ https://yurigarden.com/assets/index-LUNgUZnA.js:16
[  156939ms] [WARNING] You don't have permission to use DEVTOOL!【type = 6】 @ https://yurigarden.com/assets/index-LUNgUZnA.js:16
[  157440ms] [WARNING] You don't have permission to use DEVTOOL!【type = 6】 @ https://yurigarden.com/assets/index-LUNgUZnA.js:16
[  157938ms] [WARNING] You don't have permission to use DEVTOOL!【type = 6】 @ https://yurigarden.com/assets/index-LUNgUZnA.js:16
[  158436ms] [WARNING] You don't have permission to use DEVTOOL!【type = 6】 @ https://yurigarden.com/assets/index-LUNgUZnA.js:16
[  158933ms] [WARNING] You don't have permission to use DEVTOOL!【type = 6】 @ https://yurigarden.com/assets/index-LUNgUZnA.js:16
[  159439ms] [WARNING] You don't have permission to use DEVTOOL!【type = 6】 @ https://yurigarden.com/assets/index-LUNgUZnA.js:16
[  159939ms] [WARNING] You don't have permission to use DEVTOOL!【type = 6】 @ https://yurigarden.com/assets/index-LUNgUZnA.js:16
[  160438ms] [WARNING] You don't have permission to use DEVTOOL!【type = 6】 @ https://yurigarden.com/assets/index-LUNgUZnA.js:16
[  160943ms] [WARNING] You don't have permission to use DEVTOOL!【type = 6】 @ https://yurigarden.com/assets/index-LUNgUZnA.js:16
[  161435ms] [WARNING] You don't have permission to use DEVTOOL!【type = 6】 @ https://yurigarden.com/assets/index-LUNgUZnA.js:16
[  161939ms] [WARNING] You don't have permission to use DEVTOOL!【type = 6】 @ https://yurigarden.com/assets/index-LUNgUZnA.js:16
[  162442ms] [WARNING] You don't have permission to use DEVTOOL!【type = 6】 @ https://yurigarden.com/assets/index-LUNgUZnA.js:16
[  162939ms] [WARNING] You don't have permission to use DEVTOOL!【type = 6】 @ https://yurigarden.com/assets/index-LUNgUZnA.js:16
[  163442ms] [WARNING] You don't have permission to use DEVTOOL!【type = 6】 @ https://yurigarden.com/assets/index-LUNgUZnA.js:16
[  163944ms] [WARNING] You don't have permission to use DEVTOOL!【type = 6】 @ https://yurigarden.com/assets/index-LUNgUZnA.js:16
[  164451ms] [WARNING] You don't have permission to use DEVTOOL!【type = 6】 @ https://yurigarden.com/assets/index-LUNgUZnA.js:16
[  164937ms] [WARNING] You don't have permission to use DEVTOOL!【type = 6】 @ https://yurigarden.com/assets/index-LUNgUZnA.js:16
[  165436ms] [WARNING] You don't have permission to use DEVTOOL!【type = 6】 @ https://yurigarden.com/assets/index-LUNgUZnA.js:16
[  165941ms] [WARNING] You don't have permission to use DEVTOOL!【type = 6】 @ https://yurigarden.com/assets/index-LUNgUZnA.js:16
[  166438ms] [WARNING] You don't have permission to use DEVTOOL!【type = 6】 @ https://yurigarden.com/assets/index-LUNgUZnA.js:16
[  166941ms] [WARNING] You don't have permission to use DEVTOOL!【type = 6】 @ https://yurigarden.com/assets/index-LUNgUZnA.js:16
[  167447ms] [WARNING] You don't have permission to use DEVTOOL!【type = 6】 @ https://yurigarden.com/assets/index-LUNgUZnA.js:16
[  167942ms] [WARNING] You don't have permission to use DEVTOOL!【type = 6】 @ https://yurigarden.com/assets/index-LUNgUZnA.js:16
[  168444ms] [WARNING] You don't have permission to use DEVTOOL!【type = 6】 @ https://yurigarden.com/assets/index-LUNgUZnA.js:16
[  168950ms] [WARNING] You don't have permission to use DEVTOOL!【type = 6】 @ https://yurigarden.com/assets/index-LUNgUZnA.js:16
[  169440ms] [WARNING] You don't have permission to use DEVTOOL!【type = 6】 @ https://yurigarden.com/assets/index-LUNgUZnA.js:16
[  169937ms] [WARNING] You don't have permission to use DEVTOOL!【type = 6】 @ https://yurigarden.com/assets/index-LUNgUZnA.js:16
[  170445ms] [WARNING] You don't have permission to use DEVTOOL!【type = 6】 @ https://yurigarden.com/assets/index-LUNgUZnA.js:16
[  170948ms] [WARNING] You don't have permission to use DEVTOOL!【type = 6】 @ https://yurigarden.com/assets/index-LUNgUZnA.js:16
[  171442ms] [WARNING] You don't have permission to use DEVTOOL!【type = 6】 @ https://yurigarden.com/assets/index-LUNgUZnA.js:16
[  171943ms] [WARNING] You don't have permission to use DEVTOOL!【type = 6】 @ https://yurigarden.com/assets/index-LUNgUZnA.js:16
[  172448ms] [WARNING] You don't have permission to use DEVTOOL!【type = 6】 @ https://yurigarden.com/assets/index-LUNgUZnA.js:16
[  172947ms] [WARNING] You don't have permission to use DEVTOOL!【type = 6】 @ https://yurigarden.com/assets/index-LUNgUZnA.js:16
[  173448ms] [WARNING] You don't have permission to use DEVTOOL!【type = 6】 @ https://yurigarden.com/assets/index-LUNgUZnA.js:16
[  173938ms] [WARNING] You don't have permission to use DEVTOOL!【type = 6】 @ https://yurigarden.com/assets/index-LUNgUZnA.js:16
[  174443ms] [WARNING] You don't have permission to use DEVTOOL!【type = 6】 @ https://yurigarden.com/assets/index-LUNgUZnA.js:16
[  174942ms] [WARNING] You don't have permission to use DEVTOOL!【type = 6】 @ https://yurigarden.com/assets/index-LUNgUZnA.js:16
[  175439ms] [WARNING] You don't have permission to use DEVTOOL!【type = 6】 @ https://yurigarden.com/assets/index-LUNgUZnA.js:16
[  175941ms] [WARNING] You don't have permission to use DEVTOOL!【type = 6】 @ https://yurigarden.com/assets/index-LUNgUZnA.js:16
[  176439ms] [WARNING] You don't have permission to use DEVTOOL!【type = 6】 @ https://yurigarden.com/assets/index-LUNgUZnA.js:16
[  176942ms] [WARNING] You don't have permission to use DEVTOOL!【type = 6】 @ https://yurigarden.com/assets/index-LUNgUZnA.js:16
[  177449ms] [WARNING] You don't have permission to use DEVTOOL!【type = 6】 @ https://yurigarden.com/assets/index-LUNgUZnA.js:16
[  177939ms] [WARNING] You don't have permission to use DEVTOOL!【type = 6】 @ https://yurigarden.com/assets/index-LUNgUZnA.js:16
[  178442ms] [WARNING] You don't have permission to use DEVTOOL!【type = 6】 @ https://yurigarden.com/assets/index-LUNgUZnA.js:16
[  178936ms] [WARNING] You don't have permission to use DEVTOOL!【type = 6】 @ https://yurigarden.com/assets/index-LUNgUZnA.js:16
[  179439ms] [WARNING] You don't have permission to use DEVTOOL!【type = 6】 @ https://yurigarden.com/assets/index-LUNgUZnA.js:16
[  179939ms] [WARNING] You don't have permission to use DEVTOOL!【type = 6】 @ https://yurigarden.com/assets/index-LUNgUZnA.js:16
[  180435ms] [WARNING] You don't have permission to use DEVTOOL!【type = 6】 @ https://yurigarden.com/assets/index-LUNgUZnA.js:16
[  180935ms] [WARNING] You don't have permission to use DEVTOOL!【type = 6】 @ https://yurigarden.com/assets/index-LUNgUZnA.js:16
[  181439ms] [WARNING] You don't have permission to use DEVTOOL!【type = 6】 @ https://yurigarden.com/assets/index-LUNgUZnA.js:16
[  181939ms] [WARNING] You don't have permission to use DEVTOOL!【type = 6】 @ https://yurigarden.com/assets/index-LUNgUZnA.js:16
[  182440ms] [WARNING] You don't have permission to use DEVTOOL!【type = 6】 @ https://yurigarden.com/assets/index-LUNgUZnA.js:16
[  182934ms] [WARNING] You don't have permission to use DEVTOOL!【type = 6】 @ https://yurigarden.com/assets/index-LUNgUZnA.js:16
[  183444ms] [WARNING] You don't have permission to use DEVTOOL!【type = 6】 @ https://yurigarden.com/assets/index-LUNgUZnA.js:16
[  183935ms] [WARNING] You don't have permission to use DEVTOOL!【type = 6】 @ https://yurigarden.com/assets/index-LUNgUZnA.js:16
[  184437ms] [WARNING] You don't have permission to use DEVTOOL!【type = 6】 @ https://yurigarden.com/assets/index-LUNgUZnA.js:16
[  184938ms] [WARNING] You don't have permission to use DEVTOOL!【type = 6】 @ https://yurigarden.com/assets/index-LUNgUZnA.js:16
[  185442ms] [WARNING] You don't have permission to use DEVTOOL!【type = 6】 @ https://yurigarden.com/assets/index-LUNgUZnA.js:16
[  185934ms] [WARNING] You don't have permission to use DEVTOOL!【type = 6】 @ https://yurigarden.com/assets/index-LUNgUZnA.js:16
[  186440ms] [WARNING] You don't have permission to use DEVTOOL!【type = 6】 @ https://yurigarden.com/assets/index-LUNgUZnA.js:16
[  186937ms] [WARNING] You don't have permission to use DEVTOOL!【type = 6】 @ https://yurigarden.com/assets/index-LUNgUZnA.js:16
[  187439ms] [WARNING] You don't have permission to use DEVTOOL!【type = 6】 @ https://yurigarden.com/assets/index-LUNgUZnA.js:16
[  187938ms] [WARNING] You don't have permission to use DEVTOOL!【type = 6】 @ https://yurigarden.com/assets/index-LUNgUZnA.js:16
[  188446ms] [WARNING] You don't have permission to use DEVTOOL!【type = 6】 @ https://yurigarden.com/assets/index-LUNgUZnA.js:16
[  188935ms] [WARNING] You don't have permission to use DEVTOOL!【type = 6】 @ https://yurigarden.com/assets/index-LUNgUZnA.js:16
[  189443ms] [WARNING] You don't have permission to use DEVTOOL!【type = 6】 @ https://yurigarden.com/assets/index-LUNgUZnA.js:16
[  189948ms] [WARNING] You don't have permission to use DEVTOOL!【type = 6】 @ https://yurigarden.com/assets/index-LUNgUZnA.js:16
[  190449ms] [WARNING] You don't have permission to use DEVTOOL!【type = 6】 @ https://yurigarden.com/assets/index-LUNgUZnA.js:16
[  190954ms] [WARNING] You don't have permission to use DEVTOOL!【type = 6】 @ https://yurigarden.com/assets/index-LUNgUZnA.js:16
[  191443ms] [WARNING] You don't have permission to use DEVTOOL!【type = 6】 @ https://yurigarden.com/assets/index-LUNgUZnA.js:16
[  191961ms] [WARNING] You don't have permission to use DEVTOOL!【type = 6】 @ https://yurigarden.com/assets/index-LUNgUZnA.js:16
[  192450ms] [WARNING] You don't have permission to use DEVTOOL!【type = 6】 @ https://yurigarden.com/assets/index-LUNgUZnA.js:16
[  192944ms] [WARNING] You don't have permission to use DEVTOOL!【type = 6】 @ https://yurigarden.com/assets/index-LUNgUZnA.js:16
[  193448ms] [WARNING] You don't have permission to use DEVTOOL!【type = 6】 @ https://yurigarden.com/assets/index-LUNgUZnA.js:16
[  193946ms] [WARNING] You don't have permission to use DEVTOOL!【type = 6】 @ https://yurigarden.com/assets/index-LUNgUZnA.js:16
[  194473ms] [WARNING] You don't have permission to use DEVTOOL!【type = 6】 @ https://yurigarden.com/assets/index-LUNgUZnA.js:16
[  194958ms] [WARNING] You don't have permission to use DEVTOOL!【type = 6】 @ https://yurigarden.com/assets/index-LUNgUZnA.js:16
[  195449ms] [WARNING] You don't have permission to use DEVTOOL!【type = 6】 @ https://yurigarden.com/assets/index-LUNgUZnA.js:16
[  195959ms] [WARNING] You don't have permission to use DEVTOOL!【type = 6】 @ https://yurigarden.com/assets/index-LUNgUZnA.js:16
[  196450ms] [WARNING] You don't have permission to use DEVTOOL!【type = 6】 @ https://yurigarden.com/assets/index-LUNgUZnA.js:16
[  196952ms] [WARNING] You don't have permission to use DEVTOOL!【type = 6】 @ https://yurigarden.com/assets/index-LUNgUZnA.js:16
[  197452ms] [WARNING] You don't have permission to use DEVTOOL!【type = 6】 @ https://yurigarden.com/assets/index-LUNgUZnA.js:16
[  197945ms] [WARNING] You don't have permission to use DEVTOOL!【type = 6】 @ https://yurigarden.com/assets/index-LUNgUZnA.js:16
[  198445ms] [WARNING] You don't have permission to use DEVTOOL!【type = 6】 @ https://yurigarden.com/assets/index-LUNgUZnA.js:16
[  198945ms] [WARNING] You don't have permission to use DEVTOOL!【type = 6】 @ https://yurigarden.com/assets/index-LUNgUZnA.js:16
[  199457ms] [WARNING] You don't have permission to use DEVTOOL!【type = 6】 @ https://yurigarden.com/assets/index-LUNgUZnA.js:16
[  199942ms] [WARNING] You don't have permission to use DEVTOOL!【type = 6】 @ https://yurigarden.com/assets/index-LUNgUZnA.js:16
[  200445ms] [WARNING] You don't have permission to use DEVTOOL!【type = 6】 @ https://yurigarden.com/assets/index-LUNgUZnA.js:16
[  200940ms] [WARNING] You don't have permission to use DEVTOOL!【type = 6】 @ https://yurigarden.com/assets/index-LUNgUZnA.js:16
[  201447ms] [WARNING] You don't have permission to use DEVTOOL!【type = 6】 @ https://yurigarden.com/assets/index-LUNgUZnA.js:16
[  201951ms] [WARNING] You don't have permission to use DEVTOOL!【type = 6】 @ https://yurigarden.com/assets/index-LUNgUZnA.js:16
[  202447ms] [WARNING] You don't have permission to use DEVTOOL!【type = 6】 @ https://yurigarden.com/assets/index-LUNgUZnA.js:16
[  202943ms] [WARNING] You don't have permission to use DEVTOOL!【type = 6】 @ https://yurigarden.com/assets/index-LUNgUZnA.js:16
[  203447ms] [WARNING] You don't have permission to use DEVTOOL!【type = 6】 @ https://yurigarden.com/assets/index-LUNgUZnA.js:16
[  203944ms] [WARNING] You don't have permission to use DEVTOOL!【type = 6】 @ https://yurigarden.com/assets/index-LUNgUZnA.js:16
[  204440ms] [WARNING] You don't have permission to use DEVTOOL!【type = 6】 @ https://yurigarden.com/assets/index-LUNgUZnA.js:16
[  204947ms] [WARNING] You don't have permission to use DEVTOOL!【type = 6】 @ https://yurigarden.com/assets/index-LUNgUZnA.js:16
[  205445ms] [WARNING] You don't have permission to use DEVTOOL!【type = 6】 @ https://yurigarden.com/assets/index-LUNgUZnA.js:16
[  205940ms] [WARNING] You don't have permission to use DEVTOOL!【type = 6】 @ https://yurigarden.com/assets/index-LUNgUZnA.js:16
[  206443ms] [WARNING] You don't have permission to use DEVTOOL!【type = 6】 @ https://yurigarden.com/assets/index-LUNgUZnA.js:16
[  206937ms] [WARNING] You don't have permission to use DEVTOOL!【type = 6】 @ https://yurigarden.com/assets/index-LUNgUZnA.js:16
[  207435ms] [WARNING] You don't have permission to use DEVTOOL!【type = 6】 @ https://yurigarden.com/assets/index-LUNgUZnA.js:16
[  207936ms] [WARNING] You don't have permission to use DEVTOOL!【type = 6】 @ https://yurigarden.com/assets/index-LUNgUZnA.js:16
[  208437ms] [WARNING] You don't have permission to use DEVTOOL!【type = 6】 @ https://yurigarden.com/assets/index-LUNgUZnA.js:16
[  208932ms] [WARNING] You don't have permission to use DEVTOOL!【type = 6】 @ https://yurigarden.com/assets/index-LUNgUZnA.js:16
[  209436ms] [WARNING] You don't have permission to use DEVTOOL!【type = 6】 @ https://yurigarden.com/assets/index-LUNgUZnA.js:16
[  209944ms] [WARNING] You don't have permission to use DEVTOOL!【type = 6】 @ https://yurigarden.com/assets/index-LUNgUZnA.js:16
[  210440ms] [WARNING] You don't have permission to use DEVTOOL!【type = 6】 @ https://yurigarden.com/assets/index-LUNgUZnA.js:16
[  210953ms] [WARNING] You don't have permission to use DEVTOOL!【type = 6】 @ https://yurigarden.com/assets/index-LUNgUZnA.js:16
[  211438ms] [WARNING] You don't have permission to use DEVTOOL!【type = 6】 @ https://yurigarden.com/assets/index-LUNgUZnA.js:16
[  211940ms] [WARNING] You don't have permission to use DEVTOOL!【type = 6】 @ https://yurigarden.com/assets/index-LUNgUZnA.js:16
[  212453ms] [WARNING] You don't have permission to use DEVTOOL!【type = 6】 @ https://yurigarden.com/assets/index-LUNgUZnA.js:16
[  212941ms] [WARNING] You don't have permission to use DEVTOOL!【type = 6】 @ https://yurigarden.com/assets/index-LUNgUZnA.js:16
[  213444ms] [WARNING] You don't have permission to use DEVTOOL!【type = 6】 @ https://yurigarden.com/assets/index-LUNgUZnA.js:16
[  213941ms] [WARNING] You don't have permission to use DEVTOOL!【type = 6】 @ https://yurigarden.com/assets/index-LUNgUZnA.js:16
[  214440ms] [WARNING] You don't have permission to use DEVTOOL!【type = 6】 @ https://yurigarden.com/assets/index-LUNgUZnA.js:16
[  214936ms] [WARNING] You don't have permission to use DEVTOOL!【type = 6】 @ https://yurigarden.com/assets/index-LUNgUZnA.js:16
[  215438ms] [WARNING] You don't have permission to use DEVTOOL!【type = 6】 @ https://yurigarden.com/assets/index-LUNgUZnA.js:16
[  215942ms] [WARNING] You don't have permission to use DEVTOOL!【type = 6】 @ https://yurigarden.com/assets/index-LUNgUZnA.js:16
[  216441ms] [WARNING] You don't have permission to use DEVTOOL!【type = 6】 @ https://yurigarden.com/assets/index-LUNgUZnA.js:16
[  216941ms] [WARNING] You don't have permission to use DEVTOOL!【type = 6】 @ https://yurigarden.com/assets/index-LUNgUZnA.js:16
[  217446ms] [WARNING] You don't have permission to use DEVTOOL!【type = 6】 @ https://yurigarden.com/assets/index-LUNgUZnA.js:16
[  217934ms] [WARNING] You don't have permission to use DEVTOOL!【type = 6】 @ https://yurigarden.com/assets/index-LUNgUZnA.js:16
[  218442ms] [WARNING] You don't have permission to use DEVTOOL!【type = 6】 @ https://yurigarden.com/assets/index-LUNgUZnA.js:16
[  218939ms] [WARNING] You don't have permission to use DEVTOOL!【type = 6】 @ https://yurigarden.com/assets/index-LUNgUZnA.js:16
[  219441ms] [WARNING] You don't have permission to use DEVTOOL!【type = 6】 @ https://yurigarden.com/assets/index-LUNgUZnA.js:16
[  219950ms] [WARNING] You don't have permission to use DEVTOOL!【type = 6】 @ https://yurigarden.com/assets/index-LUNgUZnA.js:16
[  220435ms] [WARNING] You don't have permission to use DEVTOOL!【type = 6】 @ https://yurigarden.com/assets/index-LUNgUZnA.js:16
[  220936ms] [WARNING] You don't have permission to use DEVTOOL!【type = 6】 @ https://yurigarden.com/assets/index-LUNgUZnA.js:16
[  221434ms] [WARNING] You don't have permission to use DEVTOOL!【type = 6】 @ https://yurigarden.com/assets/index-LUNgUZnA.js:16
[  221937ms] [WARNING] You don't have permission to use DEVTOOL!【type = 6】 @ https://yurigarden.com/assets/index-LUNgUZnA.js:16
[  222439ms] [WARNING] You don't have permission to use DEVTOOL!【type = 6】 @ https://yurigarden.com/assets/index-LUNgUZnA.js:16
[  222937ms] [WARNING] You don't have permission to use DEVTOOL!【type = 6】 @ https://yurigarden.com/assets/index-LUNgUZnA.js:16
[  223442ms] [WARNING] You don't have permission to use DEVTOOL!【type = 6】 @ https://yurigarden.com/assets/index-LUNgUZnA.js:16
[  223938ms] [WARNING] You don't have permission to use DEVTOOL!【type = 6】 @ https://yurigarden.com/assets/index-LUNgUZnA.js:16
[  224440ms] [WARNING] You don't have permission to use DEVTOOL!【type = 6】 @ https://yurigarden.com/assets/index-LUNgUZnA.js:16
[  224938ms] [WARNING] You don't have permission to use DEVTOOL!【type = 6】 @ https://yurigarden.com/assets/index-LUNgUZnA.js:16
[  225442ms] [WARNING] You don't have permission to use DEVTOOL!【type = 6】 @ https://yurigarden.com/assets/index-LUNgUZnA.js:16
[  225937ms] [WARNING] You don't have permission to use DEVTOOL!【type = 6】 @ https://yurigarden.com/assets/index-LUNgUZnA.js:16
[  226438ms] [WARNING] You don't have permission to use DEVTOOL!【type = 6】 @ https://yurigarden.com/assets/index-LUNgUZnA.js:16
[  226939ms] [WARNING] You don't have permission to use DEVTOOL!【type = 6】 @ https://yurigarden.com/assets/index-LUNgUZnA.js:16
[  227437ms] [WARNING] You don't have permission to use DEVTOOL!【type = 6】 @ https://yurigarden.com/assets/index-LUNgUZnA.js:16
[  227943ms] [WARNING] You don't have permission to use DEVTOOL!【type = 6】 @ https://yurigarden.com/assets/index-LUNgUZnA.js:16
[  228441ms] [WARNING] You don't have permission to use DEVTOOL!【type = 6】 @ https://yurigarden.com/assets/index-LUNgUZnA.js:16
[  228937ms] [WARNING] You don't have permission to use DEVTOOL!【type = 6】 @ https://yurigarden.com/assets/index-LUNgUZnA.js:16
[  229433ms] [WARNING] You don't have permission to use DEVTOOL!【type = 6】 @ https://yurigarden.com/assets/index-LUNgUZnA.js:16
[  229942ms] [WARNING] You don't have permission to use DEVTOOL!【type = 6】 @ https://yurigarden.com/assets/index-LUNgUZnA.js:16
[  230431ms] [WARNING] You don't have permission to use DEVTOOL!【type = 6】 @ https://yurigarden.com/assets/index-LUNgUZnA.js:16
[  230936ms] [WARNING] You don't have permission to use DEVTOOL!【type = 6】 @ https://yurigarden.com/assets/index-LUNgUZnA.js:16
[  231434ms] [WARNING] You don't have permission to use DEVTOOL!【type = 6】 @ https://yurigarden.com/assets/index-LUNgUZnA.js:16
[  231929ms] [WARNING] You don't have permission to use DEVTOOL!【type = 6】 @ https://yurigarden.com/assets/index-LUNgUZnA.js:16
[  232444ms] [WARNING] You don't have permission to use DEVTOOL!【type = 6】 @ https://yurigarden.com/assets/index-LUNgUZnA.js:16
[  232942ms] [WARNING] You don't have permission to use DEVTOOL!【type = 6】 @ https://yurigarden.com/assets/index-LUNgUZnA.js:16
[  233445ms] [WARNING] You don't have permission to use DEVTOOL!【type = 6】 @ https://yurigarden.com/assets/index-LUNgUZnA.js:16
[  233938ms] [WARNING] You don't have permission to use DEVTOOL!【type = 6】 @ https://yurigarden.com/assets/index-LUNgUZnA.js:16
[  234437ms] [WARNING] You don't have permission to use DEVTOOL!【type = 6】 @ https://yurigarden.com/assets/index-LUNgUZnA.js:16
[  234938ms] [WARNING] You don't have permission to use DEVTOOL!【type = 6】 @ https://yurigarden.com/assets/index-LUNgUZnA.js:16
[  235433ms] [WARNING] You don't have permission to use DEVTOOL!【type = 6】 @ https://yurigarden.com/assets/index-LUNgUZnA.js:16
[  235939ms] [WARNING] You don't have permission to use DEVTOOL!【type = 6】 @ https://yurigarden.com/assets/index-LUNgUZnA.js:16
[  236441ms] [WARNING] You don't have permission to use DEVTOOL!【type = 6】 @ https://yurigarden.com/assets/index-LUNgUZnA.js:16
[  236941ms] [WARNING] You don't have permission to use DEVTOOL!【type = 6】 @ https://yurigarden.com/assets/index-LUNgUZnA.js:16
[  237432ms] [WARNING] You don't have permission to use DEVTOOL!【type = 6】 @ https://yurigarden.com/assets/index-LUNgUZnA.js:16
[  237935ms] [WARNING] You don't have permission to use DEVTOOL!【type = 6】 @ https://yurigarden.com/assets/index-LUNgUZnA.js:16
[  238432ms] [WARNING] You don't have permission to use DEVTOOL!【type = 6】 @ https://yurigarden.com/assets/index-LUNgUZnA.js:16
[  238936ms] [WARNING] You don't have permission to use DEVTOOL!【type = 6】 @ https://yurigarden.com/assets/index-LUNgUZnA.js:16
[  239439ms] [WARNING] You don't have permission to use DEVTOOL!【type = 6】 @ https://yurigarden.com/assets/index-LUNgUZnA.js:16
[  239940ms] [WARNING] You don't have permission to use DEVTOOL!【type = 6】 @ https://yurigarden.com/assets/index-LUNgUZnA.js:16
[  240428ms] [WARNING] You don't have permission to use DEVTOOL!【type = 6】 @ https://yurigarden.com/assets/index-LUNgUZnA.js:16
[  240935ms] [WARNING] You don't have permission to use DEVTOOL!【type = 6】 @ https://yurigarden.com/assets/index-LUNgUZnA.js:16
[  241441ms] [WARNING] You don't have permission to use DEVTOOL!【type = 6】 @ https://yurigarden.com/assets/index-LUNgUZnA.js:16
[  241936ms] [WARNING] You don't have permission to use DEVTOOL!【type = 6】 @ https://yurigarden.com/assets/index-LUNgUZnA.js:16
[  242439ms] [WARNING] You don't have permission to use DEVTOOL!【type = 6】 @ https://yurigarden.com/assets/index-LUNgUZnA.js:16
[  242939ms] [WARNING] You don't have permission to use DEVTOOL!【type = 6】 @ https://yurigarden.com/assets/index-LUNgUZnA.js:16
[  243445ms] [WARNING] You don't have permission to use DEVTOOL!【type = 6】 @ https://yurigarden.com/assets/index-LUNgUZnA.js:16
[  243937ms] [WARNING] You don't have permission to use DEVTOOL!【type = 6】 @ https://yurigarden.com/assets/index-LUNgUZnA.js:16
[  244439ms] [WARNING] You don't have permission to use DEVTOOL!【type = 6】 @ https://yurigarden.com/assets/index-LUNgUZnA.js:16
[  244941ms] [WARNING] You don't have permission to use DEVTOOL!【type = 6】 @ https://yurigarden.com/assets/index-LUNgUZnA.js:16
[  245442ms] [WARNING] You don't have permission to use DEVTOOL!【type = 6】 @ https://yurigarden.com/assets/index-LUNgUZnA.js:16
[  245937ms] [WARNING] You don't have permission to use DEVTOOL!【type = 6】 @ https://yurigarden.com/assets/index-LUNgUZnA.js:16
[  246447ms] [WARNING] You don't have permission to use DEVTOOL!【type = 6】 @ https://yurigarden.com/assets/index-LUNgUZnA.js:16
[  246937ms] [WARNING] You don't have permission to use DEVTOOL!【type = 6】 @ https://yurigarden.com/assets/index-LUNgUZnA.js:16
[  247455ms] [WARNING] You don't have permission to use DEVTOOL!【type = 6】 @ https://yurigarden.com/assets/index-LUNgUZnA.js:16
[  247955ms] [WARNING] You don't have permission to use DEVTOOL!【type = 6】 @ https://yurigarden.com/assets/index-LUNgUZnA.js:16
[  248449ms] [WARNING] You don't have permission to use DEVTOOL!【type = 6】 @ https://yurigarden.com/assets/index-LUNgUZnA.js:16
[  248939ms] [WARNING] You don't have permission to use DEVTOOL!【type = 6】 @ https://yurigarden.com/assets/index-LUNgUZnA.js:16
[  249440ms] [WARNING] You don't have permission to use DEVTOOL!【type = 6】 @ https://yurigarden.com/assets/index-LUNgUZnA.js:16
[  249946ms] [WARNING] You don't have permission to use DEVTOOL!【type = 6】 @ https://yurigarden.com/assets/index-LUNgUZnA.js:16
[  250442ms] [WARNING] You don't have permission to use DEVTOOL!【type = 6】 @ https://yurigarden.com/assets/index-LUNgUZnA.js:16
[  250942ms] [WARNING] You don't have permission to use DEVTOOL!【type = 6】 @ https://yurigarden.com/assets/index-LUNgUZnA.js:16
[  251450ms] [WARNING] You don't have permission to use DEVTOOL!【type = 6】 @ https://yurigarden.com/assets/index-LUNgUZnA.js:16
[  251945ms] [WARNING] You don't have permission to use DEVTOOL!【type = 6】 @ https://yurigarden.com/assets/index-LUNgUZnA.js:16
[  252439ms] [WARNING] You don't have permission to use DEVTOOL!【type = 6】 @ https://yurigarden.com/assets/index-LUNgUZnA.js:16
[  252942ms] [WARNING] You don't have permission to use DEVTOOL!【type = 6】 @ https://yurigarden.com/assets/index-LUNgUZnA.js:16
[  253449ms] [WARNING] You don't have permission to use DEVTOOL!【type = 6】 @ https://yurigarden.com/assets/index-LUNgUZnA.js:16
[  253940ms] [WARNING] You don't have permission to use DEVTOOL!【type = 6】 @ https://yurigarden.com/assets/index-LUNgUZnA.js:16
[  254442ms] [WARNING] You don't have permission to use DEVTOOL!【type = 6】 @ https://yurigarden.com/assets/index-LUNgUZnA.js:16
[  254956ms] [WARNING] You don't have permission to use DEVTOOL!【type = 6】 @ https://yurigarden.com/assets/index-LUNgUZnA.js:16
[  255450ms] [WARNING] You don't have permission to use DEVTOOL!【type = 6】 @ https://yurigarden.com/assets/index-LUNgUZnA.js:16
[  255957ms] [WARNING] You don't have permission to use DEVTOOL!【type = 6】 @ https://yurigarden.com/assets/index-LUNgUZnA.js:16
[  256450ms] [WARNING] You don't have permission to use DEVTOOL!【type = 6】 @ https://yurigarden.com/assets/index-LUNgUZnA.js:16
[  256948ms] [WARNING] You don't have permission to use DEVTOOL!【type = 6】 @ https://yurigarden.com/assets/index-LUNgUZnA.js:16
[  257451ms] [WARNING] You don't have permission to use DEVTOOL!【type = 6】 @ https://yurigarden.com/assets/index-LUNgUZnA.js:16
[  257946ms] [WARNING] You don't have permission to use DEVTOOL!【type = 6】 @ https://yurigarden.com/assets/index-LUNgUZnA.js:16
[  258450ms] [WARNING] You don't have permission to use DEVTOOL!【type = 6】 @ https://yurigarden.com/assets/index-LUNgUZnA.js:16
[  258947ms] [WARNING] You don't have permission to use DEVTOOL!【type = 6】 @ https://yurigarden.com/assets/index-LUNgUZnA.js:16
[  259446ms] [WARNING] You don't have permission to use DEVTOOL!【type = 6】 @ https://yurigarden.com/assets/index-LUNgUZnA.js:16
[  259942ms] [WARNING] You don't have permission to use DEVTOOL!【type = 6】 @ https://yurigarden.com/assets/index-LUNgUZnA.js:16
[  260455ms] [WARNING] You don't have permission to use DEVTOOL!【type = 6】 @ https://yurigarden.com/assets/index-LUNgUZnA.js:16
[  260944ms] [WARNING] You don't have permission to use DEVTOOL!【type = 6】 @ https://yurigarden.com/assets/index-LUNgUZnA.js:16
[  261453ms] [WARNING] You don't have permission to use DEVTOOL!【type = 6】 @ https://yurigarden.com/assets/index-LUNgUZnA.js:16
[  261961ms] [WARNING] You don't have permission to use DEVTOOL!【type = 6】 @ https://yurigarden.com/assets/index-LUNgUZnA.js:16
[  262451ms] [WARNING] You don't have permission to use DEVTOOL!【type = 6】 @ https://yurigarden.com/assets/index-LUNgUZnA.js:16
[  262953ms] [WARNING] You don't have permission to use DEVTOOL!【type = 6】 @ https://yurigarden.com/assets/index-LUNgUZnA.js:16
[  263444ms] [WARNING] You don't have permission to use DEVTOOL!【type = 6】 @ https://yurigarden.com/assets/index-LUNgUZnA.js:16
[  263939ms] [WARNING] You don't have permission to use DEVTOOL!【type = 6】 @ https://yurigarden.com/assets/index-LUNgUZnA.js:16
[  264445ms] [WARNING] You don't have permission to use DEVTOOL!【type = 6】 @ https://yurigarden.com/assets/index-LUNgUZnA.js:16
[  264937ms] [WARNING] You don't have permission to use DEVTOOL!【type = 6】 @ https://yurigarden.com/assets/index-LUNgUZnA.js:16
[  265440ms] [WARNING] You don't have permission to use DEVTOOL!【type = 6】 @ https://yurigarden.com/assets/index-LUNgUZnA.js:16
[  265936ms] [WARNING] You don't have permission to use DEVTOOL!【type = 6】 @ https://yurigarden.com/assets/index-LUNgUZnA.js:16
[  266444ms] [WARNING] You don't have permission to use DEVTOOL!【type = 6】 @ https://yurigarden.com/assets/index-LUNgUZnA.js:16
[  266937ms] [WARNING] You don't have permission to use DEVTOOL!【type = 6】 @ https://yurigarden.com/assets/index-LUNgUZnA.js:16
[  267441ms] [WARNING] You don't have permission to use DEVTOOL!【type = 6】 @ https://yurigarden.com/assets/index-LUNgUZnA.js:16
[  267949ms] [WARNING] You don't have permission to use DEVTOOL!【type = 6】 @ https://yurigarden.com/assets/index-LUNgUZnA.js:16
[  268453ms] [WARNING] You don't have permission to use DEVTOOL!【type = 6】 @ https://yurigarden.com/assets/index-LUNgUZnA.js:16
[  268948ms] [WARNING] You don't have permission to use DEVTOOL!【type = 6】 @ https://yurigarden.com/assets/index-LUNgUZnA.js:16
[  269438ms] [WARNING] You don't have permission to use DEVTOOL!【type = 6】 @ https://yurigarden.com/assets/index-LUNgUZnA.js:16
[  269949ms] [WARNING] You don't have permission to use DEVTOOL!【type = 6】 @ https://yurigarden.com/assets/index-LUNgUZnA.js:16
[  270444ms] [WARNING] You don't have permission to use DEVTOOL!【type = 6】 @ https://yurigarden.com/assets/index-LUNgUZnA.js:16
[  270941ms] [WARNING] You don't have permission to use DEVTOOL!【type = 6】 @ https://yurigarden.com/assets/index-LUNgUZnA.js:16
[  271446ms] [WARNING] You don't have permission to use DEVTOOL!【type = 6】 @ https://yurigarden.com/assets/index-LUNgUZnA.js:16
[  271941ms] [WARNING] You don't have permission to use DEVTOOL!【type = 6】 @ https://yurigarden.com/assets/index-LUNgUZnA.js:16
[  272443ms] [WARNING] You don't have permission to use DEVTOOL!【type = 6】 @ https://yurigarden.com/assets/index-LUNgUZnA.js:16
[  272951ms] [WARNING] You don't have permission to use DEVTOOL!【type = 6】 @ https://yurigarden.com/assets/index-LUNgUZnA.js:16
[  273447ms] [WARNING] You don't have permission to use DEVTOOL!【type = 6】 @ https://yurigarden.com/assets/index-LUNgUZnA.js:16
[  273941ms] [WARNING] You don't have permission to use DEVTOOL!【type = 6】 @ https://yurigarden.com/assets/index-LUNgUZnA.js:16
[  274444ms] [WARNING] You don't have permission to use DEVTOOL!【type = 6】 @ https://yurigarden.com/assets/index-LUNgUZnA.js:16
[  274945ms] [WARNING] You don't have permission to use DEVTOOL!【type = 6】 @ https://yurigarden.com/assets/index-LUNgUZnA.js:16
[  275451ms] [WARNING] You don't have permission to use DEVTOOL!【type = 6】 @ https://yurigarden.com/assets/index-LUNgUZnA.js:16
[  275958ms] [WARNING] You don't have permission to use DEVTOOL!【type = 6】 @ https://yurigarden.com/assets/index-LUNgUZnA.js:16
[  276449ms] [WARNING] You don't have permission to use DEVTOOL!【type = 6】 @ https://yurigarden.com/assets/index-LUNgUZnA.js:16
[  276962ms] [WARNING] You don't have permission to use DEVTOOL!【type = 6】 @ https://yurigarden.com/assets/index-LUNgUZnA.js:16
[  277453ms] [WARNING] You don't have permission to use DEVTOOL!【type = 6】 @ https://yurigarden.com/assets/index-LUNgUZnA.js:16
[  277950ms] [WARNING] You don't have permission to use DEVTOOL!【type = 6】 @ https://yurigarden.com/assets/index-LUNgUZnA.js:16
[  278444ms] [WARNING] You don't have permission to use DEVTOOL!【type = 6】 @ https://yurigarden.com/assets/index-LUNgUZnA.js:16
[  278944ms] [WARNING] You don't have permission to use DEVTOOL!【type = 6】 @ https://yurigarden.com/assets/index-LUNgUZnA.js:16
[  279436ms] [WARNING] You don't have permission to use DEVTOOL!【type = 6】 @ https://yurigarden.com/assets/index-LUNgUZnA.js:16
[  279941ms] [WARNING] You don't have permission to use DEVTOOL!【type = 6】 @ https://yurigarden.com/assets/index-LUNgUZnA.js:16
[  280441ms] [WARNING] You don't have permission to use DEVTOOL!【type = 6】 @ https://yurigarden.com/assets/index-LUNgUZnA.js:16
[  280941ms] [WARNING] You don't have permission to use DEVTOOL!【type = 6】 @ https://yurigarden.com/assets/index-LUNgUZnA.js:16
[  281442ms] [WARNING] You don't have permission to use DEVTOOL!【type = 6】 @ https://yurigarden.com/assets/index-LUNgUZnA.js:16
[  281948ms] [WARNING] You don't have permission to use DEVTOOL!【type = 6】 @ https://yurigarden.com/assets/index-LUNgUZnA.js:16
[  282455ms] [WARNING] You don't have permission to use DEVTOOL!【type = 6】 @ https://yurigarden.com/assets/index-LUNgUZnA.js:16
[  282960ms] [WARNING] You don't have permission to use DEVTOOL!【type = 6】 @ https://yurigarden.com/assets/index-LUNgUZnA.js:16
[  283456ms] [WARNING] You don't have permission to use DEVTOOL!【type = 6】 @ https://yurigarden.com/assets/index-LUNgUZnA.js:16
[  283949ms] [WARNING] You don't have permission to use DEVTOOL!【type = 6】 @ https://yurigarden.com/assets/index-LUNgUZnA.js:16
[  284441ms] [WARNING] You don't have permission to use DEVTOOL!【type = 6】 @ https://yurigarden.com/assets/index-LUNgUZnA.js:16
[  284943ms] [WARNING] You don't have permission to use DEVTOOL!【type = 6】 @ https://yurigarden.com/assets/index-LUNgUZnA.js:16
[  285444ms] [WARNING] You don't have permission to use DEVTOOL!【type = 6】 @ https://yurigarden.com/assets/index-LUNgUZnA.js:16
[  285952ms] [WARNING] You don't have permission to use DEVTOOL!【type = 6】 @ https://yurigarden.com/assets/index-LUNgUZnA.js:16
[  286454ms] [WARNING] You don't have permission to use DEVTOOL!【type = 6】 @ https://yurigarden.com/assets/index-LUNgUZnA.js:16
[  286948ms] [WARNING] You don't have permission to use DEVTOOL!【type = 6】 @ https://yurigarden.com/assets/index-LUNgUZnA.js:16
[  287459ms] [WARNING] You don't have permission to use DEVTOOL!【type = 6】 @ https://yurigarden.com/assets/index-LUNgUZnA.js:16
[  287948ms] [WARNING] You don't have permission to use DEVTOOL!【type = 6】 @ https://yurigarden.com/assets/index-LUNgUZnA.js:16
[  288459ms] [WARNING] You don't have permission to use DEVTOOL!【type = 6】 @ https://yurigarden.com/assets/index-LUNgUZnA.js:16
[  288952ms] [WARNING] You don't have permission to use DEVTOOL!【type = 6】 @ https://yurigarden.com/assets/index-LUNgUZnA.js:16
[  289445ms] [WARNING] You don't have permission to use DEVTOOL!【type = 6】 @ https://yurigarden.com/assets/index-LUNgUZnA.js:16
[  289950ms] [WARNING] You don't have permission to use DEVTOOL!【type = 6】 @ https://yurigarden.com/assets/index-LUNgUZnA.js:16
[  290450ms] [WARNING] You don't have permission to use DEVTOOL!【type = 6】 @ https://yurigarden.com/assets/index-LUNgUZnA.js:16
[  290963ms] [WARNING] You don't have permission to use DEVTOOL!【type = 6】 @ https://yurigarden.com/assets/index-LUNgUZnA.js:16
[  291448ms] [WARNING] You don't have permission to use DEVTOOL!【type = 6】 @ https://yurigarden.com/assets/index-LUNgUZnA.js:16
[  291945ms] [WARNING] You don't have permission to use DEVTOOL!【type = 6】 @ https://yurigarden.com/assets/index-LUNgUZnA.js:16
[  292447ms] [WARNING] You don't have permission to use DEVTOOL!【type = 6】 @ https://yurigarden.com/assets/index-LUNgUZnA.js:16
[  292945ms] [WARNING] You don't have permission to use DEVTOOL!【type = 6】 @ https://yurigarden.com/assets/index-LUNgUZnA.js:16
[  293448ms] [WARNING] You don't have permission to use DEVTOOL!【type = 6】 @ https://yurigarden.com/assets/index-LUNgUZnA.js:16
[  293948ms] [WARNING] You don't have permission to use DEVTOOL!【type = 6】 @ https://yurigarden.com/assets/index-LUNgUZnA.js:16
[  294451ms] [WARNING] You don't have permission to use DEVTOOL!【type = 6】 @ https://yurigarden.com/assets/index-LUNgUZnA.js:16
[  294951ms] [WARNING] You don't have permission to use DEVTOOL!【type = 6】 @ https://yurigarden.com/assets/index-LUNgUZnA.js:16
[  295452ms] [WARNING] You don't have permission to use DEVTOOL!【type = 6】 @ https://yurigarden.com/assets/index-LUNgUZnA.js:16
[  296099ms] [WARNING] You don't have permission to use DEVTOOL!【type = 6】 @ https://yurigarden.com/assets/index-LUNgUZnA.js:16
[  296452ms] [WARNING] You don't have permission to use DEVTOOL!【type = 6】 @ https://yurigarden.com/assets/index-LUNgUZnA.js:16
[  296948ms] [WARNING] You don't have permission to use DEVTOOL!【type = 6】 @ https://yurigarden.com/assets/index-LUNgUZnA.js:16
[  297449ms] [WARNING] You don't have permission to use DEVTOOL!【type = 6】 @ https://yurigarden.com/assets/index-LUNgUZnA.js:16
[  297943ms] [WARNING] You don't have permission to use DEVTOOL!【type = 6】 @ https://yurigarden.com/assets/index-LUNgUZnA.js:16
[  298453ms] [WARNING] You don't have permission to use DEVTOOL!【type = 6】 @ https://yurigarden.com/assets/index-LUNgUZnA.js:16
[  298943ms] [WARNING] You don't have permission to use DEVTOOL!【type = 6】 @ https://yurigarden.com/assets/index-LUNgUZnA.js:16
[  299451ms] [WARNING] You don't have permission to use DEVTOOL!【type = 6】 @ https://yurigarden.com/assets/index-LUNgUZnA.js:16
[  299949ms] [WARNING] You don't have permission to use DEVTOOL!【type = 6】 @ https://yurigarden.com/assets/index-LUNgUZnA.js:16
[  300439ms] [WARNING] You don't have permission to use DEVTOOL!【type = 6】 @ https://yurigarden.com/assets/index-LUNgUZnA.js:16
[  300951ms] [WARNING] You don't have permission to use DEVTOOL!【type = 6】 @ https://yurigarden.com/assets/index-LUNgUZnA.js:16
[  301442ms] [WARNING] You don't have permission to use DEVTOOL!【type = 6】 @ https://yurigarden.com/assets/index-LUNgUZnA.js:16
[  301940ms] [WARNING] You don't have permission to use DEVTOOL!【type = 6】 @ https://yurigarden.com/assets/index-LUNgUZnA.js:16
[  302447ms] [WARNING] You don't have permission to use DEVTOOL!【type = 6】 @ https://yurigarden.com/assets/index-LUNgUZnA.js:16
[  302958ms] [WARNING] You don't have permission to use DEVTOOL!【type = 6】 @ https://yurigarden.com/assets/index-LUNgUZnA.js:16
[  303476ms] [WARNING] You don't have permission to use DEVTOOL!【type = 6】 @ https://yurigarden.com/assets/index-LUNgUZnA.js:16
[  303951ms] [WARNING] You don't have permission to use DEVTOOL!【type = 6】 @ https://yurigarden.com/assets/index-LUNgUZnA.js:16
[  304451ms] [WARNING] You don't have permission to use DEVTOOL!【type = 6】 @ https://yurigarden.com/assets/index-LUNgUZnA.js:16
[  304947ms] [WARNING] You don't have permission to use DEVTOOL!【type = 6】 @ https://yurigarden.com/assets/index-LUNgUZnA.js:16
[  305453ms] [WARNING] You don't have permission to use DEVTOOL!【type = 6】 @ https://yurigarden.com/assets/index-LUNgUZnA.js:16
[  305954ms] [WARNING] You don't have permission to use DEVTOOL!【type = 6】 @ https://yurigarden.com/assets/index-LUNgUZnA.js:16
[  306452ms] [WARNING] You don't have permission to use DEVTOOL!【type = 6】 @ https://yurigarden.com/assets/index-LUNgUZnA.js:16
[  306956ms] [WARNING] You don't have permission to use DEVTOOL!【type = 6】 @ https://yurigarden.com/assets/index-LUNgUZnA.js:16
[  307458ms] [WARNING] You don't have permission to use DEVTOOL!【type = 6】 @ https://yurigarden.com/assets/index-LUNgUZnA.js:16
[  307968ms] [WARNING] You don't have permission to use DEVTOOL!【type = 6】 @ https://yurigarden.com/assets/index-LUNgUZnA.js:16
[  308468ms] [WARNING] You don't have permission to use DEVTOOL!【type = 6】 @ https://yurigarden.com/assets/index-LUNgUZnA.js:16
[  308952ms] [WARNING] You don't have permission to use DEVTOOL!【type = 6】 @ https://yurigarden.com/assets/index-LUNgUZnA.js:16
[  309458ms] [WARNING] You don't have permission to use DEVTOOL!【type = 6】 @ https://yurigarden.com/assets/index-LUNgUZnA.js:16
[  309949ms] [WARNING] You don't have permission to use DEVTOOL!【type = 6】 @ https://yurigarden.com/assets/index-LUNgUZnA.js:16
[  310438ms] [WARNING] You don't have permission to use DEVTOOL!【type = 6】 @ https://yurigarden.com/assets/index-LUNgUZnA.js:16
[  310953ms] [WARNING] You don't have permission to use DEVTOOL!【type = 6】 @ https://yurigarden.com/assets/index-LUNgUZnA.js:16
[  311437ms] [WARNING] You don't have permission to use DEVTOOL!【type = 6】 @ https://yurigarden.com/assets/index-LUNgUZnA.js:16
[  311940ms] [WARNING] You don't have permission to use DEVTOOL!【type = 6】 @ https://yurigarden.com/assets/index-LUNgUZnA.js:16
[  312439ms] [WARNING] You don't have permission to use DEVTOOL!【type = 6】 @ https://yurigarden.com/assets/index-LUNgUZnA.js:16
[  312938ms] [WARNING] You don't have permission to use DEVTOOL!【type = 6】 @ https://yurigarden.com/assets/index-LUNgUZnA.js:16
[  313434ms] [WARNING] You don't have permission to use DEVTOOL!【type = 6】 @ https://yurigarden.com/assets/index-LUNgUZnA.js:16
[  313933ms] [WARNING] You don't have permission to use DEVTOOL!【type = 6】 @ https://yurigarden.com/assets/index-LUNgUZnA.js:16
[  314441ms] [WARNING] You don't have permission to use DEVTOOL!【type = 6】 @ https://yurigarden.com/assets/index-LUNgUZnA.js:16
[  314937ms] [WARNING] You don't have permission to use DEVTOOL!【type = 6】 @ https://yurigarden.com/assets/index-LUNgUZnA.js:16
[  315440ms] [WARNING] You don't have permission to use DEVTOOL!【type = 6】 @ https://yurigarden.com/assets/index-LUNgUZnA.js:16
[  315937ms] [WARNING] You don't have permission to use DEVTOOL!【type = 6】 @ https://yurigarden.com/assets/index-LUNgUZnA.js:16
[  316437ms] [WARNING] You don't have permission to use DEVTOOL!【type = 6】 @ https://yurigarden.com/assets/index-LUNgUZnA.js:16
[  316946ms] [WARNING] You don't have permission to use DEVTOOL!【type = 6】 @ https://yurigarden.com/assets/index-LUNgUZnA.js:16
[  317444ms] [WARNING] You don't have permission to use DEVTOOL!【type = 6】 @ https://yurigarden.com/assets/index-LUNgUZnA.js:16
[  317942ms] [WARNING] You don't have permission to use DEVTOOL!【type = 6】 @ https://yurigarden.com/assets/index-LUNgUZnA.js:16
[  318436ms] [WARNING] You don't have permission to use DEVTOOL!【type = 6】 @ https://yurigarden.com/assets/index-LUNgUZnA.js:16
[  318940ms] [WARNING] You don't have permission to use DEVTOOL!【type = 6】 @ https://yurigarden.com/assets/index-LUNgUZnA.js:16
[  319434ms] [WARNING] You don't have permission to use DEVTOOL!【type = 6】 @ https://yurigarden.com/assets/index-LUNgUZnA.js:16
[  319934ms] [WARNING] You don't have permission to use DEVTOOL!【type = 6】 @ https://yurigarden.com/assets/index-LUNgUZnA.js:16
[  320437ms] [WARNING] You don't have permission to use DEVTOOL!【type = 6】 @ https://yurigarden.com/assets/index-LUNgUZnA.js:16
[  320938ms] [WARNING] You don't have permission to use DEVTOOL!【type = 6】 @ https://yurigarden.com/assets/index-LUNgUZnA.js:16
[  321425ms] [WARNING] You don't have permission to use DEVTOOL!【type = 6】 @ https://yurigarden.com/assets/index-LUNgUZnA.js:16
[  321921ms] [WARNING] You don't have permission to use DEVTOOL!【type = 6】 @ https://yurigarden.com/assets/index-LUNgUZnA.js:16
[  322421ms] [WARNING] You don't have permission to use DEVTOOL!【type = 6】 @ https://yurigarden.com/assets/index-LUNgUZnA.js:16
[  322943ms] [WARNING] You don't have permission to use DEVTOOL!【type = 6】 @ https://yurigarden.com/assets/index-LUNgUZnA.js:16
[  323440ms] [WARNING] You don't have permission to use DEVTOOL!【type = 6】 @ https://yurigarden.com/assets/index-LUNgUZnA.js:16
[  323936ms] [WARNING] You don't have permission to use DEVTOOL!【type = 6】 @ https://yurigarden.com/assets/index-LUNgUZnA.js:16
[  324443ms] [WARNING] You don't have permission to use DEVTOOL!【type = 6】 @ https://yurigarden.com/assets/index-LUNgUZnA.js:16
[  324946ms] [WARNING] You don't have permission to use DEVTOOL!【type = 6】 @ https://yurigarden.com/assets/index-LUNgUZnA.js:16
[  325446ms] [WARNING] You don't have permission to use DEVTOOL!【type = 6】 @ https://yurigarden.com/assets/index-LUNgUZnA.js:16
[  325949ms] [WARNING] You don't have permission to use DEVTOOL!【type = 6】 @ https://yurigarden.com/assets/index-LUNgUZnA.js:16
[  326440ms] [WARNING] You don't have permission to use DEVTOOL!【type = 6】 @ https://yurigarden.com/assets/index-LUNgUZnA.js:16
[  326940ms] [WARNING] You don't have permission to use DEVTOOL!【type = 6】 @ https://yurigarden.com/assets/index-LUNgUZnA.js:16
[  327440ms] [WARNING] You don't have permission to use DEVTOOL!【type = 6】 @ https://yurigarden.com/assets/index-LUNgUZnA.js:16
[  327943ms] [WARNING] You don't have permission to use DEVTOOL!【type = 6】 @ https://yurigarden.com/assets/index-LUNgUZnA.js:16
[  328447ms] [WARNING] You don't have permission to use DEVTOOL!【type = 6】 @ https://yurigarden.com/assets/index-LUNgUZnA.js:16
[  328941ms] [WARNING] You don't have permission to use DEVTOOL!【type = 6】 @ https://yurigarden.com/assets/index-LUNgUZnA.js:16
[  329441ms] [WARNING] You don't have permission to use DEVTOOL!【type = 6】 @ https://yurigarden.com/assets/index-LUNgUZnA.js:16
[  329955ms] [WARNING] You don't have permission to use DEVTOOL!【type = 6】 @ https://yurigarden.com/assets/index-LUNgUZnA.js:16
[  330446ms] [WARNING] You don't have permission to use DEVTOOL!【type = 6】 @ https://yurigarden.com/assets/index-LUNgUZnA.js:16
[  330948ms] [WARNING] You don't have permission to use DEVTOOL!【type = 6】 @ https://yurigarden.com/assets/index-LUNgUZnA.js:16
[  331441ms] [WARNING] You don't have permission to use DEVTOOL!【type = 6】 @ https://yurigarden.com/assets/index-LUNgUZnA.js:16
[  331943ms] [WARNING] You don't have permission to use DEVTOOL!【type = 6】 @ https://yurigarden.com/assets/index-LUNgUZnA.js:16
[  332441ms] [WARNING] You don't have permission to use DEVTOOL!【type = 6】 @ https://yurigarden.com/assets/index-LUNgUZnA.js:16
[  332939ms] [WARNING] You don't have permission to use DEVTOOL!【type = 6】 @ https://yurigarden.com/assets/index-LUNgUZnA.js:16
[  333443ms] [WARNING] You don't have permission to use DEVTOOL!【type = 6】 @ https://yurigarden.com/assets/index-LUNgUZnA.js:16
[  333942ms] [WARNING] You don't have permission to use DEVTOOL!【type = 6】 @ https://yurigarden.com/assets/index-LUNgUZnA.js:16
[  334440ms] [WARNING] You don't have permission to use DEVTOOL!【type = 6】 @ https://yurigarden.com/assets/index-LUNgUZnA.js:16
[  334939ms] [WARNING] You don't have permission to use DEVTOOL!【type = 6】 @ https://yurigarden.com/assets/index-LUNgUZnA.js:16
[  335436ms] [WARNING] You don't have permission to use DEVTOOL!【type = 6】 @ https://yurigarden.com/assets/index-LUNgUZnA.js:16
[  335937ms] [WARNING] You don't have permission to use DEVTOOL!【type = 6】 @ https://yurigarden.com/assets/index-LUNgUZnA.js:16
[  336437ms] [WARNING] You don't have permission to use DEVTOOL!【type = 6】 @ https://yurigarden.com/assets/index-LUNgUZnA.js:16
[  336939ms] [WARNING] You don't have permission to use DEVTOOL!【type = 6】 @ https://yurigarden.com/assets/index-LUNgUZnA.js:16
[  337437ms] [WARNING] You don't have permission to use DEVTOOL!【type = 6】 @ https://yurigarden.com/assets/index-LUNgUZnA.js:16
[  337933ms] [WARNING] You don't have permission to use DEVTOOL!【type = 6】 @ https://yurigarden.com/assets/index-LUNgUZnA.js:16
[  338440ms] [WARNING] You don't have permission to use DEVTOOL!【type = 6】 @ https://yurigarden.com/assets/index-LUNgUZnA.js:16
[  338934ms] [WARNING] You don't have permission to use DEVTOOL!【type = 6】 @ https://yurigarden.com/assets/index-LUNgUZnA.js:16
[  339438ms] [WARNING] You don't have permission to use DEVTOOL!【type = 6】 @ https://yurigarden.com/assets/index-LUNgUZnA.js:16
[  339935ms] [WARNING] You don't have permission to use DEVTOOL!【type = 6】 @ https://yurigarden.com/assets/index-LUNgUZnA.js:16
[  340441ms] [WARNING] You don't have permission to use DEVTOOL!【type = 6】 @ https://yurigarden.com/assets/index-LUNgUZnA.js:16
[  340932ms] [WARNING] You don't have permission to use DEVTOOL!【type = 6】 @ https://yurigarden.com/assets/index-LUNgUZnA.js:16
[  341443ms] [WARNING] You don't have permission to use DEVTOOL!【type = 6】 @ https://yurigarden.com/assets/index-LUNgUZnA.js:16
[  341935ms] [WARNING] You don't have permission to use DEVTOOL!【type = 6】 @ https://yurigarden.com/assets/index-LUNgUZnA.js:16
[  342440ms] [WARNING] You don't have permission to use DEVTOOL!【type = 6】 @ https://yurigarden.com/assets/index-LUNgUZnA.js:16
[  342934ms] [WARNING] You don't have permission to use DEVTOOL!【type = 6】 @ https://yurigarden.com/assets/index-LUNgUZnA.js:16
[  343440ms] [WARNING] You don't have permission to use DEVTOOL!【type = 6】 @ https://yurigarden.com/assets/index-LUNgUZnA.js:16
[  343939ms] [WARNING] You don't have permission to use DEVTOOL!【type = 6】 @ https://yurigarden.com/assets/index-LUNgUZnA.js:16
[  344434ms] [WARNING] You don't have permission to use DEVTOOL!【type = 6】 @ https://yurigarden.com/assets/index-LUNgUZnA.js:16
[  344936ms] [WARNING] You don't have permission to use DEVTOOL!【type = 6】 @ https://yurigarden.com/assets/index-LUNgUZnA.js:16
[  345440ms] [WARNING] You don't have permission to use DEVTOOL!【type = 6】 @ https://yurigarden.com/assets/index-LUNgUZnA.js:16
[  345944ms] [WARNING] You don't have permission to use DEVTOOL!【type = 6】 @ https://yurigarden.com/assets/index-LUNgUZnA.js:16
[  346442ms] [WARNING] You don't have permission to use DEVTOOL!【type = 6】 @ https://yurigarden.com/assets/index-LUNgUZnA.js:16
[  346941ms] [WARNING] You don't have permission to use DEVTOOL!【type = 6】 @ https://yurigarden.com/assets/index-LUNgUZnA.js:16
[  347441ms] [WARNING] You don't have permission to use DEVTOOL!【type = 6】 @ https://yurigarden.com/assets/index-LUNgUZnA.js:16
[  347941ms] [WARNING] You don't have permission to use DEVTOOL!【type = 6】 @ https://yurigarden.com/assets/index-LUNgUZnA.js:16
[  348437ms] [WARNING] You don't have permission to use DEVTOOL!【type = 6】 @ https://yurigarden.com/assets/index-LUNgUZnA.js:16
[  348940ms] [WARNING] You don't have permission to use DEVTOOL!【type = 6】 @ https://yurigarden.com/assets/index-LUNgUZnA.js:16
[  349438ms] [WARNING] You don't have permission to use DEVTOOL!【type = 6】 @ https://yurigarden.com/assets/index-LUNgUZnA.js:16
[  349939ms] [WARNING] You don't have permission to use DEVTOOL!【type = 6】 @ https://yurigarden.com/assets/index-LUNgUZnA.js:16
[  350437ms] [WARNING] You don't have permission to use DEVTOOL!【type = 6】 @ https://yurigarden.com/assets/index-LUNgUZnA.js:16
[  350942ms] [WARNING] You don't have permission to use DEVTOOL!【type = 6】 @ https://yurigarden.com/assets/index-LUNgUZnA.js:16
[  351441ms] [WARNING] You don't have permission to use DEVTOOL!【type = 6】 @ https://yurigarden.com/assets/index-LUNgUZnA.js:16
[  351951ms] [WARNING] You don't have permission to use DEVTOOL!【type = 6】 @ https://yurigarden.com/assets/index-LUNgUZnA.js:16
[  352447ms] [WARNING] You don't have permission to use DEVTOOL!【type = 6】 @ https://yurigarden.com/assets/index-LUNgUZnA.js:16
[  352943ms] [WARNING] You don't have permission to use DEVTOOL!【type = 6】 @ https://yurigarden.com/assets/index-LUNgUZnA.js:16
[  353442ms] [WARNING] You don't have permission to use DEVTOOL!【type = 6】 @ https://yurigarden.com/assets/index-LUNgUZnA.js:16
[  353939ms] [WARNING] You don't have permission to use DEVTOOL!【type = 6】 @ https://yurigarden.com/assets/index-LUNgUZnA.js:16
[  354434ms] [WARNING] You don't have permission to use DEVTOOL!【type = 6】 @ https://yurigarden.com/assets/index-LUNgUZnA.js:16
[  354948ms] [WARNING] You don't have permission to use DEVTOOL!【type = 6】 @ https://yurigarden.com/assets/index-LUNgUZnA.js:16
[  355429ms] [WARNING] You don't have permission to use DEVTOOL!【type = 6】 @ https://yurigarden.com/assets/index-LUNgUZnA.js:16
[  355937ms] [WARNING] You don't have permission to use DEVTOOL!【type = 6】 @ https://yurigarden.com/assets/index-LUNgUZnA.js:16
[  356435ms] [WARNING] You don't have permission to use DEVTOOL!【type = 6】 @ https://yurigarden.com/assets/index-LUNgUZnA.js:16
[  356937ms] [WARNING] You don't have permission to use DEVTOOL!【type = 6】 @ https://yurigarden.com/assets/index-LUNgUZnA.js:16
[  357438ms] [WARNING] You don't have permission to use DEVTOOL!【type = 6】 @ https://yurigarden.com/assets/index-LUNgUZnA.js:16
[  357941ms] [WARNING] You don't have permission to use DEVTOOL!【type = 6】 @ https://yurigarden.com/assets/index-LUNgUZnA.js:16
[  358445ms] [WARNING] You don't have permission to use DEVTOOL!【type = 6】 @ https://yurigarden.com/assets/index-LUNgUZnA.js:16
[  358944ms] [WARNING] You don't have permission to use DEVTOOL!【type = 6】 @ https://yurigarden.com/assets/index-LUNgUZnA.js:16
[  359440ms] [WARNING] You don't have permission to use DEVTOOL!【type = 6】 @ https://yurigarden.com/assets/index-LUNgUZnA.js:16
[  359942ms] [WARNING] You don't have permission to use DEVTOOL!【type = 6】 @ https://yurigarden.com/assets/index-LUNgUZnA.js:16
[  360442ms] [WARNING] You don't have permission to use DEVTOOL!【type = 6】 @ https://yurigarden.com/assets/index-LUNgUZnA.js:16
[  360940ms] [WARNING] You don't have permission to use DEVTOOL!【type = 6】 @ https://yurigarden.com/assets/index-LUNgUZnA.js:16
[  361440ms] [WARNING] You don't have permission to use DEVTOOL!【type = 6】 @ https://yurigarden.com/assets/index-LUNgUZnA.js:16
[  361943ms] [WARNING] You don't have permission to use DEVTOOL!【type = 6】 @ https://yurigarden.com/assets/index-LUNgUZnA.js:16
[  362446ms] [WARNING] You don't have permission to use DEVTOOL!【type = 6】 @ https://yurigarden.com/assets/index-LUNgUZnA.js:16
[  362949ms] [WARNING] You don't have permission to use DEVTOOL!【type = 6】 @ https://yurigarden.com/assets/index-LUNgUZnA.js:16
[  363451ms] [WARNING] You don't have permission to use DEVTOOL!【type = 6】 @ https://yurigarden.com/assets/index-LUNgUZnA.js:16
[  363950ms] [WARNING] You don't have permission to use DEVTOOL!【type = 6】 @ https://yurigarden.com/assets/index-LUNgUZnA.js:16
[  364448ms] [WARNING] You don't have permission to use DEVTOOL!【type = 6】 @ https://yurigarden.com/assets/index-LUNgUZnA.js:16
[  364943ms] [WARNING] You don't have permission to use DEVTOOL!【type = 6】 @ https://yurigarden.com/assets/index-LUNgUZnA.js:16
[  365446ms] [WARNING] You don't have permission to use DEVTOOL!【type = 6】 @ https://yurigarden.com/assets/index-LUNgUZnA.js:16
[  365951ms] [WARNING] You don't have permission to use DEVTOOL!【type = 6】 @ https://yurigarden.com/assets/index-LUNgUZnA.js:16
[  366461ms] [WARNING] You don't have permission to use DEVTOOL!【type = 6】 @ https://yurigarden.com/assets/index-LUNgUZnA.js:16
[  366959ms] [WARNING] You don't have permission to use DEVTOOL!【type = 6】 @ https://yurigarden.com/assets/index-LUNgUZnA.js:16
[  367455ms] [WARNING] You don't have permission to use DEVTOOL!【type = 6】 @ https://yurigarden.com/assets/index-LUNgUZnA.js:16
[  367945ms] [WARNING] You don't have permission to use DEVTOOL!【type = 6】 @ https://yurigarden.com/assets/index-LUNgUZnA.js:16
[  368448ms] [WARNING] You don't have permission to use DEVTOOL!【type = 6】 @ https://yurigarden.com/assets/index-LUNgUZnA.js:16
[  368940ms] [WARNING] You don't have permission to use DEVTOOL!【type = 6】 @ https://yurigarden.com/assets/index-LUNgUZnA.js:16
[  369440ms] [WARNING] You don't have permission to use DEVTOOL!【type = 6】 @ https://yurigarden.com/assets/index-LUNgUZnA.js:16
[  369944ms] [WARNING] You don't have permission to use DEVTOOL!【type = 6】 @ https://yurigarden.com/assets/index-LUNgUZnA.js:16
[  370458ms] [WARNING] You don't have permission to use DEVTOOL!【type = 6】 @ https://yurigarden.com/assets/index-LUNgUZnA.js:16
[  370947ms] [WARNING] You don't have permission to use DEVTOOL!【type = 6】 @ https://yurigarden.com/assets/index-LUNgUZnA.js:16
[  371443ms] [WARNING] You don't have permission to use DEVTOOL!【type = 6】 @ https://yurigarden.com/assets/index-LUNgUZnA.js:16
[  371939ms] [WARNING] You don't have permission to use DEVTOOL!【type = 6】 @ https://yurigarden.com/assets/index-LUNgUZnA.js:16
[  372438ms] [WARNING] You don't have permission to use DEVTOOL!【type = 6】 @ https://yurigarden.com/assets/index-LUNgUZnA.js:16
[  372940ms] [WARNING] You don't have permission to use DEVTOOL!【type = 6】 @ https://yurigarden.com/assets/index-LUNgUZnA.js:16
[  373439ms] [WARNING] You don't have permission to use DEVTOOL!【type = 6】 @ https://yurigarden.com/assets/index-LUNgUZnA.js:16
[  373944ms] [WARNING] You don't have permission to use DEVTOOL!【type = 6】 @ https://yurigarden.com/assets/index-LUNgUZnA.js:16
[  374446ms] [WARNING] You don't have permission to use DEVTOOL!【type = 6】 @ https://yurigarden.com/assets/index-LUNgUZnA.js:16
[  374941ms] [WARNING] You don't have permission to use DEVTOOL!【type = 6】 @ https://yurigarden.com/assets/index-LUNgUZnA.js:16
[  375452ms] [WARNING] You don't have permission to use DEVTOOL!【type = 6】 @ https://yurigarden.com/assets/index-LUNgUZnA.js:16
[  375952ms] [WARNING] You don't have permission to use DEVTOOL!【type = 6】 @ https://yurigarden.com/assets/index-LUNgUZnA.js:16
[  376443ms] [WARNING] You don't have permission to use DEVTOOL!【type = 6】 @ https://yurigarden.com/assets/index-LUNgUZnA.js:16
[  376942ms] [WARNING] You don't have permission to use DEVTOOL!【type = 6】 @ https://yurigarden.com/assets/index-LUNgUZnA.js:16
[  377441ms] [WARNING] You don't have permission to use DEVTOOL!【type = 6】 @ https://yurigarden.com/assets/index-LUNgUZnA.js:16
[  377950ms] [WARNING] You don't have permission to use DEVTOOL!【type = 6】 @ https://yurigarden.com/assets/index-LUNgUZnA.js:16
[  378455ms] [WARNING] You don't have permission to use DEVTOOL!【type = 6】 @ https://yurigarden.com/assets/index-LUNgUZnA.js:16
[  378943ms] [WARNING] You don't have permission to use DEVTOOL!【type = 6】 @ https://yurigarden.com/assets/index-LUNgUZnA.js:16
[  379447ms] [WARNING] You don't have permission to use DEVTOOL!【type = 6】 @ https://yurigarden.com/assets/index-LUNgUZnA.js:16
[  379950ms] [WARNING] You don't have permission to use DEVTOOL!【type = 6】 @ https://yurigarden.com/assets/index-LUNgUZnA.js:16
[  380450ms] [WARNING] You don't have permission to use DEVTOOL!【type = 6】 @ https://yurigarden.com/assets/index-LUNgUZnA.js:16
[  380942ms] [WARNING] You don't have permission to use DEVTOOL!【type = 6】 @ https://yurigarden.com/assets/index-LUNgUZnA.js:16
[  381442ms] [WARNING] You don't have permission to use DEVTOOL!【type = 6】 @ https://yurigarden.com/assets/index-LUNgUZnA.js:16
[  381950ms] [WARNING] You don't have permission to use DEVTOOL!【type = 6】 @ https://yurigarden.com/assets/index-LUNgUZnA.js:16
[  382446ms] [WARNING] You don't have permission to use DEVTOOL!【type = 6】 @ https://yurigarden.com/assets/index-LUNgUZnA.js:16
[  382946ms] [WARNING] You don't have permission to use DEVTOOL!【type = 6】 @ https://yurigarden.com/assets/index-LUNgUZnA.js:16
[  383444ms] [WARNING] You don't have permission to use DEVTOOL!【type = 6】 @ https://yurigarden.com/assets/index-LUNgUZnA.js:16
[  383948ms] [WARNING] You don't have permission to use DEVTOOL!【type = 6】 @ https://yurigarden.com/assets/index-LUNgUZnA.js:16
[  384442ms] [WARNING] You don't have permission to use DEVTOOL!【type = 6】 @ https://yurigarden.com/assets/index-LUNgUZnA.js:16
[  384946ms] [WARNING] You don't have permission to use DEVTOOL!【type = 6】 @ https://yurigarden.com/assets/index-LUNgUZnA.js:16
[  385442ms] [WARNING] You don't have permission to use DEVTOOL!【type = 6】 @ https://yurigarden.com/assets/index-LUNgUZnA.js:16
[  385943ms] [WARNING] You don't have permission to use DEVTOOL!【type = 6】 @ https://yurigarden.com/assets/index-LUNgUZnA.js:16
[  386448ms] [WARNING] You don't have permission to use DEVTOOL!【type = 6】 @ https://yurigarden.com/assets/index-LUNgUZnA.js:16
[  386945ms] [WARNING] You don't have permission to use DEVTOOL!【type = 6】 @ https://yurigarden.com/assets/index-LUNgUZnA.js:16
[  387447ms] [WARNING] You don't have permission to use DEVTOOL!【type = 6】 @ https://yurigarden.com/assets/index-LUNgUZnA.js:16
[  387938ms] [WARNING] You don't have permission to use DEVTOOL!【type = 6】 @ https://yurigarden.com/assets/index-LUNgUZnA.js:16
[  388450ms] [WARNING] You don't have permission to use DEVTOOL!【type = 6】 @ https://yurigarden.com/assets/index-LUNgUZnA.js:16
[  388940ms] [WARNING] You don't have permission to use DEVTOOL!【type = 6】 @ https://yurigarden.com/assets/index-LUNgUZnA.js:16
[  389437ms] [WARNING] You don't have permission to use DEVTOOL!【type = 6】 @ https://yurigarden.com/assets/index-LUNgUZnA.js:16
[  389940ms] [WARNING] You don't have permission to use DEVTOOL!【type = 6】 @ https://yurigarden.com/assets/index-LUNgUZnA.js:16
[  390440ms] [WARNING] You don't have permission to use DEVTOOL!【type = 6】 @ https://yurigarden.com/assets/index-LUNgUZnA.js:16
[  390948ms] [WARNING] You don't have permission to use DEVTOOL!【type = 6】 @ https://yurigarden.com/assets/index-LUNgUZnA.js:16
[  391441ms] [WARNING] You don't have permission to use DEVTOOL!【type = 6】 @ https://yurigarden.com/assets/index-LUNgUZnA.js:16
[  391940ms] [WARNING] You don't have permission to use DEVTOOL!【type = 6】 @ https://yurigarden.com/assets/index-LUNgUZnA.js:16
[  392457ms] [WARNING] You don't have permission to use DEVTOOL!【type = 6】 @ https://yurigarden.com/assets/index-LUNgUZnA.js:16
[  392947ms] [WARNING] You don't have permission to use DEVTOOL!【type = 6】 @ https://yurigarden.com/assets/index-LUNgUZnA.js:16
[  393452ms] [WARNING] You don't have permission to use DEVTOOL!【type = 6】 @ https://yurigarden.com/assets/index-LUNgUZnA.js:16
[  393939ms] [WARNING] You don't have permission to use DEVTOOL!【type = 6】 @ https://yurigarden.com/assets/index-LUNgUZnA.js:16
[  394452ms] [WARNING] You don't have permission to use DEVTOOL!【type = 6】 @ https://yurigarden.com/assets/index-LUNgUZnA.js:16
[  394943ms] [WARNING] You don't have permission to use DEVTOOL!【type = 6】 @ https://yurigarden.com/assets/index-LUNgUZnA.js:16
[  395451ms] [WARNING] You don't have permission to use DEVTOOL!【type = 6】 @ https://yurigarden.com/assets/index-LUNgUZnA.js:16
[  395947ms] [WARNING] You don't have permission to use DEVTOOL!【type = 6】 @ https://yurigarden.com/assets/index-LUNgUZnA.js:16
[  396444ms] [WARNING] You don't have permission to use DEVTOOL!【type = 6】 @ https://yurigarden.com/assets/index-LUNgUZnA.js:16
[  396939ms] [WARNING] You don't have permission to use DEVTOOL!【type = 6】 @ https://yurigarden.com/assets/index-LUNgUZnA.js:16
[  397448ms] [WARNING] You don't have permission to use DEVTOOL!【type = 6】 @ https://yurigarden.com/assets/index-LUNgUZnA.js:16
[  397952ms] [WARNING] You don't have permission to use DEVTOOL!【type = 6】 @ https://yurigarden.com/assets/index-LUNgUZnA.js:16
[  398443ms] [WARNING] You don't have permission to use DEVTOOL!【type = 6】 @ https://yurigarden.com/assets/index-LUNgUZnA.js:16
[  398943ms] [WARNING] You don't have permission to use DEVTOOL!【type = 6】 @ https://yurigarden.com/assets/index-LUNgUZnA.js:16
[  399443ms] [WARNING] You don't have permission to use DEVTOOL!【type = 6】 @ https://yurigarden.com/assets/index-LUNgUZnA.js:16
[  399947ms] [WARNING] You don't have permission to use DEVTOOL!【type = 6】 @ https://yurigarden.com/assets/index-LUNgUZnA.js:16
[  400443ms] [WARNING] You don't have permission to use DEVTOOL!【type = 6】 @ https://yurigarden.com/assets/index-LUNgUZnA.js:16
[  400940ms] [WARNING] You don't have permission to use DEVTOOL!【type = 6】 @ https://yurigarden.com/assets/index-LUNgUZnA.js:16
[  401444ms] [WARNING] You don't have permission to use DEVTOOL!【type = 6】 @ https://yurigarden.com/assets/index-LUNgUZnA.js:16
[  401948ms] [WARNING] You don't have permission to use DEVTOOL!【type = 6】 @ https://yurigarden.com/assets/index-LUNgUZnA.js:16
[  402446ms] [WARNING] You don't have permission to use DEVTOOL!【type = 6】 @ https://yurigarden.com/assets/index-LUNgUZnA.js:16
[  402956ms] [WARNING] You don't have permission to use DEVTOOL!【type = 6】 @ https://yurigarden.com/assets/index-LUNgUZnA.js:16
[  403459ms] [WARNING] You don't have permission to use DEVTOOL!【type = 6】 @ https://yurigarden.com/assets/index-LUNgUZnA.js:16
[  403940ms] [WARNING] You don't have permission to use DEVTOOL!【type = 6】 @ https://yurigarden.com/assets/index-LUNgUZnA.js:16
[  404440ms] [WARNING] You don't have permission to use DEVTOOL!【type = 6】 @ https://yurigarden.com/assets/index-LUNgUZnA.js:16
[  404941ms] [WARNING] You don't have permission to use DEVTOOL!【type = 6】 @ https://yurigarden.com/assets/index-LUNgUZnA.js:16
[  405445ms] [WARNING] You don't have permission to use DEVTOOL!【type = 6】 @ https://yurigarden.com/assets/index-LUNgUZnA.js:16
[  405945ms] [WARNING] You don't have permission to use DEVTOOL!【type = 6】 @ https://yurigarden.com/assets/index-LUNgUZnA.js:16
[  406447ms] [WARNING] You don't have permission to use DEVTOOL!【type = 6】 @ https://yurigarden.com/assets/index-LUNgUZnA.js:16
[  406957ms] [WARNING] You don't have permission to use DEVTOOL!【type = 6】 @ https://yurigarden.com/assets/index-LUNgUZnA.js:16
[  407446ms] [WARNING] You don't have permission to use DEVTOOL!【type = 6】 @ https://yurigarden.com/assets/index-LUNgUZnA.js:16
[  407953ms] [WARNING] You don't have permission to use DEVTOOL!【type = 6】 @ https://yurigarden.com/assets/index-LUNgUZnA.js:16
[  408442ms] [WARNING] You don't have permission to use DEVTOOL!【type = 6】 @ https://yurigarden.com/assets/index-LUNgUZnA.js:16
[  408946ms] [WARNING] You don't have permission to use DEVTOOL!【type = 6】 @ https://yurigarden.com/assets/index-LUNgUZnA.js:16
[  409445ms] [WARNING] You don't have permission to use DEVTOOL!【type = 6】 @ https://yurigarden.com/assets/index-LUNgUZnA.js:16
[  409948ms] [WARNING] You don't have permission to use DEVTOOL!【type = 6】 @ https://yurigarden.com/assets/index-LUNgUZnA.js:16
[  410446ms] [WARNING] You don't have permission to use DEVTOOL!【type = 6】 @ https://yurigarden.com/assets/index-LUNgUZnA.js:16
[  410946ms] [WARNING] You don't have permission to use DEVTOOL!【type = 6】 @ https://yurigarden.com/assets/index-LUNgUZnA.js:16
[  411441ms] [WARNING] You don't have permission to use DEVTOOL!【type = 6】 @ https://yurigarden.com/assets/index-LUNgUZnA.js:16
[  411947ms] [WARNING] You don't have permission to use DEVTOOL!【type = 6】 @ https://yurigarden.com/assets/index-LUNgUZnA.js:16
[  412442ms] [WARNING] You don't have permission to use DEVTOOL!【type = 6】 @ https://yurigarden.com/assets/index-LUNgUZnA.js:16
[  412947ms] [WARNING] You don't have permission to use DEVTOOL!【type = 6】 @ https://yurigarden.com/assets/index-LUNgUZnA.js:16
[  413440ms] [WARNING] You don't have permission to use DEVTOOL!【type = 6】 @ https://yurigarden.com/assets/index-LUNgUZnA.js:16
[  413940ms] [WARNING] You don't have permission to use DEVTOOL!【type = 6】 @ https://yurigarden.com/assets/index-LUNgUZnA.js:16
[  414446ms] [WARNING] You don't have permission to use DEVTOOL!【type = 6】 @ https://yurigarden.com/assets/index-LUNgUZnA.js:16
[  414942ms] [WARNING] You don't have permission to use DEVTOOL!【type = 6】 @ https://yurigarden.com/assets/index-LUNgUZnA.js:16
[  415440ms] [WARNING] You don't have permission to use DEVTOOL!【type = 6】 @ https://yurigarden.com/assets/index-LUNgUZnA.js:16
[  415941ms] [WARNING] You don't have permission to use DEVTOOL!【type = 6】 @ https://yurigarden.com/assets/index-LUNgUZnA.js:16
[  416445ms] [WARNING] You don't have permission to use DEVTOOL!【type = 6】 @ https://yurigarden.com/assets/index-LUNgUZnA.js:16
[  416950ms] [WARNING] You don't have permission to use DEVTOOL!【type = 6】 @ https://yurigarden.com/assets/index-LUNgUZnA.js:16
[  417447ms] [WARNING] You don't have permission to use DEVTOOL!【type = 6】 @ https://yurigarden.com/assets/index-LUNgUZnA.js:16
[  417947ms] [WARNING] You don't have permission to use DEVTOOL!【type = 6】 @ https://yurigarden.com/assets/index-LUNgUZnA.js:16
[  418444ms] [WARNING] You don't have permission to use DEVTOOL!【type = 6】 @ https://yurigarden.com/assets/index-LUNgUZnA.js:16
[  418942ms] [WARNING] You don't have permission to use DEVTOOL!【type = 6】 @ https://yurigarden.com/assets/index-LUNgUZnA.js:16
[  419449ms] [WARNING] You don't have permission to use DEVTOOL!【type = 6】 @ https://yurigarden.com/assets/index-LUNgUZnA.js:16
[  419966ms] [WARNING] You don't have permission to use DEVTOOL!【type = 6】 @ https://yurigarden.com/assets/index-LUNgUZnA.js:16
[  420448ms] [WARNING] You don't have permission to use DEVTOOL!【type = 6】 @ https://yurigarden.com/assets/index-LUNgUZnA.js:16
[  420939ms] [WARNING] You don't have permission to use DEVTOOL!【type = 6】 @ https://yurigarden.com/assets/index-LUNgUZnA.js:16
[  421454ms] [WARNING] You don't have permission to use DEVTOOL!【type = 6】 @ https://yurigarden.com/assets/index-LUNgUZnA.js:16
[  421954ms] [WARNING] You don't have permission to use DEVTOOL!【type = 6】 @ https://yurigarden.com/assets/index-LUNgUZnA.js:16
[  422439ms] [WARNING] You don't have permission to use DEVTOOL!【type = 6】 @ https://yurigarden.com/assets/index-LUNgUZnA.js:16
[  422940ms] [WARNING] You don't have permission to use DEVTOOL!【type = 6】 @ https://yurigarden.com/assets/index-LUNgUZnA.js:16
[  423437ms] [WARNING] You don't have permission to use DEVTOOL!【type = 6】 @ https://yurigarden.com/assets/index-LUNgUZnA.js:16
[  423937ms] [WARNING] You don't have permission to use DEVTOOL!【type = 6】 @ https://yurigarden.com/assets/index-LUNgUZnA.js:16
[  424439ms] [WARNING] You don't have permission to use DEVTOOL!【type = 6】 @ https://yurigarden.com/assets/index-LUNgUZnA.js:16
[  424941ms] [WARNING] You don't have permission to use DEVTOOL!【type = 6】 @ https://yurigarden.com/assets/index-LUNgUZnA.js:16
[  425444ms] [WARNING] You don't have permission to use DEVTOOL!【type = 6】 @ https://yurigarden.com/assets/index-LUNgUZnA.js:16
[  425941ms] [WARNING] You don't have permission to use DEVTOOL!【type = 6】 @ https://yurigarden.com/assets/index-LUNgUZnA.js:16
[  426445ms] [WARNING] You don't have permission to use DEVTOOL!【type = 6】 @ https://yurigarden.com/assets/index-LUNgUZnA.js:16
[  426945ms] [WARNING] You don't have permission to use DEVTOOL!【type = 6】 @ https://yurigarden.com/assets/index-LUNgUZnA.js:16
[  427438ms] [WARNING] You don't have permission to use DEVTOOL!【type = 6】 @ https://yurigarden.com/assets/index-LUNgUZnA.js:16
[  427941ms] [WARNING] You don't have permission to use DEVTOOL!【type = 6】 @ https://yurigarden.com/assets/index-LUNgUZnA.js:16
[  428439ms] [WARNING] You don't have permission to use DEVTOOL!【type = 6】 @ https://yurigarden.com/assets/index-LUNgUZnA.js:16
[  428942ms] [WARNING] You don't have permission to use DEVTOOL!【type = 6】 @ https://yurigarden.com/assets/index-LUNgUZnA.js:16
[  429439ms] [WARNING] You don't have permission to use DEVTOOL!【type = 6】 @ https://yurigarden.com/assets/index-LUNgUZnA.js:16
[  429931ms] [WARNING] You don't have permission to use DEVTOOL!【type = 6】 @ https://yurigarden.com/assets/index-LUNgUZnA.js:16
[  430433ms] [WARNING] You don't have permission to use DEVTOOL!【type = 6】 @ https://yurigarden.com/assets/index-LUNgUZnA.js:16
[  430944ms] [WARNING] You don't have permission to use DEVTOOL!【type = 6】 @ https://yurigarden.com/assets/index-LUNgUZnA.js:16
[  431442ms] [WARNING] You don't have permission to use DEVTOOL!【type = 6】 @ https://yurigarden.com/assets/index-LUNgUZnA.js:16
[  431944ms] [WARNING] You don't have permission to use DEVTOOL!【type = 6】 @ https://yurigarden.com/assets/index-LUNgUZnA.js:16
[  432438ms] [WARNING] You don't have permission to use DEVTOOL!【type = 6】 @ https://yurigarden.com/assets/index-LUNgUZnA.js:16
[  432943ms] [WARNING] You don't have permission to use DEVTOOL!【type = 6】 @ https://yurigarden.com/assets/index-LUNgUZnA.js:16
[  433440ms] [WARNING] You don't have permission to use DEVTOOL!【type = 6】 @ https://yurigarden.com/assets/index-LUNgUZnA.js:16
[  433942ms] [WARNING] You don't have permission to use DEVTOOL!【type = 6】 @ https://yurigarden.com/assets/index-LUNgUZnA.js:16
[  434439ms] [WARNING] You don't have permission to use DEVTOOL!【type = 6】 @ https://yurigarden.com/assets/index-LUNgUZnA.js:16
[  434945ms] [WARNING] You don't have permission to use DEVTOOL!【type = 6】 @ https://yurigarden.com/assets/index-LUNgUZnA.js:16
[  435452ms] [WARNING] You don't have permission to use DEVTOOL!【type = 6】 @ https://yurigarden.com/assets/index-LUNgUZnA.js:16
[  435947ms] [WARNING] You don't have permission to use DEVTOOL!【type = 6】 @ https://yurigarden.com/assets/index-LUNgUZnA.js:16
[  436445ms] [WARNING] You don't have permission to use DEVTOOL!【type = 6】 @ https://yurigarden.com/assets/index-LUNgUZnA.js:16
[  436946ms] [WARNING] You don't have permission to use DEVTOOL!【type = 6】 @ https://yurigarden.com/assets/index-LUNgUZnA.js:16
[  437438ms] [WARNING] You don't have permission to use DEVTOOL!【type = 6】 @ https://yurigarden.com/assets/index-LUNgUZnA.js:16
[  437936ms] [WARNING] You don't have permission to use DEVTOOL!【type = 6】 @ https://yurigarden.com/assets/index-LUNgUZnA.js:16
[  438442ms] [WARNING] You don't have permission to use DEVTOOL!【type = 6】 @ https://yurigarden.com/assets/index-LUNgUZnA.js:16
[  438935ms] [WARNING] You don't have permission to use DEVTOOL!【type = 6】 @ https://yurigarden.com/assets/index-LUNgUZnA.js:16
[  439442ms] [WARNING] You don't have permission to use DEVTOOL!【type = 6】 @ https://yurigarden.com/assets/index-LUNgUZnA.js:16
[  439944ms] [WARNING] You don't have permission to use DEVTOOL!【type = 6】 @ https://yurigarden.com/assets/index-LUNgUZnA.js:16
[  440445ms] [WARNING] You don't have permission to use DEVTOOL!【type = 6】 @ https://yurigarden.com/assets/index-LUNgUZnA.js:16
[  440941ms] [WARNING] You don't have permission to use DEVTOOL!【type = 6】 @ https://yurigarden.com/assets/index-LUNgUZnA.js:16
[  441443ms] [WARNING] You don't have permission to use DEVTOOL!【type = 6】 @ https://yurigarden.com/assets/index-LUNgUZnA.js:16
[  441945ms] [WARNING] You don't have permission to use DEVTOOL!【type = 6】 @ https://yurigarden.com/assets/index-LUNgUZnA.js:16
[  442455ms] [WARNING] You don't have permission to use DEVTOOL!【type = 6】 @ https://yurigarden.com/assets/index-LUNgUZnA.js:16
[  442956ms] [WARNING] You don't have permission to use DEVTOOL!【type = 6】 @ https://yurigarden.com/assets/index-LUNgUZnA.js:16
[  443454ms] [WARNING] You don't have permission to use DEVTOOL!【type = 6】 @ https://yurigarden.com/assets/index-LUNgUZnA.js:16
[  443947ms] [WARNING] You don't have permission to use DEVTOOL!【type = 6】 @ https://yurigarden.com/assets/index-LUNgUZnA.js:16
[  444438ms] [WARNING] You don't have permission to use DEVTOOL!【type = 6】 @ https://yurigarden.com/assets/index-LUNgUZnA.js:16
[  444946ms] [WARNING] You don't have permission to use DEVTOOL!【type = 6】 @ https://yurigarden.com/assets/index-LUNgUZnA.js:16
[  445445ms] [WARNING] You don't have permission to use DEVTOOL!【type = 6】 @ https://yurigarden.com/assets/index-LUNgUZnA.js:16
[  445946ms] [WARNING] You don't have permission to use DEVTOOL!【type = 6】 @ https://yurigarden.com/assets/index-LUNgUZnA.js:16
[  446447ms] [WARNING] You don't have permission to use DEVTOOL!【type = 6】 @ https://yurigarden.com/assets/index-LUNgUZnA.js:16
[  446951ms] [WARNING] You don't have permission to use DEVTOOL!【type = 6】 @ https://yurigarden.com/assets/index-LUNgUZnA.js:16
[  447439ms] [WARNING] You don't have permission to use DEVTOOL!【type = 6】 @ https://yurigarden.com/assets/index-LUNgUZnA.js:16
[  447942ms] [WARNING] You don't have permission to use DEVTOOL!【type = 6】 @ https://yurigarden.com/assets/index-LUNgUZnA.js:16
[  448439ms] [WARNING] You don't have permission to use DEVTOOL!【type = 6】 @ https://yurigarden.com/assets/index-LUNgUZnA.js:16
[  448946ms] [WARNING] You don't have permission to use DEVTOOL!【type = 6】 @ https://yurigarden.com/assets/index-LUNgUZnA.js:16
[  449440ms] [WARNING] You don't have permission to use DEVTOOL!【type = 6】 @ https://yurigarden.com/assets/index-LUNgUZnA.js:16
[  449937ms] [WARNING] You don't have permission to use DEVTOOL!【type = 6】 @ https://yurigarden.com/assets/index-LUNgUZnA.js:16
[  450437ms] [WARNING] You don't have permission to use DEVTOOL!【type = 6】 @ https://yurigarden.com/assets/index-LUNgUZnA.js:16
[  450933ms] [WARNING] You don't have permission to use DEVTOOL!【type = 6】 @ https://yurigarden.com/assets/index-LUNgUZnA.js:16
[  451439ms] [WARNING] You don't have permission to use DEVTOOL!【type = 6】 @ https://yurigarden.com/assets/index-LUNgUZnA.js:16
[  451939ms] [WARNING] You don't have permission to use DEVTOOL!【type = 6】 @ https://yurigarden.com/assets/index-LUNgUZnA.js:16
[  452444ms] [WARNING] You don't have permission to use DEVTOOL!【type = 6】 @ https://yurigarden.com/assets/index-LUNgUZnA.js:16
[  452938ms] [WARNING] You don't have permission to use DEVTOOL!【type = 6】 @ https://yurigarden.com/assets/index-LUNgUZnA.js:16
[  453440ms] [WARNING] You don't have permission to use DEVTOOL!【type = 6】 @ https://yurigarden.com/assets/index-LUNgUZnA.js:16
[  453937ms] [WARNING] You don't have permission to use DEVTOOL!【type = 6】 @ https://yurigarden.com/assets/index-LUNgUZnA.js:16
[  454447ms] [WARNING] You don't have permission to use DEVTOOL!【type = 6】 @ https://yurigarden.com/assets/index-LUNgUZnA.js:16
[  454949ms] [WARNING] You don't have permission to use DEVTOOL!【type = 6】 @ https://yurigarden.com/assets/index-LUNgUZnA.js:16
[  455447ms] [WARNING] You don't have permission to use DEVTOOL!【type = 6】 @ https://yurigarden.com/assets/index-LUNgUZnA.js:16
[  455943ms] [WARNING] You don't have permission to use DEVTOOL!【type = 6】 @ https://yurigarden.com/assets/index-LUNgUZnA.js:16
[  456453ms] [WARNING] You don't have permission to use DEVTOOL!【type = 6】 @ https://yurigarden.com/assets/index-LUNgUZnA.js:16
[  456945ms] [WARNING] You don't have permission to use DEVTOOL!【type = 6】 @ https://yurigarden.com/assets/index-LUNgUZnA.js:16
[  457433ms] [WARNING] You don't have permission to use DEVTOOL!【type = 6】 @ https://yurigarden.com/assets/index-LUNgUZnA.js:16
[  457941ms] [WARNING] You don't have permission to use DEVTOOL!【type = 6】 @ https://yurigarden.com/assets/index-LUNgUZnA.js:16
[  458433ms] [WARNING] You don't have permission to use DEVTOOL!【type = 6】 @ https://yurigarden.com/assets/index-LUNgUZnA.js:16
[  458943ms] [WARNING] You don't have permission to use DEVTOOL!【type = 6】 @ https://yurigarden.com/assets/index-LUNgUZnA.js:16
[  459442ms] [WARNING] You don't have permission to use DEVTOOL!【type = 6】 @ https://yurigarden.com/assets/index-LUNgUZnA.js:16
[  459937ms] [WARNING] You don't have permission to use DEVTOOL!【type = 6】 @ https://yurigarden.com/assets/index-LUNgUZnA.js:16
[  460439ms] [WARNING] You don't have permission to use DEVTOOL!【type = 6】 @ https://yurigarden.com/assets/index-LUNgUZnA.js:16
[  460941ms] [WARNING] You don't have permission to use DEVTOOL!【type = 6】 @ https://yurigarden.com/assets/index-LUNgUZnA.js:16
[  461443ms] [WARNING] You don't have permission to use DEVTOOL!【type = 6】 @ https://yurigarden.com/assets/index-LUNgUZnA.js:16
[  461939ms] [WARNING] You don't have permission to use DEVTOOL!【type = 6】 @ https://yurigarden.com/assets/index-LUNgUZnA.js:16
[  462438ms] [WARNING] You don't have permission to use DEVTOOL!【type = 6】 @ https://yurigarden.com/assets/index-LUNgUZnA.js:16
[  462937ms] [WARNING] You don't have permission to use DEVTOOL!【type = 6】 @ https://yurigarden.com/assets/index-LUNgUZnA.js:16
[  463437ms] [WARNING] You don't have permission to use DEVTOOL!【type = 6】 @ https://yurigarden.com/assets/index-LUNgUZnA.js:16
[  463945ms] [WARNING] You don't have permission to use DEVTOOL!【type = 6】 @ https://yurigarden.com/assets/index-LUNgUZnA.js:16
[  464437ms] [WARNING] You don't have permission to use DEVTOOL!【type = 6】 @ https://yurigarden.com/assets/index-LUNgUZnA.js:16
[  464940ms] [WARNING] You don't have permission to use DEVTOOL!【type = 6】 @ https://yurigarden.com/assets/index-LUNgUZnA.js:16
[  465432ms] [WARNING] You don't have permission to use DEVTOOL!【type = 6】 @ https://yurigarden.com/assets/index-LUNgUZnA.js:16
[  465936ms] [WARNING] You don't have permission to use DEVTOOL!【type = 6】 @ https://yurigarden.com/assets/index-LUNgUZnA.js:16
[  466443ms] [WARNING] You don't have permission to use DEVTOOL!【type = 6】 @ https://yurigarden.com/assets/index-LUNgUZnA.js:16
[  466944ms] [WARNING] You don't have permission to use DEVTOOL!【type = 6】 @ https://yurigarden.com/assets/index-LUNgUZnA.js:16
[  467438ms] [WARNING] You don't have permission to use DEVTOOL!【type = 6】 @ https://yurigarden.com/assets/index-LUNgUZnA.js:16
[  467929ms] [WARNING] You don't have permission to use DEVTOOL!【type = 6】 @ https://yurigarden.com/assets/index-LUNgUZnA.js:16
[  468439ms] [WARNING] You don't have permission to use DEVTOOL!【type = 6】 @ https://yurigarden.com/assets/index-LUNgUZnA.js:16
[  468942ms] [WARNING] You don't have permission to use DEVTOOL!【type = 6】 @ https://yurigarden.com/assets/index-LUNgUZnA.js:16
[  469443ms] [WARNING] You don't have permission to use DEVTOOL!【type = 6】 @ https://yurigarden.com/assets/index-LUNgUZnA.js:16
[  469939ms] [WARNING] You don't have permission to use DEVTOOL!【type = 6】 @ https://yurigarden.com/assets/index-LUNgUZnA.js:16
[  470441ms] [WARNING] You don't have permission to use DEVTOOL!【type = 6】 @ https://yurigarden.com/assets/index-LUNgUZnA.js:16
[  470943ms] [WARNING] You don't have permission to use DEVTOOL!【type = 6】 @ https://yurigarden.com/assets/index-LUNgUZnA.js:16
[  471434ms] [WARNING] You don't have permission to use DEVTOOL!【type = 6】 @ https://yurigarden.com/assets/index-LUNgUZnA.js:16
[  471936ms] [WARNING] You don't have permission to use DEVTOOL!【type = 6】 @ https://yurigarden.com/assets/index-LUNgUZnA.js:16
[  472437ms] [WARNING] You don't have permission to use DEVTOOL!【type = 6】 @ https://yurigarden.com/assets/index-LUNgUZnA.js:16
[  472943ms] [WARNING] You don't have permission to use DEVTOOL!【type = 6】 @ https://yurigarden.com/assets/index-LUNgUZnA.js:16
[  473441ms] [WARNING] You don't have permission to use DEVTOOL!【type = 6】 @ https://yurigarden.com/assets/index-LUNgUZnA.js:16
[  473939ms] [WARNING] You don't have permission to use DEVTOOL!【type = 6】 @ https://yurigarden.com/assets/index-LUNgUZnA.js:16
[  474441ms] [WARNING] You don't have permission to use DEVTOOL!【type = 6】 @ https://yurigarden.com/assets/index-LUNgUZnA.js:16
[  474938ms] [WARNING] You don't have permission to use DEVTOOL!【type = 6】 @ https://yurigarden.com/assets/index-LUNgUZnA.js:16
[  475438ms] [WARNING] You don't have permission to use DEVTOOL!【type = 6】 @ https://yurigarden.com/assets/index-LUNgUZnA.js:16
[  475940ms] [WARNING] You don't have permission to use DEVTOOL!【type = 6】 @ https://yurigarden.com/assets/index-LUNgUZnA.js:16
[  476435ms] [WARNING] You don't have permission to use DEVTOOL!【type = 6】 @ https://yurigarden.com/assets/index-LUNgUZnA.js:16
[  476938ms] [WARNING] You don't have permission to use DEVTOOL!【type = 6】 @ https://yurigarden.com/assets/index-LUNgUZnA.js:16
[  477442ms] [WARNING] You don't have permission to use DEVTOOL!【type = 6】 @ https://yurigarden.com/assets/index-LUNgUZnA.js:16
[  477947ms] [WARNING] You don't have permission to use DEVTOOL!【type = 6】 @ https://yurigarden.com/assets/index-LUNgUZnA.js:16
[  478441ms] [WARNING] You don't have permission to use DEVTOOL!【type = 6】 @ https://yurigarden.com/assets/index-LUNgUZnA.js:16
[  478945ms] [WARNING] You don't have permission to use DEVTOOL!【type = 6】 @ https://yurigarden.com/assets/index-LUNgUZnA.js:16
[  479444ms] [WARNING] You don't have permission to use DEVTOOL!【type = 6】 @ https://yurigarden.com/assets/index-LUNgUZnA.js:16
[  479936ms] [WARNING] You don't have permission to use DEVTOOL!【type = 6】 @ https://yurigarden.com/assets/index-LUNgUZnA.js:16
[  480445ms] [WARNING] You don't have permission to use DEVTOOL!【type = 6】 @ https://yurigarden.com/assets/index-LUNgUZnA.js:16
[  480949ms] [WARNING] You don't have permission to use DEVTOOL!【type = 6】 @ https://yurigarden.com/assets/index-LUNgUZnA.js:16
[  481444ms] [WARNING] You don't have permission to use DEVTOOL!【type = 6】 @ https://yurigarden.com/assets/index-LUNgUZnA.js:16
[  481939ms] [WARNING] You don't have permission to use DEVTOOL!【type = 6】 @ https://yurigarden.com/assets/index-LUNgUZnA.js:16
[  482442ms] [WARNING] You don't have permission to use DEVTOOL!【type = 6】 @ https://yurigarden.com/assets/index-LUNgUZnA.js:16
[  482944ms] [WARNING] You don't have permission to use DEVTOOL!【type = 6】 @ https://yurigarden.com/assets/index-LUNgUZnA.js:16
[  483435ms] [WARNING] You don't have permission to use DEVTOOL!【type = 6】 @ https://yurigarden.com/assets/index-LUNgUZnA.js:16
[  483937ms] [WARNING] You don't have permission to use DEVTOOL!【type = 6】 @ https://yurigarden.com/assets/index-LUNgUZnA.js:16
[  484443ms] [WARNING] You don't have permission to use DEVTOOL!【type = 6】 @ https://yurigarden.com/assets/index-LUNgUZnA.js:16
[  484939ms] [WARNING] You don't have permission to use DEVTOOL!【type = 6】 @ https://yurigarden.com/assets/index-LUNgUZnA.js:16
[  485441ms] [WARNING] You don't have permission to use DEVTOOL!【type = 6】 @ https://yurigarden.com/assets/index-LUNgUZnA.js:16
[  485936ms] [WARNING] You don't have permission to use DEVTOOL!【type = 6】 @ https://yurigarden.com/assets/index-LUNgUZnA.js:16
[  486441ms] [WARNING] You don't have permission to use DEVTOOL!【type = 6】 @ https://yurigarden.com/assets/index-LUNgUZnA.js:16
[  486946ms] [WARNING] You don't have permission to use DEVTOOL!【type = 6】 @ https://yurigarden.com/assets/index-LUNgUZnA.js:16
[  487446ms] [WARNING] You don't have permission to use DEVTOOL!【type = 6】 @ https://yurigarden.com/assets/index-LUNgUZnA.js:16
[  487937ms] [WARNING] You don't have permission to use DEVTOOL!【type = 6】 @ https://yurigarden.com/assets/index-LUNgUZnA.js:16
[  488444ms] [WARNING] You don't have permission to use DEVTOOL!【type = 6】 @ https://yurigarden.com/assets/index-LUNgUZnA.js:16
[  488940ms] [WARNING] You don't have permission to use DEVTOOL!【type = 6】 @ https://yurigarden.com/assets/index-LUNgUZnA.js:16
[  489438ms] [WARNING] You don't have permission to use DEVTOOL!【type = 6】 @ https://yurigarden.com/assets/index-LUNgUZnA.js:16
[  489944ms] [WARNING] You don't have permission to use DEVTOOL!【type = 6】 @ https://yurigarden.com/assets/index-LUNgUZnA.js:16
[  490443ms] [WARNING] You don't have permission to use DEVTOOL!【type = 6】 @ https://yurigarden.com/assets/index-LUNgUZnA.js:16
[  490947ms] [WARNING] You don't have permission to use DEVTOOL!【type = 6】 @ https://yurigarden.com/assets/index-LUNgUZnA.js:16
[  491449ms] [WARNING] You don't have permission to use DEVTOOL!【type = 6】 @ https://yurigarden.com/assets/index-LUNgUZnA.js:16
[  491943ms] [WARNING] You don't have permission to use DEVTOOL!【type = 6】 @ https://yurigarden.com/assets/index-LUNgUZnA.js:16
[  492462ms] [WARNING] You don't have permission to use DEVTOOL!【type = 6】 @ https://yurigarden.com/assets/index-LUNgUZnA.js:16
[  492949ms] [WARNING] You don't have permission to use DEVTOOL!【type = 6】 @ https://yurigarden.com/assets/index-LUNgUZnA.js:16
[  493455ms] [WARNING] You don't have permission to use DEVTOOL!【type = 6】 @ https://yurigarden.com/assets/index-LUNgUZnA.js:16
[  493955ms] [WARNING] You don't have permission to use DEVTOOL!【type = 6】 @ https://yurigarden.com/assets/index-LUNgUZnA.js:16
[  494449ms] [WARNING] You don't have permission to use DEVTOOL!【type = 6】 @ https://yurigarden.com/assets/index-LUNgUZnA.js:16
[  494954ms] [WARNING] You don't have permission to use DEVTOOL!【type = 6】 @ https://yurigarden.com/assets/index-LUNgUZnA.js:16
[  495455ms] [WARNING] You don't have permission to use DEVTOOL!【type = 6】 @ https://yurigarden.com/assets/index-LUNgUZnA.js:16
[  495950ms] [WARNING] You don't have permission to use DEVTOOL!【type = 6】 @ https://yurigarden.com/assets/index-LUNgUZnA.js:16
[  496458ms] [WARNING] You don't have permission to use DEVTOOL!【type = 6】 @ https://yurigarden.com/assets/index-LUNgUZnA.js:16
[  496956ms] [WARNING] You don't have permission to use DEVTOOL!【type = 6】 @ https://yurigarden.com/assets/index-LUNgUZnA.js:16
[  497450ms] [WARNING] You don't have permission to use DEVTOOL!【type = 6】 @ https://yurigarden.com/assets/index-LUNgUZnA.js:16
[  497946ms] [WARNING] You don't have permission to use DEVTOOL!【type = 6】 @ https://yurigarden.com/assets/index-LUNgUZnA.js:16
[  498440ms] [WARNING] You don't have permission to use DEVTOOL!【type = 6】 @ https://yurigarden.com/assets/index-LUNgUZnA.js:16
[  498946ms] [WARNING] You don't have permission to use DEVTOOL!【type = 6】 @ https://yurigarden.com/assets/index-LUNgUZnA.js:16
[  499451ms] [WARNING] You don't have permission to use DEVTOOL!【type = 6】 @ https://yurigarden.com/assets/index-LUNgUZnA.js:16
[  499945ms] [WARNING] You don't have permission to use DEVTOOL!【type = 6】 @ https://yurigarden.com/assets/index-LUNgUZnA.js:16
[  500441ms] [WARNING] You don't have permission to use DEVTOOL!【type = 6】 @ https://yurigarden.com/assets/index-LUNgUZnA.js:16
[  500941ms] [WARNING] You don't have permission to use DEVTOOL!【type = 6】 @ https://yurigarden.com/assets/index-LUNgUZnA.js:16
[  501441ms] [WARNING] You don't have permission to use DEVTOOL!【type = 6】 @ https://yurigarden.com/assets/index-LUNgUZnA.js:16
[  501944ms] [WARNING] You don't have permission to use DEVTOOL!【type = 6】 @ https://yurigarden.com/assets/index-LUNgUZnA.js:16
[  502440ms] [WARNING] You don't have permission to use DEVTOOL!【type = 6】 @ https://yurigarden.com/assets/index-LUNgUZnA.js:16
[  502939ms] [WARNING] You don't have permission to use DEVTOOL!【type = 6】 @ https://yurigarden.com/assets/index-LUNgUZnA.js:16
[  503439ms] [WARNING] You don't have permission to use DEVTOOL!【type = 6】 @ https://yurigarden.com/assets/index-LUNgUZnA.js:16
[  503934ms] [WARNING] You don't have permission to use DEVTOOL!【type = 6】 @ https://yurigarden.com/assets/index-LUNgUZnA.js:16
[  504438ms] [WARNING] You don't have permission to use DEVTOOL!【type = 6】 @ https://yurigarden.com/assets/index-LUNgUZnA.js:16
[  504945ms] [WARNING] You don't have permission to use DEVTOOL!【type = 6】 @ https://yurigarden.com/assets/index-LUNgUZnA.js:16
[  505440ms] [WARNING] You don't have permission to use DEVTOOL!【type = 6】 @ https://yurigarden.com/assets/index-LUNgUZnA.js:16
[  505941ms] [WARNING] You don't have permission to use DEVTOOL!【type = 6】 @ https://yurigarden.com/assets/index-LUNgUZnA.js:16
[  506443ms] [WARNING] You don't have permission to use DEVTOOL!【type = 6】 @ https://yurigarden.com/assets/index-LUNgUZnA.js:16
[  506942ms] [WARNING] You don't have permission to use DEVTOOL!【type = 6】 @ https://yurigarden.com/assets/index-LUNgUZnA.js:16
[  507438ms] [WARNING] You don't have permission to use DEVTOOL!【type = 6】 @ https://yurigarden.com/assets/index-LUNgUZnA.js:16
[  507938ms] [WARNING] You don't have permission to use DEVTOOL!【type = 6】 @ https://yurigarden.com/assets/index-LUNgUZnA.js:16
[  508442ms] [WARNING] You don't have permission to use DEVTOOL!【type = 6】 @ https://yurigarden.com/assets/index-LUNgUZnA.js:16
[  508951ms] [WARNING] You don't have permission to use DEVTOOL!【type = 6】 @ https://yurigarden.com/assets/index-LUNgUZnA.js:16
[  509440ms] [WARNING] You don't have permission to use DEVTOOL!【type = 6】 @ https://yurigarden.com/assets/index-LUNgUZnA.js:16
[  509931ms] [WARNING] You don't have permission to use DEVTOOL!【type = 6】 @ https://yurigarden.com/assets/index-LUNgUZnA.js:16
[  510439ms] [WARNING] You don't have permission to use DEVTOOL!【type = 6】 @ https://yurigarden.com/assets/index-LUNgUZnA.js:16
[  510942ms] [WARNING] You don't have permission to use DEVTOOL!【type = 6】 @ https://yurigarden.com/assets/index-LUNgUZnA.js:16
[  511441ms] [WARNING] You don't have permission to use DEVTOOL!【type = 6】 @ https://yurigarden.com/assets/index-LUNgUZnA.js:16
[  511946ms] [WARNING] You don't have permission to use DEVTOOL!【type = 6】 @ https://yurigarden.com/assets/index-LUNgUZnA.js:16
[  512432ms] [WARNING] You don't have permission to use DEVTOOL!【type = 6】 @ https://yurigarden.com/assets/index-LUNgUZnA.js:16
[  512942ms] [WARNING] You don't have permission to use DEVTOOL!【type = 6】 @ https://yurigarden.com/assets/index-LUNgUZnA.js:16
[  513443ms] [WARNING] You don't have permission to use DEVTOOL!【type = 6】 @ https://yurigarden.com/assets/index-LUNgUZnA.js:16
[  513949ms] [WARNING] You don't have permission to use DEVTOOL!【type = 6】 @ https://yurigarden.com/assets/index-LUNgUZnA.js:16
[  514443ms] [WARNING] You don't have permission to use DEVTOOL!【type = 6】 @ https://yurigarden.com/assets/index-LUNgUZnA.js:16
[  514949ms] [WARNING] You don't have permission to use DEVTOOL!【type = 6】 @ https://yurigarden.com/assets/index-LUNgUZnA.js:16
[  515444ms] [WARNING] You don't have permission to use DEVTOOL!【type = 6】 @ https://yurigarden.com/assets/index-LUNgUZnA.js:16
[  515946ms] [WARNING] You don't have permission to use DEVTOOL!【type = 6】 @ https://yurigarden.com/assets/index-LUNgUZnA.js:16
[  516447ms] [WARNING] You don't have permission to use DEVTOOL!【type = 6】 @ https://yurigarden.com/assets/index-LUNgUZnA.js:16
[  516942ms] [WARNING] You don't have permission to use DEVTOOL!【type = 6】 @ https://yurigarden.com/assets/index-LUNgUZnA.js:16
[  517454ms] [WARNING] You don't have permission to use DEVTOOL!【type = 6】 @ https://yurigarden.com/assets/index-LUNgUZnA.js:16
[  517943ms] [WARNING] You don't have permission to use DEVTOOL!【type = 6】 @ https://yurigarden.com/assets/index-LUNgUZnA.js:16
[  518441ms] [WARNING] You don't have permission to use DEVTOOL!【type = 6】 @ https://yurigarden.com/assets/index-LUNgUZnA.js:16
[  518949ms] [WARNING] You don't have permission to use DEVTOOL!【type = 6】 @ https://yurigarden.com/assets/index-LUNgUZnA.js:16
[  519450ms] [WARNING] You don't have permission to use DEVTOOL!【type = 6】 @ https://yurigarden.com/assets/index-LUNgUZnA.js:16
[  519954ms] [WARNING] You don't have permission to use DEVTOOL!【type = 6】 @ https://yurigarden.com/assets/index-LUNgUZnA.js:16
[  520445ms] [WARNING] You don't have permission to use DEVTOOL!【type = 6】 @ https://yurigarden.com/assets/index-LUNgUZnA.js:16
[  520948ms] [WARNING] You don't have permission to use DEVTOOL!【type = 6】 @ https://yurigarden.com/assets/index-LUNgUZnA.js:16
[  521442ms] [WARNING] You don't have permission to use DEVTOOL!【type = 6】 @ https://yurigarden.com/assets/index-LUNgUZnA.js:16
[  521940ms] [WARNING] You don't have permission to use DEVTOOL!【type = 6】 @ https://yurigarden.com/assets/index-LUNgUZnA.js:16
[  522442ms] [WARNING] You don't have permission to use DEVTOOL!【type = 6】 @ https://yurigarden.com/assets/index-LUNgUZnA.js:16
[  522943ms] [WARNING] You don't have permission to use DEVTOOL!【type = 6】 @ https://yurigarden.com/assets/index-LUNgUZnA.js:16
[  523444ms] [WARNING] You don't have permission to use DEVTOOL!【type = 6】 @ https://yurigarden.com/assets/index-LUNgUZnA.js:16
[  523945ms] [WARNING] You don't have permission to use DEVTOOL!【type = 6】 @ https://yurigarden.com/assets/index-LUNgUZnA.js:16
[  524447ms] [WARNING] You don't have permission to use DEVTOOL!【type = 6】 @ https://yurigarden.com/assets/index-LUNgUZnA.js:16
[  524944ms] [WARNING] You don't have permission to use DEVTOOL!【type = 6】 @ https://yurigarden.com/assets/index-LUNgUZnA.js:16
[  525445ms] [WARNING] You don't have permission to use DEVTOOL!【type = 6】 @ https://yurigarden.com/assets/index-LUNgUZnA.js:16
[  525943ms] [WARNING] You don't have permission to use DEVTOOL!【type = 6】 @ https://yurigarden.com/assets/index-LUNgUZnA.js:16
[  526436ms] [WARNING] You don't have permission to use DEVTOOL!【type = 6】 @ https://yurigarden.com/assets/index-LUNgUZnA.js:16
[  526942ms] [WARNING] You don't have permission to use DEVTOOL!【type = 6】 @ https://yurigarden.com/assets/index-LUNgUZnA.js:16
[  527445ms] [WARNING] You don't have permission to use DEVTOOL!【type = 6】 @ https://yurigarden.com/assets/index-LUNgUZnA.js:16
[  527939ms] [WARNING] You don't have permission to use DEVTOOL!【type = 6】 @ https://yurigarden.com/assets/index-LUNgUZnA.js:16
[  528433ms] [WARNING] You don't have permission to use DEVTOOL!【type = 6】 @ https://yurigarden.com/assets/index-LUNgUZnA.js:16
[  528935ms] [WARNING] You don't have permission to use DEVTOOL!【type = 6】 @ https://yurigarden.com/assets/index-LUNgUZnA.js:16
[  529444ms] [WARNING] You don't have permission to use DEVTOOL!【type = 6】 @ https://yurigarden.com/assets/index-LUNgUZnA.js:16
[  529940ms] [WARNING] You don't have permission to use DEVTOOL!【type = 6】 @ https://yurigarden.com/assets/index-LUNgUZnA.js:16
[  530444ms] [WARNING] You don't have permission to use DEVTOOL!【type = 6】 @ https://yurigarden.com/assets/index-LUNgUZnA.js:16
[  530942ms] [WARNING] You don't have permission to use DEVTOOL!【type = 6】 @ https://yurigarden.com/assets/index-LUNgUZnA.js:16
[  531448ms] [WARNING] You don't have permission to use DEVTOOL!【type = 6】 @ https://yurigarden.com/assets/index-LUNgUZnA.js:16
[  531940ms] [WARNING] You don't have permission to use DEVTOOL!【type = 6】 @ https://yurigarden.com/assets/index-LUNgUZnA.js:16
[  532441ms] [WARNING] You don't have permission to use DEVTOOL!【type = 6】 @ https://yurigarden.com/assets/index-LUNgUZnA.js:16
[  532945ms] [WARNING] You don't have permission to use DEVTOOL!【type = 6】 @ https://yurigarden.com/assets/index-LUNgUZnA.js:16
[  533436ms] [WARNING] You don't have permission to use DEVTOOL!【type = 6】 @ https://yurigarden.com/assets/index-LUNgUZnA.js:16
[  533935ms] [WARNING] You don't have permission to use DEVTOOL!【type = 6】 @ https://yurigarden.com/assets/index-LUNgUZnA.js:16
[  534432ms] [WARNING] You don't have permission to use DEVTOOL!【type = 6】 @ https://yurigarden.com/assets/index-LUNgUZnA.js:16
[  534942ms] [WARNING] You don't have permission to use DEVTOOL!【type = 6】 @ https://yurigarden.com/assets/index-LUNgUZnA.js:16
[  535441ms] [WARNING] You don't have permission to use DEVTOOL!【type = 6】 @ https://yurigarden.com/assets/index-LUNgUZnA.js:16
[  535938ms] [WARNING] You don't have permission to use DEVTOOL!【type = 6】 @ https://yurigarden.com/assets/index-LUNgUZnA.js:16
[  536446ms] [WARNING] You don't have permission to use DEVTOOL!【type = 6】 @ https://yurigarden.com/assets/index-LUNgUZnA.js:16
[  536942ms] [WARNING] You don't have permission to use DEVTOOL!【type = 6】 @ https://yurigarden.com/assets/index-LUNgUZnA.js:16
[  537442ms] [WARNING] You don't have permission to use DEVTOOL!【type = 6】 @ https://yurigarden.com/assets/index-LUNgUZnA.js:16
[  537938ms] [WARNING] You don't have permission to use DEVTOOL!【type = 6】 @ https://yurigarden.com/assets/index-LUNgUZnA.js:16
[  538442ms] [WARNING] You don't have permission to use DEVTOOL!【type = 6】 @ https://yurigarden.com/assets/index-LUNgUZnA.js:16
[  538946ms] [WARNING] You don't have permission to use DEVTOOL!【type = 6】 @ https://yurigarden.com/assets/index-LUNgUZnA.js:16
[  539440ms] [WARNING] You don't have permission to use DEVTOOL!【type = 6】 @ https://yurigarden.com/assets/index-LUNgUZnA.js:16
[  539938ms] [WARNING] You don't have permission to use DEVTOOL!【type = 6】 @ https://yurigarden.com/assets/index-LUNgUZnA.js:16
[  540437ms] [WARNING] You don't have permission to use DEVTOOL!【type = 6】 @ https://yurigarden.com/assets/index-LUNgUZnA.js:16
[  540939ms] [WARNING] You don't have permission to use DEVTOOL!【type = 6】 @ https://yurigarden.com/assets/index-LUNgUZnA.js:16
[  541437ms] [WARNING] You don't have permission to use DEVTOOL!【type = 6】 @ https://yurigarden.com/assets/index-LUNgUZnA.js:16
[  541939ms] [WARNING] You don't have permission to use DEVTOOL!【type = 6】 @ https://yurigarden.com/assets/index-LUNgUZnA.js:16
[  542429ms] [WARNING] You don't have permission to use DEVTOOL!【type = 6】 @ https://yurigarden.com/assets/index-LUNgUZnA.js:16
[  542943ms] [WARNING] You don't have permission to use DEVTOOL!【type = 6】 @ https://yurigarden.com/assets/index-LUNgUZnA.js:16
[  543443ms] [WARNING] You don't have permission to use DEVTOOL!【type = 6】 @ https://yurigarden.com/assets/index-LUNgUZnA.js:16
[  543932ms] [WARNING] You don't have permission to use DEVTOOL!【type = 6】 @ https://yurigarden.com/assets/index-LUNgUZnA.js:16
[  544444ms] [WARNING] You don't have permission to use DEVTOOL!【type = 6】 @ https://yurigarden.com/assets/index-LUNgUZnA.js:16
[  544937ms] [WARNING] You don't have permission to use DEVTOOL!【type = 6】 @ https://yurigarden.com/assets/index-LUNgUZnA.js:16
[  545439ms] [WARNING] You don't have permission to use DEVTOOL!【type = 6】 @ https://yurigarden.com/assets/index-LUNgUZnA.js:16
[  545940ms] [WARNING] You don't have permission to use DEVTOOL!【type = 6】 @ https://yurigarden.com/assets/index-LUNgUZnA.js:16
[  546433ms] [WARNING] You don't have permission to use DEVTOOL!【type = 6】 @ https://yurigarden.com/assets/index-LUNgUZnA.js:16
[  546934ms] [WARNING] You don't have permission to use DEVTOOL!【type = 6】 @ https://yurigarden.com/assets/index-LUNgUZnA.js:16
[  547433ms] [WARNING] You don't have permission to use DEVTOOL!【type = 6】 @ https://yurigarden.com/assets/index-LUNgUZnA.js:16
[  547936ms] [WARNING] You don't have permission to use DEVTOOL!【type = 6】 @ https://yurigarden.com/assets/index-LUNgUZnA.js:16
[  548445ms] [WARNING] You don't have permission to use DEVTOOL!【type = 6】 @ https://yurigarden.com/assets/index-LUNgUZnA.js:16
[  548929ms] [WARNING] You don't have permission to use DEVTOOL!【type = 6】 @ https://yurigarden.com/assets/index-LUNgUZnA.js:16
[  549430ms] [WARNING] You don't have permission to use DEVTOOL!【type = 6】 @ https://yurigarden.com/assets/index-LUNgUZnA.js:16
[  549939ms] [WARNING] You don't have permission to use DEVTOOL!【type = 6】 @ https://yurigarden.com/assets/index-LUNgUZnA.js:16
[  550445ms] [WARNING] You don't have permission to use DEVTOOL!【type = 6】 @ https://yurigarden.com/assets/index-LUNgUZnA.js:16
[  550946ms] [WARNING] You don't have permission to use DEVTOOL!【type = 6】 @ https://yurigarden.com/assets/index-LUNgUZnA.js:16
[  551440ms] [WARNING] You don't have permission to use DEVTOOL!【type = 6】 @ https://yurigarden.com/assets/index-LUNgUZnA.js:16
[  551944ms] [WARNING] You don't have permission to use DEVTOOL!【type = 6】 @ https://yurigarden.com/assets/index-LUNgUZnA.js:16
[  552440ms] [WARNING] You don't have permission to use DEVTOOL!【type = 6】 @ https://yurigarden.com/assets/index-LUNgUZnA.js:16
[  552941ms] [WARNING] You don't have permission to use DEVTOOL!【type = 6】 @ https://yurigarden.com/assets/index-LUNgUZnA.js:16
[  553438ms] [WARNING] You don't have permission to use DEVTOOL!【type = 6】 @ https://yurigarden.com/assets/index-LUNgUZnA.js:16
[  553943ms] [WARNING] You don't have permission to use DEVTOOL!【type = 6】 @ https://yurigarden.com/assets/index-LUNgUZnA.js:16
[  554437ms] [WARNING] You don't have permission to use DEVTOOL!【type = 6】 @ https://yurigarden.com/assets/index-LUNgUZnA.js:16
[  554943ms] [WARNING] You don't have permission to use DEVTOOL!【type = 6】 @ https://yurigarden.com/assets/index-LUNgUZnA.js:16
[  555440ms] [WARNING] You don't have permission to use DEVTOOL!【type = 6】 @ https://yurigarden.com/assets/index-LUNgUZnA.js:16
[  555937ms] [WARNING] You don't have permission to use DEVTOOL!【type = 6】 @ https://yurigarden.com/assets/index-LUNgUZnA.js:16
[  556435ms] [WARNING] You don't have permission to use DEVTOOL!【type = 6】 @ https://yurigarden.com/assets/index-LUNgUZnA.js:16
[  556944ms] [WARNING] You don't have permission to use DEVTOOL!【type = 6】 @ https://yurigarden.com/assets/index-LUNgUZnA.js:16
[  557442ms] [WARNING] You don't have permission to use DEVTOOL!【type = 6】 @ https://yurigarden.com/assets/index-LUNgUZnA.js:16
[  557941ms] [WARNING] You don't have permission to use DEVTOOL!【type = 6】 @ https://yurigarden.com/assets/index-LUNgUZnA.js:16
[  558436ms] [WARNING] You don't have permission to use DEVTOOL!【type = 6】 @ https://yurigarden.com/assets/index-LUNgUZnA.js:16
[  558937ms] [WARNING] You don't have permission to use DEVTOOL!【type = 6】 @ https://yurigarden.com/assets/index-LUNgUZnA.js:16
[  559442ms] [WARNING] You don't have permission to use DEVTOOL!【type = 6】 @ https://yurigarden.com/assets/index-LUNgUZnA.js:16
[  559940ms] [WARNING] You don't have permission to use DEVTOOL!【type = 6】 @ https://yurigarden.com/assets/index-LUNgUZnA.js:16
[  560440ms] [WARNING] You don't have permission to use DEVTOOL!【type = 6】 @ https://yurigarden.com/assets/index-LUNgUZnA.js:16
[  560937ms] [WARNING] You don't have permission to use DEVTOOL!【type = 6】 @ https://yurigarden.com/assets/index-LUNgUZnA.js:16
[  561435ms] [WARNING] You don't have permission to use DEVTOOL!【type = 6】 @ https://yurigarden.com/assets/index-LUNgUZnA.js:16
[  561940ms] [WARNING] You don't have permission to use DEVTOOL!【type = 6】 @ https://yurigarden.com/assets/index-LUNgUZnA.js:16
[  562441ms] [WARNING] You don't have permission to use DEVTOOL!【type = 6】 @ https://yurigarden.com/assets/index-LUNgUZnA.js:16
[  562942ms] [WARNING] You don't have permission to use DEVTOOL!【type = 6】 @ https://yurigarden.com/assets/index-LUNgUZnA.js:16
[  563434ms] [WARNING] You don't have permission to use DEVTOOL!【type = 6】 @ https://yurigarden.com/assets/index-LUNgUZnA.js:16
[  563940ms] [WARNING] You don't have permission to use DEVTOOL!【type = 6】 @ https://yurigarden.com/assets/index-LUNgUZnA.js:16
[  564438ms] [WARNING] You don't have permission to use DEVTOOL!【type = 6】 @ https://yurigarden.com/assets/index-LUNgUZnA.js:16
[  564937ms] [WARNING] You don't have permission to use DEVTOOL!【type = 6】 @ https://yurigarden.com/assets/index-LUNgUZnA.js:16
[  565434ms] [WARNING] You don't have permission to use DEVTOOL!【type = 6】 @ https://yurigarden.com/assets/index-LUNgUZnA.js:16
[  565940ms] [WARNING] You don't have permission to use DEVTOOL!【type = 6】 @ https://yurigarden.com/assets/index-LUNgUZnA.js:16
[  566446ms] [WARNING] You don't have permission to use DEVTOOL!【type = 6】 @ https://yurigarden.com/assets/index-LUNgUZnA.js:16
[  566934ms] [WARNING] You don't have permission to use DEVTOOL!【type = 6】 @ https://yurigarden.com/assets/index-LUNgUZnA.js:16
[  567442ms] [WARNING] You don't have permission to use DEVTOOL!【type = 6】 @ https://yurigarden.com/assets/index-LUNgUZnA.js:16
[  567934ms] [WARNING] You don't have permission to use DEVTOOL!【type = 6】 @ https://yurigarden.com/assets/index-LUNgUZnA.js:16
[  568437ms] [WARNING] You don't have permission to use DEVTOOL!【type = 6】 @ https://yurigarden.com/assets/index-LUNgUZnA.js:16
[  568936ms] [WARNING] You don't have permission to use DEVTOOL!【type = 6】 @ https://yurigarden.com/assets/index-LUNgUZnA.js:16
[  569436ms] [WARNING] You don't have permission to use DEVTOOL!【type = 6】 @ https://yurigarden.com/assets/index-LUNgUZnA.js:16
[  569934ms] [WARNING] You don't have permission to use DEVTOOL!【type = 6】 @ https://yurigarden.com/assets/index-LUNgUZnA.js:16
[  570441ms] [WARNING] You don't have permission to use DEVTOOL!【type = 6】 @ https://yurigarden.com/assets/index-LUNgUZnA.js:16
[  570941ms] [WARNING] You don't have permission to use DEVTOOL!【type = 6】 @ https://yurigarden.com/assets/index-LUNgUZnA.js:16
[  571445ms] [WARNING] You don't have permission to use DEVTOOL!【type = 6】 @ https://yurigarden.com/assets/index-LUNgUZnA.js:16
[  571934ms] [WARNING] You don't have permission to use DEVTOOL!【type = 6】 @ https://yurigarden.com/assets/index-LUNgUZnA.js:16
[  572442ms] [WARNING] You don't have permission to use DEVTOOL!【type = 6】 @ https://yurigarden.com/assets/index-LUNgUZnA.js:16
[  572944ms] [WARNING] You don't have permission to use DEVTOOL!【type = 6】 @ https://yurigarden.com/assets/index-LUNgUZnA.js:16
[  573446ms] [WARNING] You don't have permission to use DEVTOOL!【type = 6】 @ https://yurigarden.com/assets/index-LUNgUZnA.js:16
[  573935ms] [WARNING] You don't have permission to use DEVTOOL!【type = 6】 @ https://yurigarden.com/assets/index-LUNgUZnA.js:16
[  574445ms] [WARNING] You don't have permission to use DEVTOOL!【type = 6】 @ https://yurigarden.com/assets/index-LUNgUZnA.js:16
[  574940ms] [WARNING] You don't have permission to use DEVTOOL!【type = 6】 @ https://yurigarden.com/assets/index-LUNgUZnA.js:16
[  575444ms] [WARNING] You don't have permission to use DEVTOOL!【type = 6】 @ https://yurigarden.com/assets/index-LUNgUZnA.js:16
[  575947ms] [WARNING] You don't have permission to use DEVTOOL!【type = 6】 @ https://yurigarden.com/assets/index-LUNgUZnA.js:16
[  576444ms] [WARNING] You don't have permission to use DEVTOOL!【type = 6】 @ https://yurigarden.com/assets/index-LUNgUZnA.js:16
[  576942ms] [WARNING] You don't have permission to use DEVTOOL!【type = 6】 @ https://yurigarden.com/assets/index-LUNgUZnA.js:16
[  577435ms] [WARNING] You don't have permission to use DEVTOOL!【type = 6】 @ https://yurigarden.com/assets/index-LUNgUZnA.js:16
[  577931ms] [WARNING] You don't have permission to use DEVTOOL!【type = 6】 @ https://yurigarden.com/assets/index-LUNgUZnA.js:16
[  578446ms] [WARNING] You don't have permission to use DEVTOOL!【type = 6】 @ https://yurigarden.com/assets/index-LUNgUZnA.js:16
[  578941ms] [WARNING] You don't have permission to use DEVTOOL!【type = 6】 @ https://yurigarden.com/assets/index-LUNgUZnA.js:16
[  579438ms] [WARNING] You don't have permission to use DEVTOOL!【type = 6】 @ https://yurigarden.com/assets/index-LUNgUZnA.js:16
[  579937ms] [WARNING] You don't have permission to use DEVTOOL!【type = 6】 @ https://yurigarden.com/assets/index-LUNgUZnA.js:16
[  580441ms] [WARNING] You don't have permission to use DEVTOOL!【type = 6】 @ https://yurigarden.com/assets/index-LUNgUZnA.js:16
[  580940ms] [WARNING] You don't have permission to use DEVTOOL!【type = 6】 @ https://yurigarden.com/assets/index-LUNgUZnA.js:16
[  581443ms] [WARNING] You don't have permission to use DEVTOOL!【type = 6】 @ https://yurigarden.com/assets/index-LUNgUZnA.js:16
[  581938ms] [WARNING] You don't have permission to use DEVTOOL!【type = 6】 @ https://yurigarden.com/assets/index-LUNgUZnA.js:16
[  582441ms] [WARNING] You don't have permission to use DEVTOOL!【type = 6】 @ https://yurigarden.com/assets/index-LUNgUZnA.js:16
[  582942ms] [WARNING] You don't have permission to use DEVTOOL!【type = 6】 @ https://yurigarden.com/assets/index-LUNgUZnA.js:16
[  583438ms] [WARNING] You don't have permission to use DEVTOOL!【type = 6】 @ https://yurigarden.com/assets/index-LUNgUZnA.js:16
[  583942ms] [WARNING] You don't have permission to use DEVTOOL!【type = 6】 @ https://yurigarden.com/assets/index-LUNgUZnA.js:16
[  584442ms] [WARNING] You don't have permission to use DEVTOOL!【type = 6】 @ https://yurigarden.com/assets/index-LUNgUZnA.js:16
[  584941ms] [WARNING] You don't have permission to use DEVTOOL!【type = 6】 @ https://yurigarden.com/assets/index-LUNgUZnA.js:16
[  585443ms] [WARNING] You don't have permission to use DEVTOOL!【type = 6】 @ https://yurigarden.com/assets/index-LUNgUZnA.js:16
[  585948ms] [WARNING] You don't have permission to use DEVTOOL!【type = 6】 @ https://yurigarden.com/assets/index-LUNgUZnA.js:16
[  586442ms] [WARNING] You don't have permission to use DEVTOOL!【type = 6】 @ https://yurigarden.com/assets/index-LUNgUZnA.js:16
[  586946ms] [WARNING] You don't have permission to use DEVTOOL!【type = 6】 @ https://yurigarden.com/assets/index-LUNgUZnA.js:16
[  587442ms] [WARNING] You don't have permission to use DEVTOOL!【type = 6】 @ https://yurigarden.com/assets/index-LUNgUZnA.js:16
[  587947ms] [WARNING] You don't have permission to use DEVTOOL!【type = 6】 @ https://yurigarden.com/assets/index-LUNgUZnA.js:16
[  588442ms] [WARNING] You don't have permission to use DEVTOOL!【type = 6】 @ https://yurigarden.com/assets/index-LUNgUZnA.js:16
[  588941ms] [WARNING] You don't have permission to use DEVTOOL!【type = 6】 @ https://yurigarden.com/assets/index-LUNgUZnA.js:16
[  589439ms] [WARNING] You don't have permission to use DEVTOOL!【type = 6】 @ https://yurigarden.com/assets/index-LUNgUZnA.js:16
[  589938ms] [WARNING] You don't have permission to use DEVTOOL!【type = 6】 @ https://yurigarden.com/assets/index-LUNgUZnA.js:16
[  590437ms] [WARNING] You don't have permission to use DEVTOOL!【type = 6】 @ https://yurigarden.com/assets/index-LUNgUZnA.js:16
[  590931ms] [WARNING] You don't have permission to use DEVTOOL!【type = 6】 @ https://yurigarden.com/assets/index-LUNgUZnA.js:16
[  591441ms] [WARNING] You don't have permission to use DEVTOOL!【type = 6】 @ https://yurigarden.com/assets/index-LUNgUZnA.js:16
[  591938ms] [WARNING] You don't have permission to use DEVTOOL!【type = 6】 @ https://yurigarden.com/assets/index-LUNgUZnA.js:16
[  592439ms] [WARNING] You don't have permission to use DEVTOOL!【type = 6】 @ https://yurigarden.com/assets/index-LUNgUZnA.js:16
[  592944ms] [WARNING] You don't have permission to use DEVTOOL!【type = 6】 @ https://yurigarden.com/assets/index-LUNgUZnA.js:16
[  593446ms] [WARNING] You don't have permission to use DEVTOOL!【type = 6】 @ https://yurigarden.com/assets/index-LUNgUZnA.js:16
[  593938ms] [WARNING] You don't have permission to use DEVTOOL!【type = 6】 @ https://yurigarden.com/assets/index-LUNgUZnA.js:16
[  594440ms] [WARNING] You don't have permission to use DEVTOOL!【type = 6】 @ https://yurigarden.com/assets/index-LUNgUZnA.js:16
[  594943ms] [WARNING] You don't have permission to use DEVTOOL!【type = 6】 @ https://yurigarden.com/assets/index-LUNgUZnA.js:16
[  595439ms] [WARNING] You don't have permission to use DEVTOOL!【type = 6】 @ https://yurigarden.com/assets/index-LUNgUZnA.js:16
[  595941ms] [WARNING] You don't have permission to use DEVTOOL!【type = 6】 @ https://yurigarden.com/assets/index-LUNgUZnA.js:16
[  596449ms] [WARNING] You don't have permission to use DEVTOOL!【type = 6】 @ https://yurigarden.com/assets/index-LUNgUZnA.js:16
[  596933ms] [WARNING] You don't have permission to use DEVTOOL!【type = 6】 @ https://yurigarden.com/assets/index-LUNgUZnA.js:16
[  597437ms] [WARNING] You don't have permission to use DEVTOOL!【type = 6】 @ https://yurigarden.com/assets/index-LUNgUZnA.js:16
[  597930ms] [WARNING] You don't have permission to use DEVTOOL!【type = 6】 @ https://yurigarden.com/assets/index-LUNgUZnA.js:16
[  598442ms] [WARNING] You don't have permission to use DEVTOOL!【type = 6】 @ https://yurigarden.com/assets/index-LUNgUZnA.js:16
[  598940ms] [WARNING] You don't have permission to use DEVTOOL!【type = 6】 @ https://yurigarden.com/assets/index-LUNgUZnA.js:16
[  599439ms] [WARNING] You don't have permission to use DEVTOOL!【type = 6】 @ https://yurigarden.com/assets/index-LUNgUZnA.js:16
[  599937ms] [WARNING] You don't have permission to use DEVTOOL!【type = 6】 @ https://yurigarden.com/assets/index-LUNgUZnA.js:16
[  600438ms] [WARNING] You don't have permission to use DEVTOOL!【type = 6】 @ https://yurigarden.com/assets/index-LUNgUZnA.js:16
[  600936ms] [WARNING] You don't have permission to use DEVTOOL!【type = 6】 @ https://yurigarden.com/assets/index-LUNgUZnA.js:16
[  601441ms] [WARNING] You don't have permission to use DEVTOOL!【type = 6】 @ https://yurigarden.com/assets/index-LUNgUZnA.js:16
[  601937ms] [WARNING] You don't have permission to use DEVTOOL!【type = 6】 @ https://yurigarden.com/assets/index-LUNgUZnA.js:16
[  602444ms] [WARNING] You don't have permission to use DEVTOOL!【type = 6】 @ https://yurigarden.com/assets/index-LUNgUZnA.js:16
[  602941ms] [WARNING] You don't have permission to use DEVTOOL!【type = 6】 @ https://yurigarden.com/assets/index-LUNgUZnA.js:16
[  603439ms] [WARNING] You don't have permission to use DEVTOOL!【type = 6】 @ https://yurigarden.com/assets/index-LUNgUZnA.js:16
[  603937ms] [WARNING] You don't have permission to use DEVTOOL!【type = 6】 @ https://yurigarden.com/assets/index-LUNgUZnA.js:16
[  604439ms] [WARNING] You don't have permission to use DEVTOOL!【type = 6】 @ https://yurigarden.com/assets/index-LUNgUZnA.js:16
[  604941ms] [WARNING] You don't have permission to use DEVTOOL!【type = 6】 @ https://yurigarden.com/assets/index-LUNgUZnA.js:16
[  605434ms] [WARNING] You don't have permission to use DEVTOOL!【type = 6】 @ https://yurigarden.com/assets/index-LUNgUZnA.js:16
[  605941ms] [WARNING] You don't have permission to use DEVTOOL!【type = 6】 @ https://yurigarden.com/assets/index-LUNgUZnA.js:16
[  606442ms] [WARNING] You don't have permission to use DEVTOOL!【type = 6】 @ https://yurigarden.com/assets/index-LUNgUZnA.js:16
[  606941ms] [WARNING] You don't have permission to use DEVTOOL!【type = 6】 @ https://yurigarden.com/assets/index-LUNgUZnA.js:16
[  607439ms] [WARNING] You don't have permission to use DEVTOOL!【type = 6】 @ https://yurigarden.com/assets/index-LUNgUZnA.js:16
[  607944ms] [WARNING] You don't have permission to use DEVTOOL!【type = 6】 @ https://yurigarden.com/assets/index-LUNgUZnA.js:16
[  608442ms] [WARNING] You don't have permission to use DEVTOOL!【type = 6】 @ https://yurigarden.com/assets/index-LUNgUZnA.js:16
[  608942ms] [WARNING] You don't have permission to use DEVTOOL!【type = 6】 @ https://yurigarden.com/assets/index-LUNgUZnA.js:16
[  609450ms] [WARNING] You don't have permission to use DEVTOOL!【type = 6】 @ https://yurigarden.com/assets/index-LUNgUZnA.js:16
[  609944ms] [WARNING] You don't have permission to use DEVTOOL!【type = 6】 @ https://yurigarden.com/assets/index-LUNgUZnA.js:16
[  610442ms] [WARNING] You don't have permission to use DEVTOOL!【type = 6】 @ https://yurigarden.com/assets/index-LUNgUZnA.js:16
[  610942ms] [WARNING] You don't have permission to use DEVTOOL!【type = 6】 @ https://yurigarden.com/assets/index-LUNgUZnA.js:16
[  611432ms] [WARNING] You don't have permission to use DEVTOOL!【type = 6】 @ https://yurigarden.com/assets/index-LUNgUZnA.js:16
[  611940ms] [WARNING] You don't have permission to use DEVTOOL!【type = 6】 @ https://yurigarden.com/assets/index-LUNgUZnA.js:16
[  612447ms] [WARNING] You don't have permission to use DEVTOOL!【type = 6】 @ https://yurigarden.com/assets/index-LUNgUZnA.js:16
[  612940ms] [WARNING] You don't have permission to use DEVTOOL!【type = 6】 @ https://yurigarden.com/assets/index-LUNgUZnA.js:16
[  613444ms] [WARNING] You don't have permission to use DEVTOOL!【type = 6】 @ https://yurigarden.com/assets/index-LUNgUZnA.js:16
[  613947ms] [WARNING] You don't have permission to use DEVTOOL!【type = 6】 @ https://yurigarden.com/assets/index-LUNgUZnA.js:16
[  614446ms] [WARNING] You don't have permission to use DEVTOOL!【type = 6】 @ https://yurigarden.com/assets/index-LUNgUZnA.js:16
[  614944ms] [WARNING] You don't have permission to use DEVTOOL!【type = 6】 @ https://yurigarden.com/assets/index-LUNgUZnA.js:16
[  615442ms] [WARNING] You don't have permission to use DEVTOOL!【type = 6】 @ https://yurigarden.com/assets/index-LUNgUZnA.js:16
[  615944ms] [WARNING] You don't have permission to use DEVTOOL!【type = 6】 @ https://yurigarden.com/assets/index-LUNgUZnA.js:16
[  616438ms] [WARNING] You don't have permission to use DEVTOOL!【type = 6】 @ https://yurigarden.com/assets/index-LUNgUZnA.js:16
[  616935ms] [WARNING] You don't have permission to use DEVTOOL!【type = 6】 @ https://yurigarden.com/assets/index-LUNgUZnA.js:16
[  617431ms] [WARNING] You don't have permission to use DEVTOOL!【type = 6】 @ https://yurigarden.com/assets/index-LUNgUZnA.js:16
[  617941ms] [WARNING] You don't have permission to use DEVTOOL!【type = 6】 @ https://yurigarden.com/assets/index-LUNgUZnA.js:16
[  618436ms] [WARNING] You don't have permission to use DEVTOOL!【type = 6】 @ https://yurigarden.com/assets/index-LUNgUZnA.js:16
[  618943ms] [WARNING] You don't have permission to use DEVTOOL!【type = 6】 @ https://yurigarden.com/assets/index-LUNgUZnA.js:16
[  619430ms] [WARNING] You don't have permission to use DEVTOOL!【type = 6】 @ https://yurigarden.com/assets/index-LUNgUZnA.js:16
[  619936ms] [WARNING] You don't have permission to use DEVTOOL!【type = 6】 @ https://yurigarden.com/assets/index-LUNgUZnA.js:16
[  620440ms] [WARNING] You don't have permission to use DEVTOOL!【type = 6】 @ https://yurigarden.com/assets/index-LUNgUZnA.js:16
[  620939ms] [WARNING] You don't have permission to use DEVTOOL!【type = 6】 @ https://yurigarden.com/assets/index-LUNgUZnA.js:16
[  621442ms] [WARNING] You don't have permission to use DEVTOOL!【type = 6】 @ https://yurigarden.com/assets/index-LUNgUZnA.js:16
[  621936ms] [WARNING] You don't have permission to use DEVTOOL!【type = 6】 @ https://yurigarden.com/assets/index-LUNgUZnA.js:16
[  622442ms] [WARNING] You don't have permission to use DEVTOOL!【type = 6】 @ https://yurigarden.com/assets/index-LUNgUZnA.js:16
[  622945ms] [WARNING] You don't have permission to use DEVTOOL!【type = 6】 @ https://yurigarden.com/assets/index-LUNgUZnA.js:16
[  623441ms] [WARNING] You don't have permission to use DEVTOOL!【type = 6】 @ https://yurigarden.com/assets/index-LUNgUZnA.js:16
[  623936ms] [WARNING] You don't have permission to use DEVTOOL!【type = 6】 @ https://yurigarden.com/assets/index-LUNgUZnA.js:16
[  624437ms] [WARNING] You don't have permission to use DEVTOOL!【type = 6】 @ https://yurigarden.com/assets/index-LUNgUZnA.js:16
[  624939ms] [WARNING] You don't have permission to use DEVTOOL!【type = 6】 @ https://yurigarden.com/assets/index-LUNgUZnA.js:16
[  625438ms] [WARNING] You don't have permission to use DEVTOOL!【type = 6】 @ https://yurigarden.com/assets/index-LUNgUZnA.js:16
[  625938ms] [WARNING] You don't have permission to use DEVTOOL!【type = 6】 @ https://yurigarden.com/assets/index-LUNgUZnA.js:16
[  626438ms] [WARNING] You don't have permission to use DEVTOOL!【type = 6】 @ https://yurigarden.com/assets/index-LUNgUZnA.js:16
[  626945ms] [WARNING] You don't have permission to use DEVTOOL!【type = 6】 @ https://yurigarden.com/assets/index-LUNgUZnA.js:16
[  627441ms] [WARNING] You don't have permission to use DEVTOOL!【type = 6】 @ https://yurigarden.com/assets/index-LUNgUZnA.js:16
[  627942ms] [WARNING] You don't have permission to use DEVTOOL!【type = 6】 @ https://yurigarden.com/assets/index-LUNgUZnA.js:16
[  628439ms] [WARNING] You don't have permission to use DEVTOOL!【type = 6】 @ https://yurigarden.com/assets/index-LUNgUZnA.js:16
[  628944ms] [WARNING] You don't have permission to use DEVTOOL!【type = 6】 @ https://yurigarden.com/assets/index-LUNgUZnA.js:16
[  629430ms] [WARNING] You don't have permission to use DEVTOOL!【type = 6】 @ https://yurigarden.com/assets/index-LUNgUZnA.js:16
[  629937ms] [WARNING] You don't have permission to use DEVTOOL!【type = 6】 @ https://yurigarden.com/assets/index-LUNgUZnA.js:16
[  630440ms] [WARNING] You don't have permission to use DEVTOOL!【type = 6】 @ https://yurigarden.com/assets/index-LUNgUZnA.js:16
[  630931ms] [WARNING] You don't have permission to use DEVTOOL!【type = 6】 @ https://yurigarden.com/assets/index-LUNgUZnA.js:16
[  631439ms] [WARNING] You don't have permission to use DEVTOOL!【type = 6】 @ https://yurigarden.com/assets/index-LUNgUZnA.js:16
[  631940ms] [WARNING] You don't have permission to use DEVTOOL!【type = 6】 @ https://yurigarden.com/assets/index-LUNgUZnA.js:16
[  632431ms] [WARNING] You don't have permission to use DEVTOOL!【type = 6】 @ https://yurigarden.com/assets/index-LUNgUZnA.js:16
[  632936ms] [WARNING] You don't have permission to use DEVTOOL!【type = 6】 @ https://yurigarden.com/assets/index-LUNgUZnA.js:16
[  633432ms] [WARNING] You don't have permission to use DEVTOOL!【type = 6】 @ https://yurigarden.com/assets/index-LUNgUZnA.js:16
[  633943ms] [WARNING] You don't have permission to use DEVTOOL!【type = 6】 @ https://yurigarden.com/assets/index-LUNgUZnA.js:16
[  634440ms] [WARNING] You don't have permission to use DEVTOOL!【type = 6】 @ https://yurigarden.com/assets/index-LUNgUZnA.js:16
[  634944ms] [WARNING] You don't have permission to use DEVTOOL!【type = 6】 @ https://yurigarden.com/assets/index-LUNgUZnA.js:16
[  635437ms] [WARNING] You don't have permission to use DEVTOOL!【type = 6】 @ https://yurigarden.com/assets/index-LUNgUZnA.js:16
[  635940ms] [WARNING] You don't have permission to use DEVTOOL!【type = 6】 @ https://yurigarden.com/assets/index-LUNgUZnA.js:16
[  636441ms] [WARNING] You don't have permission to use DEVTOOL!【type = 6】 @ https://yurigarden.com/assets/index-LUNgUZnA.js:16
[  636936ms] [WARNING] You don't have permission to use DEVTOOL!【type = 6】 @ https://yurigarden.com/assets/index-LUNgUZnA.js:16
[  637441ms] [WARNING] You don't have permission to use DEVTOOL!【type = 6】 @ https://yurigarden.com/assets/index-LUNgUZnA.js:16
[  637938ms] [WARNING] You don't have permission to use DEVTOOL!【type = 6】 @ https://yurigarden.com/assets/index-LUNgUZnA.js:16
[  638433ms] [WARNING] You don't have permission to use DEVTOOL!【type = 6】 @ https://yurigarden.com/assets/index-LUNgUZnA.js:16
[  638940ms] [WARNING] You don't have permission to use DEVTOOL!【type = 6】 @ https://yurigarden.com/assets/index-LUNgUZnA.js:16
[  639438ms] [WARNING] You don't have permission to use DEVTOOL!【type = 6】 @ https://yurigarden.com/assets/index-LUNgUZnA.js:16
[  639942ms] [WARNING] You don't have permission to use DEVTOOL!【type = 6】 @ https://yurigarden.com/assets/index-LUNgUZnA.js:16
[  640441ms] [WARNING] You don't have permission to use DEVTOOL!【type = 6】 @ https://yurigarden.com/assets/index-LUNgUZnA.js:16
[  640937ms] [WARNING] You don't have permission to use DEVTOOL!【type = 6】 @ https://yurigarden.com/assets/index-LUNgUZnA.js:16
[  641442ms] [WARNING] You don't have permission to use DEVTOOL!【type = 6】 @ https://yurigarden.com/assets/index-LUNgUZnA.js:16
[  641937ms] [WARNING] You don't have permission to use DEVTOOL!【type = 6】 @ https://yurigarden.com/assets/index-LUNgUZnA.js:16
[  642441ms] [WARNING] You don't have permission to use DEVTOOL!【type = 6】 @ https://yurigarden.com/assets/index-LUNgUZnA.js:16
[  642937ms] [WARNING] You don't have permission to use DEVTOOL!【type = 6】 @ https://yurigarden.com/assets/index-LUNgUZnA.js:16
[  643444ms] [WARNING] You don't have permission to use DEVTOOL!【type = 6】 @ https://yurigarden.com/assets/index-LUNgUZnA.js:16
[  643937ms] [WARNING] You don't have permission to use DEVTOOL!【type = 6】 @ https://yurigarden.com/assets/index-LUNgUZnA.js:16
[  644439ms] [WARNING] You don't have permission to use DEVTOOL!【type = 6】 @ https://yurigarden.com/assets/index-LUNgUZnA.js:16
[  644937ms] [WARNING] You don't have permission to use DEVTOOL!【type = 6】 @ https://yurigarden.com/assets/index-LUNgUZnA.js:16
[  645444ms] [WARNING] You don't have permission to use DEVTOOL!【type = 6】 @ https://yurigarden.com/assets/index-LUNgUZnA.js:16
[  645940ms] [WARNING] You don't have permission to use DEVTOOL!【type = 6】 @ https://yurigarden.com/assets/index-LUNgUZnA.js:16
[  646432ms] [WARNING] You don't have permission to use DEVTOOL!【type = 6】 @ https://yurigarden.com/assets/index-LUNgUZnA.js:16
[  646947ms] [WARNING] You don't have permission to use DEVTOOL!【type = 6】 @ https://yurigarden.com/assets/index-LUNgUZnA.js:16
[  647439ms] [WARNING] You don't have permission to use DEVTOOL!【type = 6】 @ https://yurigarden.com/assets/index-LUNgUZnA.js:16
[  647939ms] [WARNING] You don't have permission to use DEVTOOL!【type = 6】 @ https://yurigarden.com/assets/index-LUNgUZnA.js:16
[  648447ms] [WARNING] You don't have permission to use DEVTOOL!【type = 6】 @ https://yurigarden.com/assets/index-LUNgUZnA.js:16
[  648939ms] [WARNING] You don't have permission to use DEVTOOL!【type = 6】 @ https://yurigarden.com/assets/index-LUNgUZnA.js:16
[  649446ms] [WARNING] You don't have permission to use DEVTOOL!【type = 6】 @ https://yurigarden.com/assets/index-LUNgUZnA.js:16
[  649944ms] [WARNING] You don't have permission to use DEVTOOL!【type = 6】 @ https://yurigarden.com/assets/index-LUNgUZnA.js:16
[  650446ms] [WARNING] You don't have permission to use DEVTOOL!【type = 6】 @ https://yurigarden.com/assets/index-LUNgUZnA.js:16
[  650945ms] [WARNING] You don't have permission to use DEVTOOL!【type = 6】 @ https://yurigarden.com/assets/index-LUNgUZnA.js:16
[  651441ms] [WARNING] You don't have permission to use DEVTOOL!【type = 6】 @ https://yurigarden.com/assets/index-LUNgUZnA.js:16
[  651931ms] [WARNING] You don't have permission to use DEVTOOL!【type = 6】 @ https://yurigarden.com/assets/index-LUNgUZnA.js:16
[  652438ms] [WARNING] You don't have permission to use DEVTOOL!【type = 6】 @ https://yurigarden.com/assets/index-LUNgUZnA.js:16
[  652942ms] [WARNING] You don't have permission to use DEVTOOL!【type = 6】 @ https://yurigarden.com/assets/index-LUNgUZnA.js:16
[  653446ms] [WARNING] You don't have permission to use DEVTOOL!【type = 6】 @ https://yurigarden.com/assets/index-LUNgUZnA.js:16
[  653940ms] [WARNING] You don't have permission to use DEVTOOL!【type = 6】 @ https://yurigarden.com/assets/index-LUNgUZnA.js:16
[  654444ms] [WARNING] You don't have permission to use DEVTOOL!【type = 6】 @ https://yurigarden.com/assets/index-LUNgUZnA.js:16
[  654943ms] [WARNING] You don't have permission to use DEVTOOL!【type = 6】 @ https://yurigarden.com/assets/index-LUNgUZnA.js:16
[  655442ms] [WARNING] You don't have permission to use DEVTOOL!【type = 6】 @ https://yurigarden.com/assets/index-LUNgUZnA.js:16
[  655949ms] [WARNING] You don't have permission to use DEVTOOL!【type = 6】 @ https://yurigarden.com/assets/index-LUNgUZnA.js:16
[  656440ms] [WARNING] You don't have permission to use DEVTOOL!【type = 6】 @ https://yurigarden.com/assets/index-LUNgUZnA.js:16
[  656942ms] [WARNING] You don't have permission to use DEVTOOL!【type = 6】 @ https://yurigarden.com/assets/index-LUNgUZnA.js:16
[  657439ms] [WARNING] You don't have permission to use DEVTOOL!【type = 6】 @ https://yurigarden.com/assets/index-LUNgUZnA.js:16
[  657934ms] [WARNING] You don't have permission to use DEVTOOL!【type = 6】 @ https://yurigarden.com/assets/index-LUNgUZnA.js:16
[  658436ms] [WARNING] You don't have permission to use DEVTOOL!【type = 6】 @ https://yurigarden.com/assets/index-LUNgUZnA.js:16
[  658939ms] [WARNING] You don't have permission to use DEVTOOL!【type = 6】 @ https://yurigarden.com/assets/index-LUNgUZnA.js:16
[  659439ms] [WARNING] You don't have permission to use DEVTOOL!【type = 6】 @ https://yurigarden.com/assets/index-LUNgUZnA.js:16
[  659935ms] [WARNING] You don't have permission to use DEVTOOL!【type = 6】 @ https://yurigarden.com/assets/index-LUNgUZnA.js:16
[  660436ms] [WARNING] You don't have permission to use DEVTOOL!【type = 6】 @ https://yurigarden.com/assets/index-LUNgUZnA.js:16
[  660942ms] [WARNING] You don't have permission to use DEVTOOL!【type = 6】 @ https://yurigarden.com/assets/index-LUNgUZnA.js:16
[  661435ms] [WARNING] You don't have permission to use DEVTOOL!【type = 6】 @ https://yurigarden.com/assets/index-LUNgUZnA.js:16
[  661939ms] [WARNING] You don't have permission to use DEVTOOL!【type = 6】 @ https://yurigarden.com/assets/index-LUNgUZnA.js:16
[  662436ms] [WARNING] You don't have permission to use DEVTOOL!【type = 6】 @ https://yurigarden.com/assets/index-LUNgUZnA.js:16
[  662944ms] [WARNING] You don't have permission to use DEVTOOL!【type = 6】 @ https://yurigarden.com/assets/index-LUNgUZnA.js:16
[  663444ms] [WARNING] You don't have permission to use DEVTOOL!【type = 6】 @ https://yurigarden.com/assets/index-LUNgUZnA.js:16
[  663941ms] [WARNING] You don't have permission to use DEVTOOL!【type = 6】 @ https://yurigarden.com/assets/index-LUNgUZnA.js:16
[  664438ms] [WARNING] You don't have permission to use DEVTOOL!【type = 6】 @ https://yurigarden.com/assets/index-LUNgUZnA.js:16
[  664942ms] [WARNING] You don't have permission to use DEVTOOL!【type = 6】 @ https://yurigarden.com/assets/index-LUNgUZnA.js:16
[  665437ms] [WARNING] You don't have permission to use DEVTOOL!【type = 6】 @ https://yurigarden.com/assets/index-LUNgUZnA.js:16
[  665934ms] [WARNING] You don't have permission to use DEVTOOL!【type = 6】 @ https://yurigarden.com/assets/index-LUNgUZnA.js:16
[  666435ms] [WARNING] You don't have permission to use DEVTOOL!【type = 6】 @ https://yurigarden.com/assets/index-LUNgUZnA.js:16
[  666932ms] [WARNING] You don't have permission to use DEVTOOL!【type = 6】 @ https://yurigarden.com/assets/index-LUNgUZnA.js:16
[  667433ms] [WARNING] You don't have permission to use DEVTOOL!【type = 6】 @ https://yurigarden.com/assets/index-LUNgUZnA.js:16
[  667930ms] [WARNING] You don't have permission to use DEVTOOL!【type = 6】 @ https://yurigarden.com/assets/index-LUNgUZnA.js:16
[  668440ms] [WARNING] You don't have permission to use DEVTOOL!【type = 6】 @ https://yurigarden.com/assets/index-LUNgUZnA.js:16
[  668940ms] [WARNING] You don't have permission to use DEVTOOL!【type = 6】 @ https://yurigarden.com/assets/index-LUNgUZnA.js:16
[  669430ms] [WARNING] You don't have permission to use DEVTOOL!【type = 6】 @ https://yurigarden.com/assets/index-LUNgUZnA.js:16
[  669934ms] [WARNING] You don't have permission to use DEVTOOL!【type = 6】 @ https://yurigarden.com/assets/index-LUNgUZnA.js:16
[  670440ms] [WARNING] You don't have permission to use DEVTOOL!【type = 6】 @ https://yurigarden.com/assets/index-LUNgUZnA.js:16
[  670934ms] [WARNING] You don't have permission to use DEVTOOL!【type = 6】 @ https://yurigarden.com/assets/index-LUNgUZnA.js:16
[  671440ms] [WARNING] You don't have permission to use DEVTOOL!【type = 6】 @ https://yurigarden.com/assets/index-LUNgUZnA.js:16
[  671939ms] [WARNING] You don't have permission to use DEVTOOL!【type = 6】 @ https://yurigarden.com/assets/index-LUNgUZnA.js:16
[  672448ms] [WARNING] You don't have permission to use DEVTOOL!【type = 6】 @ https://yurigarden.com/assets/index-LUNgUZnA.js:16
[  672936ms] [WARNING] You don't have permission to use DEVTOOL!【type = 6】 @ https://yurigarden.com/assets/index-LUNgUZnA.js:16
[  673440ms] [WARNING] You don't have permission to use DEVTOOL!【type = 6】 @ https://yurigarden.com/assets/index-LUNgUZnA.js:16
[  673937ms] [WARNING] You don't have permission to use DEVTOOL!【type = 6】 @ https://yurigarden.com/assets/index-LUNgUZnA.js:16
[  674439ms] [WARNING] You don't have permission to use DEVTOOL!【type = 6】 @ https://yurigarden.com/assets/index-LUNgUZnA.js:16
[  674943ms] [WARNING] You don't have permission to use DEVTOOL!【type = 6】 @ https://yurigarden.com/assets/index-LUNgUZnA.js:16
[  675444ms] [WARNING] You don't have permission to use DEVTOOL!【type = 6】 @ https://yurigarden.com/assets/index-LUNgUZnA.js:16
[  675933ms] [WARNING] You don't have permission to use DEVTOOL!【type = 6】 @ https://yurigarden.com/assets/index-LUNgUZnA.js:16
[  676440ms] [WARNING] You don't have permission to use DEVTOOL!【type = 6】 @ https://yurigarden.com/assets/index-LUNgUZnA.js:16
[  676940ms] [WARNING] You don't have permission to use DEVTOOL!【type = 6】 @ https://yurigarden.com/assets/index-LUNgUZnA.js:16
[  677439ms] [WARNING] You don't have permission to use DEVTOOL!【type = 6】 @ https://yurigarden.com/assets/index-LUNgUZnA.js:16
[  677945ms] [WARNING] You don't have permission to use DEVTOOL!【type = 6】 @ https://yurigarden.com/assets/index-LUNgUZnA.js:16
[  678440ms] [WARNING] You don't have permission to use DEVTOOL!【type = 6】 @ https://yurigarden.com/assets/index-LUNgUZnA.js:16
[  678942ms] [WARNING] You don't have permission to use DEVTOOL!【type = 6】 @ https://yurigarden.com/assets/index-LUNgUZnA.js:16
[  679441ms] [WARNING] You don't have permission to use DEVTOOL!【type = 6】 @ https://yurigarden.com/assets/index-LUNgUZnA.js:16
[  679935ms] [WARNING] You don't have permission to use DEVTOOL!【type = 6】 @ https://yurigarden.com/assets/index-LUNgUZnA.js:16
[  680429ms] [WARNING] You don't have permission to use DEVTOOL!【type = 6】 @ https://yurigarden.com/assets/index-LUNgUZnA.js:16
[  680938ms] [WARNING] You don't have permission to use DEVTOOL!【type = 6】 @ https://yurigarden.com/assets/index-LUNgUZnA.js:16
[  681438ms] [WARNING] You don't have permission to use DEVTOOL!【type = 6】 @ https://yurigarden.com/assets/index-LUNgUZnA.js:16
[  681941ms] [WARNING] You don't have permission to use DEVTOOL!【type = 6】 @ https://yurigarden.com/assets/index-LUNgUZnA.js:16
[  682442ms] [WARNING] You don't have permission to use DEVTOOL!【type = 6】 @ https://yurigarden.com/assets/index-LUNgUZnA.js:16
[  682943ms] [WARNING] You don't have permission to use DEVTOOL!【type = 6】 @ https://yurigarden.com/assets/index-LUNgUZnA.js:16
[  683444ms] [WARNING] You don't have permission to use DEVTOOL!【type = 6】 @ https://yurigarden.com/assets/index-LUNgUZnA.js:16
[  683939ms] [WARNING] You don't have permission to use DEVTOOL!【type = 6】 @ https://yurigarden.com/assets/index-LUNgUZnA.js:16
[  684438ms] [WARNING] You don't have permission to use DEVTOOL!【type = 6】 @ https://yurigarden.com/assets/index-LUNgUZnA.js:16
[  684941ms] [WARNING] You don't have permission to use DEVTOOL!【type = 6】 @ https://yurigarden.com/assets/index-LUNgUZnA.js:16
[  685441ms] [WARNING] You don't have permission to use DEVTOOL!【type = 6】 @ https://yurigarden.com/assets/index-LUNgUZnA.js:16
[  685937ms] [WARNING] You don't have permission to use DEVTOOL!【type = 6】 @ https://yurigarden.com/assets/index-LUNgUZnA.js:16
[  686432ms] [WARNING] You don't have permission to use DEVTOOL!【type = 6】 @ https://yurigarden.com/assets/index-LUNgUZnA.js:16
[  686937ms] [WARNING] You don't have permission to use DEVTOOL!【type = 6】 @ https://yurigarden.com/assets/index-LUNgUZnA.js:16
[  687440ms] [WARNING] You don't have permission to use DEVTOOL!【type = 6】 @ https://yurigarden.com/assets/index-LUNgUZnA.js:16
[  687938ms] [WARNING] You don't have permission to use DEVTOOL!【type = 6】 @ https://yurigarden.com/assets/index-LUNgUZnA.js:16
[  688441ms] [WARNING] You don't have permission to use DEVTOOL!【type = 6】 @ https://yurigarden.com/assets/index-LUNgUZnA.js:16
[  688940ms] [WARNING] You don't have permission to use DEVTOOL!【type = 6】 @ https://yurigarden.com/assets/index-LUNgUZnA.js:16
[  689437ms] [WARNING] You don't have permission to use DEVTOOL!【type = 6】 @ https://yurigarden.com/assets/index-LUNgUZnA.js:16
[  689936ms] [WARNING] You don't have permission to use DEVTOOL!【type = 6】 @ https://yurigarden.com/assets/index-LUNgUZnA.js:16
[  690440ms] [WARNING] You don't have permission to use DEVTOOL!【type = 6】 @ https://yurigarden.com/assets/index-LUNgUZnA.js:16
[  690942ms] [WARNING] You don't have permission to use DEVTOOL!【type = 6】 @ https://yurigarden.com/assets/index-LUNgUZnA.js:16
[  691438ms] [WARNING] You don't have permission to use DEVTOOL!【type = 6】 @ https://yurigarden.com/assets/index-LUNgUZnA.js:16
[  691942ms] [WARNING] You don't have permission to use DEVTOOL!【type = 6】 @ https://yurigarden.com/assets/index-LUNgUZnA.js:16
[  692440ms] [WARNING] You don't have permission to use DEVTOOL!【type = 6】 @ https://yurigarden.com/assets/index-LUNgUZnA.js:16
[  692940ms] [WARNING] You don't have permission to use DEVTOOL!【type = 6】 @ https://yurigarden.com/assets/index-LUNgUZnA.js:16
[  693438ms] [WARNING] You don't have permission to use DEVTOOL!【type = 6】 @ https://yurigarden.com/assets/index-LUNgUZnA.js:16
[  693940ms] [WARNING] You don't have permission to use DEVTOOL!【type = 6】 @ https://yurigarden.com/assets/index-LUNgUZnA.js:16
[  694430ms] [WARNING] You don't have permission to use DEVTOOL!【type = 6】 @ https://yurigarden.com/assets/index-LUNgUZnA.js:16
[  694942ms] [WARNING] You don't have permission to use DEVTOOL!【type = 6】 @ https://yurigarden.com/assets/index-LUNgUZnA.js:16
[  695437ms] [WARNING] You don't have permission to use DEVTOOL!【type = 6】 @ https://yurigarden.com/assets/index-LUNgUZnA.js:16
[  695940ms] [WARNING] You don't have permission to use DEVTOOL!【type = 6】 @ https://yurigarden.com/assets/index-LUNgUZnA.js:16
[  696437ms] [WARNING] You don't have permission to use DEVTOOL!【type = 6】 @ https://yurigarden.com/assets/index-LUNgUZnA.js:16
[  696942ms] [WARNING] You don't have permission to use DEVTOOL!【type = 6】 @ https://yurigarden.com/assets/index-LUNgUZnA.js:16
[  697439ms] [WARNING] You don't have permission to use DEVTOOL!【type = 6】 @ https://yurigarden.com/assets/index-LUNgUZnA.js:16
[  697944ms] [WARNING] You don't have permission to use DEVTOOL!【type = 6】 @ https://yurigarden.com/assets/index-LUNgUZnA.js:16
[  698438ms] [WARNING] You don't have permission to use DEVTOOL!【type = 6】 @ https://yurigarden.com/assets/index-LUNgUZnA.js:16
[  698940ms] [WARNING] You don't have permission to use DEVTOOL!【type = 6】 @ https://yurigarden.com/assets/index-LUNgUZnA.js:16
[  699440ms] [WARNING] You don't have permission to use DEVTOOL!【type = 6】 @ https://yurigarden.com/assets/index-LUNgUZnA.js:16
[  699941ms] [WARNING] You don't have permission to use DEVTOOL!【type = 6】 @ https://yurigarden.com/assets/index-LUNgUZnA.js:16
[  700438ms] [WARNING] You don't have permission to use DEVTOOL!【type = 6】 @ https://yurigarden.com/assets/index-LUNgUZnA.js:16
[  700939ms] [WARNING] You don't have permission to use DEVTOOL!【type = 6】 @ https://yurigarden.com/assets/index-LUNgUZnA.js:16
[  701443ms] [WARNING] You don't have permission to use DEVTOOL!【type = 6】 @ https://yurigarden.com/assets/index-LUNgUZnA.js:16
[  701936ms] [WARNING] You don't have permission to use DEVTOOL!【type = 6】 @ https://yurigarden.com/assets/index-LUNgUZnA.js:16
[  702439ms] [WARNING] You don't have permission to use DEVTOOL!【type = 6】 @ https://yurigarden.com/assets/index-LUNgUZnA.js:16
[  702944ms] [WARNING] You don't have permission to use DEVTOOL!【type = 6】 @ https://yurigarden.com/assets/index-LUNgUZnA.js:16
[  703443ms] [WARNING] You don't have permission to use DEVTOOL!【type = 6】 @ https://yurigarden.com/assets/index-LUNgUZnA.js:16
[  703943ms] [WARNING] You don't have permission to use DEVTOOL!【type = 6】 @ https://yurigarden.com/assets/index-LUNgUZnA.js:16
[  704435ms] [WARNING] You don't have permission to use DEVTOOL!【type = 6】 @ https://yurigarden.com/assets/index-LUNgUZnA.js:16
[  704929ms] [WARNING] You don't have permission to use DEVTOOL!【type = 6】 @ https://yurigarden.com/assets/index-LUNgUZnA.js:16
[  705436ms] [WARNING] You don't have permission to use DEVTOOL!【type = 6】 @ https://yurigarden.com/assets/index-LUNgUZnA.js:16
[  705941ms] [WARNING] You don't have permission to use DEVTOOL!【type = 6】 @ https://yurigarden.com/assets/index-LUNgUZnA.js:16
[  706434ms] [WARNING] You don't have permission to use DEVTOOL!【type = 6】 @ https://yurigarden.com/assets/index-LUNgUZnA.js:16
[  706939ms] [WARNING] You don't have permission to use DEVTOOL!【type = 6】 @ https://yurigarden.com/assets/index-LUNgUZnA.js:16
[  707437ms] [WARNING] You don't have permission to use DEVTOOL!【type = 6】 @ https://yurigarden.com/assets/index-LUNgUZnA.js:16
[  707942ms] [WARNING] You don't have permission to use DEVTOOL!【type = 6】 @ https://yurigarden.com/assets/index-LUNgUZnA.js:16
[  708446ms] [WARNING] You don't have permission to use DEVTOOL!【type = 6】 @ https://yurigarden.com/assets/index-LUNgUZnA.js:16
[  708939ms] [WARNING] You don't have permission to use DEVTOOL!【type = 6】 @ https://yurigarden.com/assets/index-LUNgUZnA.js:16
[  709444ms] [WARNING] You don't have permission to use DEVTOOL!【type = 6】 @ https://yurigarden.com/assets/index-LUNgUZnA.js:16
[  709944ms] [WARNING] You don't have permission to use DEVTOOL!【type = 6】 @ https://yurigarden.com/assets/index-LUNgUZnA.js:16
[  710440ms] [WARNING] You don't have permission to use DEVTOOL!【type = 6】 @ https://yurigarden.com/assets/index-LUNgUZnA.js:16
[  710940ms] [WARNING] You don't have permission to use DEVTOOL!【type = 6】 @ https://yurigarden.com/assets/index-LUNgUZnA.js:16
[  711434ms] [WARNING] You don't have permission to use DEVTOOL!【type = 6】 @ https://yurigarden.com/assets/index-LUNgUZnA.js:16
[  711939ms] [WARNING] You don't have permission to use DEVTOOL!【type = 6】 @ https://yurigarden.com/assets/index-LUNgUZnA.js:16
[  712440ms] [WARNING] You don't have permission to use DEVTOOL!【type = 6】 @ https://yurigarden.com/assets/index-LUNgUZnA.js:16
[  712947ms] [WARNING] You don't have permission to use DEVTOOL!【type = 6】 @ https://yurigarden.com/assets/index-LUNgUZnA.js:16
[  713443ms] [WARNING] You don't have permission to use DEVTOOL!【type = 6】 @ https://yurigarden.com/assets/index-LUNgUZnA.js:16
[  713940ms] [WARNING] You don't have permission to use DEVTOOL!【type = 6】 @ https://yurigarden.com/assets/index-LUNgUZnA.js:16
[  714435ms] [WARNING] You don't have permission to use DEVTOOL!【type = 6】 @ https://yurigarden.com/assets/index-LUNgUZnA.js:16
[  714945ms] [WARNING] You don't have permission to use DEVTOOL!【type = 6】 @ https://yurigarden.com/assets/index-LUNgUZnA.js:16
[  715437ms] [WARNING] You don't have permission to use DEVTOOL!【type = 6】 @ https://yurigarden.com/assets/index-LUNgUZnA.js:16
[  715940ms] [WARNING] You don't have permission to use DEVTOOL!【type = 6】 @ https://yurigarden.com/assets/index-LUNgUZnA.js:16
[  716437ms] [WARNING] You don't have permission to use DEVTOOL!【type = 6】 @ https://yurigarden.com/assets/index-LUNgUZnA.js:16
[  716946ms] [WARNING] You don't have permission to use DEVTOOL!【type = 6】 @ https://yurigarden.com/assets/index-LUNgUZnA.js:16
[  717444ms] [WARNING] You don't have permission to use DEVTOOL!【type = 6】 @ https://yurigarden.com/assets/index-LUNgUZnA.js:16
[  717945ms] [WARNING] You don't have permission to use DEVTOOL!【type = 6】 @ https://yurigarden.com/assets/index-LUNgUZnA.js:16
[  718443ms] [WARNING] You don't have permission to use DEVTOOL!【type = 6】 @ https://yurigarden.com/assets/index-LUNgUZnA.js:16
[  718940ms] [WARNING] You don't have permission to use DEVTOOL!【type = 6】 @ https://yurigarden.com/assets/index-LUNgUZnA.js:16
[  719439ms] [WARNING] You don't have permission to use DEVTOOL!【type = 6】 @ https://yurigarden.com/assets/index-LUNgUZnA.js:16
[  719941ms] [WARNING] You don't have permission to use DEVTOOL!【type = 6】 @ https://yurigarden.com/assets/index-LUNgUZnA.js:16
[  720440ms] [WARNING] You don't have permission to use DEVTOOL!【type = 6】 @ https://yurigarden.com/assets/index-LUNgUZnA.js:16
[  720936ms] [WARNING] You don't have permission to use DEVTOOL!【type = 6】 @ https://yurigarden.com/assets/index-LUNgUZnA.js:16
[  721436ms] [WARNING] You don't have permission to use DEVTOOL!【type = 6】 @ https://yurigarden.com/assets/index-LUNgUZnA.js:16
[  721934ms] [WARNING] You don't have permission to use DEVTOOL!【type = 6】 @ https://yurigarden.com/assets/index-LUNgUZnA.js:16
[  722443ms] [WARNING] You don't have permission to use DEVTOOL!【type = 6】 @ https://yurigarden.com/assets/index-LUNgUZnA.js:16
[  722944ms] [WARNING] You don't have permission to use DEVTOOL!【type = 6】 @ https://yurigarden.com/assets/index-LUNgUZnA.js:16
[  723444ms] [WARNING] You don't have permission to use DEVTOOL!【type = 6】 @ https://yurigarden.com/assets/index-LUNgUZnA.js:16
[  723940ms] [WARNING] You don't have permission to use DEVTOOL!【type = 6】 @ https://yurigarden.com/assets/index-LUNgUZnA.js:16
[  724448ms] [WARNING] You don't have permission to use DEVTOOL!【type = 6】 @ https://yurigarden.com/assets/index-LUNgUZnA.js:16
[  724946ms] [WARNING] You don't have permission to use DEVTOOL!【type = 6】 @ https://yurigarden.com/assets/index-LUNgUZnA.js:16
[  725444ms] [WARNING] You don't have permission to use DEVTOOL!【type = 6】 @ https://yurigarden.com/assets/index-LUNgUZnA.js:16
[  725945ms] [WARNING] You don't have permission to use DEVTOOL!【type = 6】 @ https://yurigarden.com/assets/index-LUNgUZnA.js:16
[  726443ms] [WARNING] You don't have permission to use DEVTOOL!【type = 6】 @ https://yurigarden.com/assets/index-LUNgUZnA.js:16
[  726941ms] [WARNING] You don't have permission to use DEVTOOL!【type = 6】 @ https://yurigarden.com/assets/index-LUNgUZnA.js:16
[  727444ms] [WARNING] You don't have permission to use DEVTOOL!【type = 6】 @ https://yurigarden.com/assets/index-LUNgUZnA.js:16
[  727935ms] [WARNING] You don't have permission to use DEVTOOL!【type = 6】 @ https://yurigarden.com/assets/index-LUNgUZnA.js:16
[  728446ms] [WARNING] You don't have permission to use DEVTOOL!【type = 6】 @ https://yurigarden.com/assets/index-LUNgUZnA.js:16
[  728938ms] [WARNING] You don't have permission to use DEVTOOL!【type = 6】 @ https://yurigarden.com/assets/index-LUNgUZnA.js:16
[  729432ms] [WARNING] You don't have permission to use DEVTOOL!【type = 6】 @ https://yurigarden.com/assets/index-LUNgUZnA.js:16
[  729940ms] [WARNING] You don't have permission to use DEVTOOL!【type = 6】 @ https://yurigarden.com/assets/index-LUNgUZnA.js:16
[  730436ms] [WARNING] You don't have permission to use DEVTOOL!【type = 6】 @ https://yurigarden.com/assets/index-LUNgUZnA.js:16
[  730937ms] [WARNING] You don't have permission to use DEVTOOL!【type = 6】 @ https://yurigarden.com/assets/index-LUNgUZnA.js:16
[  731438ms] [WARNING] You don't have permission to use DEVTOOL!【type = 6】 @ https://yurigarden.com/assets/index-LUNgUZnA.js:16
[  731940ms] [WARNING] You don't have permission to use DEVTOOL!【type = 6】 @ https://yurigarden.com/assets/index-LUNgUZnA.js:16
[  732434ms] [WARNING] You don't have permission to use DEVTOOL!【type = 6】 @ https://yurigarden.com/assets/index-LUNgUZnA.js:16
[  732935ms] [WARNING] You don't have permission to use DEVTOOL!【type = 6】 @ https://yurigarden.com/assets/index-LUNgUZnA.js:16
[  733444ms] [WARNING] You don't have permission to use DEVTOOL!【type = 6】 @ https://yurigarden.com/assets/index-LUNgUZnA.js:16
[  733937ms] [WARNING] You don't have permission to use DEVTOOL!【type = 6】 @ https://yurigarden.com/assets/index-LUNgUZnA.js:16
[  734439ms] [WARNING] You don't have permission to use DEVTOOL!【type = 6】 @ https://yurigarden.com/assets/index-LUNgUZnA.js:16
[  734942ms] [WARNING] You don't have permission to use DEVTOOL!【type = 6】 @ https://yurigarden.com/assets/index-LUNgUZnA.js:16
[  735442ms] [WARNING] You don't have permission to use DEVTOOL!【type = 6】 @ https://yurigarden.com/assets/index-LUNgUZnA.js:16
[  735939ms] [WARNING] You don't have permission to use DEVTOOL!【type = 6】 @ https://yurigarden.com/assets/index-LUNgUZnA.js:16
[  736441ms] [WARNING] You don't have permission to use DEVTOOL!【type = 6】 @ https://yurigarden.com/assets/index-LUNgUZnA.js:16
[  736939ms] [WARNING] You don't have permission to use DEVTOOL!【type = 6】 @ https://yurigarden.com/assets/index-LUNgUZnA.js:16
[  737442ms] [WARNING] You don't have permission to use DEVTOOL!【type = 6】 @ https://yurigarden.com/assets/index-LUNgUZnA.js:16
[  737932ms] [WARNING] You don't have permission to use DEVTOOL!【type = 6】 @ https://yurigarden.com/assets/index-LUNgUZnA.js:16
[  738437ms] [WARNING] You don't have permission to use DEVTOOL!【type = 6】 @ https://yurigarden.com/assets/index-LUNgUZnA.js:16
[  738937ms] [WARNING] You don't have permission to use DEVTOOL!【type = 6】 @ https://yurigarden.com/assets/index-LUNgUZnA.js:16
[  739439ms] [WARNING] You don't have permission to use DEVTOOL!【type = 6】 @ https://yurigarden.com/assets/index-LUNgUZnA.js:16
[  739936ms] [WARNING] You don't have permission to use DEVTOOL!【type = 6】 @ https://yurigarden.com/assets/index-LUNgUZnA.js:16
[  740445ms] [WARNING] You don't have permission to use DEVTOOL!【type = 6】 @ https://yurigarden.com/assets/index-LUNgUZnA.js:16
[  740937ms] [WARNING] You don't have permission to use DEVTOOL!【type = 6】 @ https://yurigarden.com/assets/index-LUNgUZnA.js:16
[  741437ms] [WARNING] You don't have permission to use DEVTOOL!【type = 6】 @ https://yurigarden.com/assets/index-LUNgUZnA.js:16
[  741941ms] [WARNING] You don't have permission to use DEVTOOL!【type = 6】 @ https://yurigarden.com/assets/index-LUNgUZnA.js:16
[  742435ms] [WARNING] You don't have permission to use DEVTOOL!【type = 6】 @ https://yurigarden.com/assets/index-LUNgUZnA.js:16
[  742945ms] [WARNING] You don't have permission to use DEVTOOL!【type = 6】 @ https://yurigarden.com/assets/index-LUNgUZnA.js:16
[  743443ms] [WARNING] You don't have permission to use DEVTOOL!【type = 6】 @ https://yurigarden.com/assets/index-LUNgUZnA.js:16
[  743939ms] [WARNING] You don't have permission to use DEVTOOL!【type = 6】 @ https://yurigarden.com/assets/index-LUNgUZnA.js:16
[  744435ms] [WARNING] You don't have permission to use DEVTOOL!【type = 6】 @ https://yurigarden.com/assets/index-LUNgUZnA.js:16
[  744940ms] [WARNING] You don't have permission to use DEVTOOL!【type = 6】 @ https://yurigarden.com/assets/index-LUNgUZnA.js:16
[  745431ms] [WARNING] You don't have permission to use DEVTOOL!【type = 6】 @ https://yurigarden.com/assets/index-LUNgUZnA.js:16
[  745939ms] [WARNING] You don't have permission to use DEVTOOL!【type = 6】 @ https://yurigarden.com/assets/index-LUNgUZnA.js:16
[  746440ms] [WARNING] You don't have permission to use DEVTOOL!【type = 6】 @ https://yurigarden.com/assets/index-LUNgUZnA.js:16
[  746939ms] [WARNING] You don't have permission to use DEVTOOL!【type = 6】 @ https://yurigarden.com/assets/index-LUNgUZnA.js:16
[  747436ms] [WARNING] You don't have permission to use DEVTOOL!【type = 6】 @ https://yurigarden.com/assets/index-LUNgUZnA.js:16
[  747941ms] [WARNING] You don't have permission to use DEVTOOL!【type = 6】 @ https://yurigarden.com/assets/index-LUNgUZnA.js:16
[  748438ms] [WARNING] You don't have permission to use DEVTOOL!【type = 6】 @ https://yurigarden.com/assets/index-LUNgUZnA.js:16
[  748940ms] [WARNING] You don't have permission to use DEVTOOL!【type = 6】 @ https://yurigarden.com/assets/index-LUNgUZnA.js:16
[  749436ms] [WARNING] You don't have permission to use DEVTOOL!【type = 6】 @ https://yurigarden.com/assets/index-LUNgUZnA.js:16
[  749937ms] [WARNING] You don't have permission to use DEVTOOL!【type = 6】 @ https://yurigarden.com/assets/index-LUNgUZnA.js:16
[  750439ms] [WARNING] You don't have permission to use DEVTOOL!【type = 6】 @ https://yurigarden.com/assets/index-LUNgUZnA.js:16
[  750939ms] [WARNING] You don't have permission to use DEVTOOL!【type = 6】 @ https://yurigarden.com/assets/index-LUNgUZnA.js:16
[  751444ms] [WARNING] You don't have permission to use DEVTOOL!【type = 6】 @ https://yurigarden.com/assets/index-LUNgUZnA.js:16
[  751936ms] [WARNING] You don't have permission to use DEVTOOL!【type = 6】 @ https://yurigarden.com/assets/index-LUNgUZnA.js:16
[  752443ms] [WARNING] You don't have permission to use DEVTOOL!【type = 6】 @ https://yurigarden.com/assets/index-LUNgUZnA.js:16
[  752937ms] [WARNING] You don't have permission to use DEVTOOL!【type = 6】 @ https://yurigarden.com/assets/index-LUNgUZnA.js:16
[  753444ms] [WARNING] You don't have permission to use DEVTOOL!【type = 6】 @ https://yurigarden.com/assets/index-LUNgUZnA.js:16
[  753940ms] [WARNING] You don't have permission to use DEVTOOL!【type = 6】 @ https://yurigarden.com/assets/index-LUNgUZnA.js:16
[  754428ms] [WARNING] You don't have permission to use DEVTOOL!【type = 6】 @ https://yurigarden.com/assets/index-LUNgUZnA.js:16
[  754934ms] [WARNING] You don't have permission to use DEVTOOL!【type = 6】 @ https://yurigarden.com/assets/index-LUNgUZnA.js:16
[  755439ms] [WARNING] You don't have permission to use DEVTOOL!【type = 6】 @ https://yurigarden.com/assets/index-LUNgUZnA.js:16
[  755936ms] [WARNING] You don't have permission to use DEVTOOL!【type = 6】 @ https://yurigarden.com/assets/index-LUNgUZnA.js:16
[  756440ms] [WARNING] You don't have permission to use DEVTOOL!【type = 6】 @ https://yurigarden.com/assets/index-LUNgUZnA.js:16
[  756934ms] [WARNING] You don't have permission to use DEVTOOL!【type = 6】 @ https://yurigarden.com/assets/index-LUNgUZnA.js:16
[  757441ms] [WARNING] You don't have permission to use DEVTOOL!【type = 6】 @ https://yurigarden.com/assets/index-LUNgUZnA.js:16
[  757939ms] [WARNING] You don't have permission to use DEVTOOL!【type = 6】 @ https://yurigarden.com/assets/index-LUNgUZnA.js:16
[  758439ms] [WARNING] You don't have permission to use DEVTOOL!【type = 6】 @ https://yurigarden.com/assets/index-LUNgUZnA.js:16
[  758942ms] [WARNING] You don't have permission to use DEVTOOL!【type = 6】 @ https://yurigarden.com/assets/index-LUNgUZnA.js:16
[  759445ms] [WARNING] You don't have permission to use DEVTOOL!【type = 6】 @ https://yurigarden.com/assets/index-LUNgUZnA.js:16
[  759943ms] [WARNING] You don't have permission to use DEVTOOL!【type = 6】 @ https://yurigarden.com/assets/index-LUNgUZnA.js:16
[  760443ms] [WARNING] You don't have permission to use DEVTOOL!【type = 6】 @ https://yurigarden.com/assets/index-LUNgUZnA.js:16
[  760946ms] [WARNING] You don't have permission to use DEVTOOL!【type = 6】 @ https://yurigarden.com/assets/index-LUNgUZnA.js:16
[  761440ms] [WARNING] You don't have permission to use DEVTOOL!【type = 6】 @ https://yurigarden.com/assets/index-LUNgUZnA.js:16
[  761944ms] [WARNING] You don't have permission to use DEVTOOL!【type = 6】 @ https://yurigarden.com/assets/index-LUNgUZnA.js:16
[  762441ms] [WARNING] You don't have permission to use DEVTOOL!【type = 6】 @ https://yurigarden.com/assets/index-LUNgUZnA.js:16
[  762933ms] [WARNING] You don't have permission to use DEVTOOL!【type = 6】 @ https://yurigarden.com/assets/index-LUNgUZnA.js:16
[  763439ms] [WARNING] You don't have permission to use DEVTOOL!【type = 6】 @ https://yurigarden.com/assets/index-LUNgUZnA.js:16
[  763944ms] [WARNING] You don't have permission to use DEVTOOL!【type = 6】 @ https://yurigarden.com/assets/index-LUNgUZnA.js:16
[  764441ms] [WARNING] You don't have permission to use DEVTOOL!【type = 6】 @ https://yurigarden.com/assets/index-LUNgUZnA.js:16
[  764932ms] [WARNING] You don't have permission to use DEVTOOL!【type = 6】 @ https://yurigarden.com/assets/index-LUNgUZnA.js:16
[  765440ms] [WARNING] You don't have permission to use DEVTOOL!【type = 6】 @ https://yurigarden.com/assets/index-LUNgUZnA.js:16
[  765938ms] [WARNING] You don't have permission to use DEVTOOL!【type = 6】 @ https://yurigarden.com/assets/index-LUNgUZnA.js:16
[  766435ms] [WARNING] You don't have permission to use DEVTOOL!【type = 6】 @ https://yurigarden.com/assets/index-LUNgUZnA.js:16
[  766932ms] [WARNING] You don't have permission to use DEVTOOL!【type = 6】 @ https://yurigarden.com/assets/index-LUNgUZnA.js:16
[  767444ms] [WARNING] You don't have permission to use DEVTOOL!【type = 6】 @ https://yurigarden.com/assets/index-LUNgUZnA.js:16
[  767940ms] [WARNING] You don't have permission to use DEVTOOL!【type = 6】 @ https://yurigarden.com/assets/index-LUNgUZnA.js:16
[  768441ms] [WARNING] You don't have permission to use DEVTOOL!【type = 6】 @ https://yurigarden.com/assets/index-LUNgUZnA.js:16
[  768936ms] [WARNING] You don't have permission to use DEVTOOL!【type = 6】 @ https://yurigarden.com/assets/index-LUNgUZnA.js:16
[  769437ms] [WARNING] You don't have permission to use DEVTOOL!【type = 6】 @ https://yurigarden.com/assets/index-LUNgUZnA.js:16
[  769942ms] [WARNING] You don't have permission to use DEVTOOL!【type = 6】 @ https://yurigarden.com/assets/index-LUNgUZnA.js:16
[  770444ms] [WARNING] You don't have permission to use DEVTOOL!【type = 6】 @ https://yurigarden.com/assets/index-LUNgUZnA.js:16
[  770935ms] [WARNING] You don't have permission to use DEVTOOL!【type = 6】 @ https://yurigarden.com/assets/index-LUNgUZnA.js:16
[  771439ms] [WARNING] You don't have permission to use DEVTOOL!【type = 6】 @ https://yurigarden.com/assets/index-LUNgUZnA.js:16
[  771942ms] [WARNING] You don't have permission to use DEVTOOL!【type = 6】 @ https://yurigarden.com/assets/index-LUNgUZnA.js:16
[  772450ms] [WARNING] You don't have permission to use DEVTOOL!【type = 6】 @ https://yurigarden.com/assets/index-LUNgUZnA.js:16
[  772943ms] [WARNING] You don't have permission to use DEVTOOL!【type = 6】 @ https://yurigarden.com/assets/index-LUNgUZnA.js:16
[  773438ms] [WARNING] You don't have permission to use DEVTOOL!【type = 6】 @ https://yurigarden.com/assets/index-LUNgUZnA.js:16
[  773945ms] [WARNING] You don't have permission to use DEVTOOL!【type = 6】 @ https://yurigarden.com/assets/index-LUNgUZnA.js:16
[  774438ms] [WARNING] You don't have permission to use DEVTOOL!【type = 6】 @ https://yurigarden.com/assets/index-LUNgUZnA.js:16
[  774933ms] [WARNING] You don't have permission to use DEVTOOL!【type = 6】 @ https://yurigarden.com/assets/index-LUNgUZnA.js:16
[  775441ms] [WARNING] You don't have permission to use DEVTOOL!【type = 6】 @ https://yurigarden.com/assets/index-LUNgUZnA.js:16
[  775936ms] [WARNING] You don't have permission to use DEVTOOL!【type = 6】 @ https://yurigarden.com/assets/index-LUNgUZnA.js:16
[  776437ms] [WARNING] You don't have permission to use DEVTOOL!【type = 6】 @ https://yurigarden.com/assets/index-LUNgUZnA.js:16
[  776937ms] [WARNING] You don't have permission to use DEVTOOL!【type = 6】 @ https://yurigarden.com/assets/index-LUNgUZnA.js:16
[  777437ms] [WARNING] You don't have permission to use DEVTOOL!【type = 6】 @ https://yurigarden.com/assets/index-LUNgUZnA.js:16
[  777942ms] [WARNING] You don't have permission to use DEVTOOL!【type = 6】 @ https://yurigarden.com/assets/index-LUNgUZnA.js:16
[  778440ms] [WARNING] You don't have permission to use DEVTOOL!【type = 6】 @ https://yurigarden.com/assets/index-LUNgUZnA.js:16
[  778942ms] [WARNING] You don't have permission to use DEVTOOL!【type = 6】 @ https://yurigarden.com/assets/index-LUNgUZnA.js:16
[  779444ms] [WARNING] You don't have permission to use DEVTOOL!【type = 6】 @ https://yurigarden.com/assets/index-LUNgUZnA.js:16
[  779945ms] [WARNING] You don't have permission to use DEVTOOL!【type = 6】 @ https://yurigarden.com/assets/index-LUNgUZnA.js:16
[  780444ms] [WARNING] You don't have permission to use DEVTOOL!【type = 6】 @ https://yurigarden.com/assets/index-LUNgUZnA.js:16
[  780942ms] [WARNING] You don't have permission to use DEVTOOL!【type = 6】 @ https://yurigarden.com/assets/index-LUNgUZnA.js:16
[  781440ms] [WARNING] You don't have permission to use DEVTOOL!【type = 6】 @ https://yurigarden.com/assets/index-LUNgUZnA.js:16
[  781935ms] [WARNING] You don't have permission to use DEVTOOL!【type = 6】 @ https://yurigarden.com/assets/index-LUNgUZnA.js:16
[  782440ms] [WARNING] You don't have permission to use DEVTOOL!【type = 6】 @ https://yurigarden.com/assets/index-LUNgUZnA.js:16
[  782936ms] [WARNING] You don't have permission to use DEVTOOL!【type = 6】 @ https://yurigarden.com/assets/index-LUNgUZnA.js:16
[  783439ms] [WARNING] You don't have permission to use DEVTOOL!【type = 6】 @ https://yurigarden.com/assets/index-LUNgUZnA.js:16
[  783938ms] [WARNING] You don't have permission to use DEVTOOL!【type = 6】 @ https://yurigarden.com/assets/index-LUNgUZnA.js:16
[  784438ms] [WARNING] You don't have permission to use DEVTOOL!【type = 6】 @ https://yurigarden.com/assets/index-LUNgUZnA.js:16
[  784942ms] [WARNING] You don't have permission to use DEVTOOL!【type = 6】 @ https://yurigarden.com/assets/index-LUNgUZnA.js:16
[  785439ms] [WARNING] You don't have permission to use DEVTOOL!【type = 6】 @ https://yurigarden.com/assets/index-LUNgUZnA.js:16
[  785939ms] [WARNING] You don't have permission to use DEVTOOL!【type = 6】 @ https://yurigarden.com/assets/index-LUNgUZnA.js:16
[  786444ms] [WARNING] You don't have permission to use DEVTOOL!【type = 6】 @ https://yurigarden.com/assets/index-LUNgUZnA.js:16
[  786937ms] [WARNING] You don't have permission to use DEVTOOL!【type = 6】 @ https://yurigarden.com/assets/index-LUNgUZnA.js:16
[  787446ms] [WARNING] You don't have permission to use DEVTOOL!【type = 6】 @ https://yurigarden.com/assets/index-LUNgUZnA.js:16
[  787939ms] [WARNING] You don't have permission to use DEVTOOL!【type = 6】 @ https://yurigarden.com/assets/index-LUNgUZnA.js:16
[  788435ms] [WARNING] You don't have permission to use DEVTOOL!【type = 6】 @ https://yurigarden.com/assets/index-LUNgUZnA.js:16
[  788939ms] [WARNING] You don't have permission to use DEVTOOL!【type = 6】 @ https://yurigarden.com/assets/index-LUNgUZnA.js:16
[  789439ms] [WARNING] You don't have permission to use DEVTOOL!【type = 6】 @ https://yurigarden.com/assets/index-LUNgUZnA.js:16
[  789937ms] [WARNING] You don't have permission to use DEVTOOL!【type = 6】 @ https://yurigarden.com/assets/index-LUNgUZnA.js:16
[  790440ms] [WARNING] You don't have permission to use DEVTOOL!【type = 6】 @ https://yurigarden.com/assets/index-LUNgUZnA.js:16
[  790943ms] [WARNING] You don't have permission to use DEVTOOL!【type = 6】 @ https://yurigarden.com/assets/index-LUNgUZnA.js:16
[  791443ms] [WARNING] You don't have permission to use DEVTOOL!【type = 6】 @ https://yurigarden.com/assets/index-LUNgUZnA.js:16
[  791939ms] [WARNING] You don't have permission to use DEVTOOL!【type = 6】 @ https://yurigarden.com/assets/index-LUNgUZnA.js:16
[  792444ms] [WARNING] You don't have permission to use DEVTOOL!【type = 6】 @ https://yurigarden.com/assets/index-LUNgUZnA.js:16
[  792939ms] [WARNING] You don't have permission to use DEVTOOL!【type = 6】 @ https://yurigarden.com/assets/index-LUNgUZnA.js:16
[  793445ms] [WARNING] You don't have permission to use DEVTOOL!【type = 6】 @ https://yurigarden.com/assets/index-LUNgUZnA.js:16
[  793941ms] [WARNING] You don't have permission to use DEVTOOL!【type = 6】 @ https://yurigarden.com/assets/index-LUNgUZnA.js:16
[  794443ms] [WARNING] You don't have permission to use DEVTOOL!【type = 6】 @ https://yurigarden.com/assets/index-LUNgUZnA.js:16
[  794939ms] [WARNING] You don't have permission to use DEVTOOL!【type = 6】 @ https://yurigarden.com/assets/index-LUNgUZnA.js:16
[  795438ms] [WARNING] You don't have permission to use DEVTOOL!【type = 6】 @ https://yurigarden.com/assets/index-LUNgUZnA.js:16
[  795940ms] [WARNING] You don't have permission to use DEVTOOL!【type = 6】 @ https://yurigarden.com/assets/index-LUNgUZnA.js:16
[  796435ms] [WARNING] You don't have permission to use DEVTOOL!【type = 6】 @ https://yurigarden.com/assets/index-LUNgUZnA.js:16
[  796945ms] [WARNING] You don't have permission to use DEVTOOL!【type = 6】 @ https://yurigarden.com/assets/index-LUNgUZnA.js:16
[  797438ms] [WARNING] You don't have permission to use DEVTOOL!【type = 6】 @ https://yurigarden.com/assets/index-LUNgUZnA.js:16
[  797934ms] [WARNING] You don't have permission to use DEVTOOL!【type = 6】 @ https://yurigarden.com/assets/index-LUNgUZnA.js:16
[  798440ms] [WARNING] You don't have permission to use DEVTOOL!【type = 6】 @ https://yurigarden.com/assets/index-LUNgUZnA.js:16
[  798928ms] [WARNING] You don't have permission to use DEVTOOL!【type = 6】 @ https://yurigarden.com/assets/index-LUNgUZnA.js:16
[  799442ms] [WARNING] You don't have permission to use DEVTOOL!【type = 6】 @ https://yurigarden.com/assets/index-LUNgUZnA.js:16
[  799938ms] [WARNING] You don't have permission to use DEVTOOL!【type = 6】 @ https://yurigarden.com/assets/index-LUNgUZnA.js:16
[  800440ms] [WARNING] You don't have permission to use DEVTOOL!【type = 6】 @ https://yurigarden.com/assets/index-LUNgUZnA.js:16
[  800941ms] [WARNING] You don't have permission to use DEVTOOL!【type = 6】 @ https://yurigarden.com/assets/index-LUNgUZnA.js:16
[  801441ms] [WARNING] You don't have permission to use DEVTOOL!【type = 6】 @ https://yurigarden.com/assets/index-LUNgUZnA.js:16
[  801931ms] [WARNING] You don't have permission to use DEVTOOL!【type = 6】 @ https://yurigarden.com/assets/index-LUNgUZnA.js:16
[  802442ms] [WARNING] You don't have permission to use DEVTOOL!【type = 6】 @ https://yurigarden.com/assets/index-LUNgUZnA.js:16
[  802946ms] [WARNING] You don't have permission to use DEVTOOL!【type = 6】 @ https://yurigarden.com/assets/index-LUNgUZnA.js:16
[  803443ms] [WARNING] You don't have permission to use DEVTOOL!【type = 6】 @ https://yurigarden.com/assets/index-LUNgUZnA.js:16
[  803946ms] [WARNING] You don't have permission to use DEVTOOL!【type = 6】 @ https://yurigarden.com/assets/index-LUNgUZnA.js:16
[  804434ms] [WARNING] You don't have permission to use DEVTOOL!【type = 6】 @ https://yurigarden.com/assets/index-LUNgUZnA.js:16
[  804942ms] [WARNING] You don't have permission to use DEVTOOL!【type = 6】 @ https://yurigarden.com/assets/index-LUNgUZnA.js:16
[  805443ms] [WARNING] You don't have permission to use DEVTOOL!【type = 6】 @ https://yurigarden.com/assets/index-LUNgUZnA.js:16
[  805942ms] [WARNING] You don't have permission to use DEVTOOL!【type = 6】 @ https://yurigarden.com/assets/index-LUNgUZnA.js:16
[  806437ms] [WARNING] You don't have permission to use DEVTOOL!【type = 6】 @ https://yurigarden.com/assets/index-LUNgUZnA.js:16
[  806947ms] [WARNING] You don't have permission to use DEVTOOL!【type = 6】 @ https://yurigarden.com/assets/index-LUNgUZnA.js:16
[  807440ms] [WARNING] You don't have permission to use DEVTOOL!【type = 6】 @ https://yurigarden.com/assets/index-LUNgUZnA.js:16
[  807944ms] [WARNING] You don't have permission to use DEVTOOL!【type = 6】 @ https://yurigarden.com/assets/index-LUNgUZnA.js:16
[  808436ms] [WARNING] You don't have permission to use DEVTOOL!【type = 6】 @ https://yurigarden.com/assets/index-LUNgUZnA.js:16
[  808940ms] [WARNING] You don't have permission to use DEVTOOL!【type = 6】 @ https://yurigarden.com/assets/index-LUNgUZnA.js:16
[  809436ms] [WARNING] You don't have permission to use DEVTOOL!【type = 6】 @ https://yurigarden.com/assets/index-LUNgUZnA.js:16
[  809937ms] [WARNING] You don't have permission to use DEVTOOL!【type = 6】 @ https://yurigarden.com/assets/index-LUNgUZnA.js:16
[  810438ms] [WARNING] You don't have permission to use DEVTOOL!【type = 6】 @ https://yurigarden.com/assets/index-LUNgUZnA.js:16
[  810931ms] [WARNING] You don't have permission to use DEVTOOL!【type = 6】 @ https://yurigarden.com/assets/index-LUNgUZnA.js:16
[  811437ms] [WARNING] You don't have permission to use DEVTOOL!【type = 6】 @ https://yurigarden.com/assets/index-LUNgUZnA.js:16
[  811942ms] [WARNING] You don't have permission to use DEVTOOL!【type = 6】 @ https://yurigarden.com/assets/index-LUNgUZnA.js:16
[  812442ms] [WARNING] You don't have permission to use DEVTOOL!【type = 6】 @ https://yurigarden.com/assets/index-LUNgUZnA.js:16
[  812938ms] [WARNING] You don't have permission to use DEVTOOL!【type = 6】 @ https://yurigarden.com/assets/index-LUNgUZnA.js:16
[  813441ms] [WARNING] You don't have permission to use DEVTOOL!【type = 6】 @ https://yurigarden.com/assets/index-LUNgUZnA.js:16
[  813940ms] [WARNING] You don't have permission to use DEVTOOL!【type = 6】 @ https://yurigarden.com/assets/index-LUNgUZnA.js:16
[  814444ms] [WARNING] You don't have permission to use DEVTOOL!【type = 6】 @ https://yurigarden.com/assets/index-LUNgUZnA.js:16
[  814944ms] [WARNING] You don't have permission to use DEVTOOL!【type = 6】 @ https://yurigarden.com/assets/index-LUNgUZnA.js:16
[  815447ms] [WARNING] You don't have permission to use DEVTOOL!【type = 6】 @ https://yurigarden.com/assets/index-LUNgUZnA.js:16
[  815944ms] [WARNING] You don't have permission to use DEVTOOL!【type = 6】 @ https://yurigarden.com/assets/index-LUNgUZnA.js:16
[  816442ms] [WARNING] You don't have permission to use DEVTOOL!【type = 6】 @ https://yurigarden.com/assets/index-LUNgUZnA.js:16
[  816940ms] [WARNING] You don't have permission to use DEVTOOL!【type = 6】 @ https://yurigarden.com/assets/index-LUNgUZnA.js:16
[  817441ms] [WARNING] You don't have permission to use DEVTOOL!【type = 6】 @ https://yurigarden.com/assets/index-LUNgUZnA.js:16
[  817938ms] [WARNING] You don't have permission to use DEVTOOL!【type = 6】 @ https://yurigarden.com/assets/index-LUNgUZnA.js:16
[  818442ms] [WARNING] You don't have permission to use DEVTOOL!【type = 6】 @ https://yurigarden.com/assets/index-LUNgUZnA.js:16
[  818938ms] [WARNING] You don't have permission to use DEVTOOL!【type = 6】 @ https://yurigarden.com/assets/index-LUNgUZnA.js:16
[  819444ms] [WARNING] You don't have permission to use DEVTOOL!【type = 6】 @ https://yurigarden.com/assets/index-LUNgUZnA.js:16
[  819936ms] [WARNING] You don't have permission to use DEVTOOL!【type = 6】 @ https://yurigarden.com/assets/index-LUNgUZnA.js:16
[  820442ms] [WARNING] You don't have permission to use DEVTOOL!【type = 6】 @ https://yurigarden.com/assets/index-LUNgUZnA.js:16
[  820943ms] [WARNING] You don't have permission to use DEVTOOL!【type = 6】 @ https://yurigarden.com/assets/index-LUNgUZnA.js:16
[  821443ms] [WARNING] You don't have permission to use DEVTOOL!【type = 6】 @ https://yurigarden.com/assets/index-LUNgUZnA.js:16
[  821944ms] [WARNING] You don't have permission to use DEVTOOL!【type = 6】 @ https://yurigarden.com/assets/index-LUNgUZnA.js:16
[  822445ms] [WARNING] You don't have permission to use DEVTOOL!【type = 6】 @ https://yurigarden.com/assets/index-LUNgUZnA.js:16
[  822944ms] [WARNING] You don't have permission to use DEVTOOL!【type = 6】 @ https://yurigarden.com/assets/index-LUNgUZnA.js:16
[  823444ms] [WARNING] You don't have permission to use DEVTOOL!【type = 6】 @ https://yurigarden.com/assets/index-LUNgUZnA.js:16
[  823939ms] [WARNING] You don't have permission to use DEVTOOL!【type = 6】 @ https://yurigarden.com/assets/index-LUNgUZnA.js:16
[  824445ms] [WARNING] You don't have permission to use DEVTOOL!【type = 6】 @ https://yurigarden.com/assets/index-LUNgUZnA.js:16
[  824932ms] [WARNING] You don't have permission to use DEVTOOL!【type = 6】 @ https://yurigarden.com/assets/index-LUNgUZnA.js:16
[  825445ms] [WARNING] You don't have permission to use DEVTOOL!【type = 6】 @ https://yurigarden.com/assets/index-LUNgUZnA.js:16
[  825936ms] [WARNING] You don't have permission to use DEVTOOL!【type = 6】 @ https://yurigarden.com/assets/index-LUNgUZnA.js:16
[  826436ms] [WARNING] You don't have permission to use DEVTOOL!【type = 6】 @ https://yurigarden.com/assets/index-LUNgUZnA.js:16
[  826939ms] [WARNING] You don't have permission to use DEVTOOL!【type = 6】 @ https://yurigarden.com/assets/index-LUNgUZnA.js:16
[  827441ms] [WARNING] You don't have permission to use DEVTOOL!【type = 6】 @ https://yurigarden.com/assets/index-LUNgUZnA.js:16
[  827942ms] [WARNING] You don't have permission to use DEVTOOL!【type = 6】 @ https://yurigarden.com/assets/index-LUNgUZnA.js:16
[  828436ms] [WARNING] You don't have permission to use DEVTOOL!【type = 6】 @ https://yurigarden.com/assets/index-LUNgUZnA.js:16
[  828940ms] [WARNING] You don't have permission to use DEVTOOL!【type = 6】 @ https://yurigarden.com/assets/index-LUNgUZnA.js:16
[  829443ms] [WARNING] You don't have permission to use DEVTOOL!【type = 6】 @ https://yurigarden.com/assets/index-LUNgUZnA.js:16
[  829947ms] [WARNING] You don't have permission to use DEVTOOL!【type = 6】 @ https://yurigarden.com/assets/index-LUNgUZnA.js:16
[  830440ms] [WARNING] You don't have permission to use DEVTOOL!【type = 6】 @ https://yurigarden.com/assets/index-LUNgUZnA.js:16
[  830938ms] [WARNING] You don't have permission to use DEVTOOL!【type = 6】 @ https://yurigarden.com/assets/index-LUNgUZnA.js:16
[  831438ms] [WARNING] You don't have permission to use DEVTOOL!【type = 6】 @ https://yurigarden.com/assets/index-LUNgUZnA.js:16
[  831937ms] [WARNING] You don't have permission to use DEVTOOL!【type = 6】 @ https://yurigarden.com/assets/index-LUNgUZnA.js:16
[  832436ms] [WARNING] You don't have permission to use DEVTOOL!【type = 6】 @ https://yurigarden.com/assets/index-LUNgUZnA.js:16
[  832945ms] [WARNING] You don't have permission to use DEVTOOL!【type = 6】 @ https://yurigarden.com/assets/index-LUNgUZnA.js:16
[  833442ms] [WARNING] You don't have permission to use DEVTOOL!【type = 6】 @ https://yurigarden.com/assets/index-LUNgUZnA.js:16
[  833935ms] [WARNING] You don't have permission to use DEVTOOL!【type = 6】 @ https://yurigarden.com/assets/index-LUNgUZnA.js:16
[  834442ms] [WARNING] You don't have permission to use DEVTOOL!【type = 6】 @ https://yurigarden.com/assets/index-LUNgUZnA.js:16
[  834938ms] [WARNING] You don't have permission to use DEVTOOL!【type = 6】 @ https://yurigarden.com/assets/index-LUNgUZnA.js:16
[  835446ms] [WARNING] You don't have permission to use DEVTOOL!【type = 6】 @ https://yurigarden.com/assets/index-LUNgUZnA.js:16
[  835936ms] [WARNING] You don't have permission to use DEVTOOL!【type = 6】 @ https://yurigarden.com/assets/index-LUNgUZnA.js:16
[  836440ms] [WARNING] You don't have permission to use DEVTOOL!【type = 6】 @ https://yurigarden.com/assets/index-LUNgUZnA.js:16
[  836930ms] [WARNING] You don't have permission to use DEVTOOL!【type = 6】 @ https://yurigarden.com/assets/index-LUNgUZnA.js:16
[  837437ms] [WARNING] You don't have permission to use DEVTOOL!【type = 6】 @ https://yurigarden.com/assets/index-LUNgUZnA.js:16
[  837934ms] [WARNING] You don't have permission to use DEVTOOL!【type = 6】 @ https://yurigarden.com/assets/index-LUNgUZnA.js:16
[  838443ms] [WARNING] You don't have permission to use DEVTOOL!【type = 6】 @ https://yurigarden.com/assets/index-LUNgUZnA.js:16
[  838937ms] [WARNING] You don't have permission to use DEVTOOL!【type = 6】 @ https://yurigarden.com/assets/index-LUNgUZnA.js:16
[  839439ms] [WARNING] You don't have permission to use DEVTOOL!【type = 6】 @ https://yurigarden.com/assets/index-LUNgUZnA.js:16
[  839938ms] [WARNING] You don't have permission to use DEVTOOL!【type = 6】 @ https://yurigarden.com/assets/index-LUNgUZnA.js:16
[  840442ms] [WARNING] You don't have permission to use DEVTOOL!【type = 6】 @ https://yurigarden.com/assets/index-LUNgUZnA.js:16
[  840935ms] [WARNING] You don't have permission to use DEVTOOL!【type = 6】 @ https://yurigarden.com/assets/index-LUNgUZnA.js:16
[  841441ms] [WARNING] You don't have permission to use DEVTOOL!【type = 6】 @ https://yurigarden.com/assets/index-LUNgUZnA.js:16
[  841942ms] [WARNING] You don't have permission to use DEVTOOL!【type = 6】 @ https://yurigarden.com/assets/index-LUNgUZnA.js:16
[  842444ms] [WARNING] You don't have permission to use DEVTOOL!【type = 6】 @ https://yurigarden.com/assets/index-LUNgUZnA.js:16
[  842944ms] [WARNING] You don't have permission to use DEVTOOL!【type = 6】 @ https://yurigarden.com/assets/index-LUNgUZnA.js:16
[  843443ms] [WARNING] You don't have permission to use DEVTOOL!【type = 6】 @ https://yurigarden.com/assets/index-LUNgUZnA.js:16
[  843936ms] [WARNING] You don't have permission to use DEVTOOL!【type = 6】 @ https://yurigarden.com/assets/index-LUNgUZnA.js:16
[  844439ms] [WARNING] You don't have permission to use DEVTOOL!【type = 6】 @ https://yurigarden.com/assets/index-LUNgUZnA.js:16
[  844934ms] [WARNING] You don't have permission to use DEVTOOL!【type = 6】 @ https://yurigarden.com/assets/index-LUNgUZnA.js:16
[  845439ms] [WARNING] You don't have permission to use DEVTOOL!【type = 6】 @ https://yurigarden.com/assets/index-LUNgUZnA.js:16
[  845936ms] [WARNING] You don't have permission to use DEVTOOL!【type = 6】 @ https://yurigarden.com/assets/index-LUNgUZnA.js:16
[  846437ms] [WARNING] You don't have permission to use DEVTOOL!【type = 6】 @ https://yurigarden.com/assets/index-LUNgUZnA.js:16
[  846934ms] [WARNING] You don't have permission to use DEVTOOL!【type = 6】 @ https://yurigarden.com/assets/index-LUNgUZnA.js:16
[  847444ms] [WARNING] You don't have permission to use DEVTOOL!【type = 6】 @ https://yurigarden.com/assets/index-LUNgUZnA.js:16
[  847938ms] [WARNING] You don't have permission to use DEVTOOL!【type = 6】 @ https://yurigarden.com/assets/index-LUNgUZnA.js:16
[  848444ms] [WARNING] You don't have permission to use DEVTOOL!【type = 6】 @ https://yurigarden.com/assets/index-LUNgUZnA.js:16
[  848939ms] [WARNING] You don't have permission to use DEVTOOL!【type = 6】 @ https://yurigarden.com/assets/index-LUNgUZnA.js:16
[  849444ms] [WARNING] You don't have permission to use DEVTOOL!【type = 6】 @ https://yurigarden.com/assets/index-LUNgUZnA.js:16
[  849943ms] [WARNING] You don't have permission to use DEVTOOL!【type = 6】 @ https://yurigarden.com/assets/index-LUNgUZnA.js:16
[  850441ms] [WARNING] You don't have permission to use DEVTOOL!【type = 6】 @ https://yurigarden.com/assets/index-LUNgUZnA.js:16
[  850945ms] [WARNING] You don't have permission to use DEVTOOL!【type = 6】 @ https://yurigarden.com/assets/index-LUNgUZnA.js:16
[  851445ms] [WARNING] You don't have permission to use DEVTOOL!【type = 6】 @ https://yurigarden.com/assets/index-LUNgUZnA.js:16
[  851938ms] [WARNING] You don't have permission to use DEVTOOL!【type = 6】 @ https://yurigarden.com/assets/index-LUNgUZnA.js:16
[  852441ms] [WARNING] You don't have permission to use DEVTOOL!【type = 6】 @ https://yurigarden.com/assets/index-LUNgUZnA.js:16
[  852943ms] [WARNING] You don't have permission to use DEVTOOL!【type = 6】 @ https://yurigarden.com/assets/index-LUNgUZnA.js:16
[  853443ms] [WARNING] You don't have permission to use DEVTOOL!【type = 6】 @ https://yurigarden.com/assets/index-LUNgUZnA.js:16
[  853939ms] [WARNING] You don't have permission to use DEVTOOL!【type = 6】 @ https://yurigarden.com/assets/index-LUNgUZnA.js:16
[  854440ms] [WARNING] You don't have permission to use DEVTOOL!【type = 6】 @ https://yurigarden.com/assets/index-LUNgUZnA.js:16
[  854938ms] [WARNING] You don't have permission to use DEVTOOL!【type = 6】 @ https://yurigarden.com/assets/index-LUNgUZnA.js:16
[  855438ms] [WARNING] You don't have permission to use DEVTOOL!【type = 6】 @ https://yurigarden.com/assets/index-LUNgUZnA.js:16
[  855937ms] [WARNING] You don't have permission to use DEVTOOL!【type = 6】 @ https://yurigarden.com/assets/index-LUNgUZnA.js:16
[  856441ms] [WARNING] You don't have permission to use DEVTOOL!【type = 6】 @ https://yurigarden.com/assets/index-LUNgUZnA.js:16
[  856943ms] [WARNING] You don't have permission to use DEVTOOL!【type = 6】 @ https://yurigarden.com/assets/index-LUNgUZnA.js:16
[  857440ms] [WARNING] You don't have permission to use DEVTOOL!【type = 6】 @ https://yurigarden.com/assets/index-LUNgUZnA.js:16
[  857941ms] [WARNING] You don't have permission to use DEVTOOL!【type = 6】 @ https://yurigarden.com/assets/index-LUNgUZnA.js:16
[  858442ms] [WARNING] You don't have permission to use DEVTOOL!【type = 6】 @ https://yurigarden.com/assets/index-LUNgUZnA.js:16
[  858937ms] [WARNING] You don't have permission to use DEVTOOL!【type = 6】 @ https://yurigarden.com/assets/index-LUNgUZnA.js:16
[  859432ms] [WARNING] You don't have permission to use DEVTOOL!【type = 6】 @ https://yurigarden.com/assets/index-LUNgUZnA.js:16
[  859938ms] [WARNING] You don't have permission to use DEVTOOL!【type = 6】 @ https://yurigarden.com/assets/index-LUNgUZnA.js:16
[  860431ms] [WARNING] You don't have permission to use DEVTOOL!【type = 6】 @ https://yurigarden.com/assets/index-LUNgUZnA.js:16
[  860935ms] [WARNING] You don't have permission to use DEVTOOL!【type = 6】 @ https://yurigarden.com/assets/index-LUNgUZnA.js:16
[  861433ms] [WARNING] You don't have permission to use DEVTOOL!【type = 6】 @ https://yurigarden.com/assets/index-LUNgUZnA.js:16
[  861935ms] [WARNING] You don't have permission to use DEVTOOL!【type = 6】 @ https://yurigarden.com/assets/index-LUNgUZnA.js:16
[  862439ms] [WARNING] You don't have permission to use DEVTOOL!【type = 6】 @ https://yurigarden.com/assets/index-LUNgUZnA.js:16
[  862947ms] [WARNING] You don't have permission to use DEVTOOL!【type = 6】 @ https://yurigarden.com/assets/index-LUNgUZnA.js:16
[  863445ms] [WARNING] You don't have permission to use DEVTOOL!【type = 6】 @ https://yurigarden.com/assets/index-LUNgUZnA.js:16
[  863938ms] [WARNING] You don't have permission to use DEVTOOL!【type = 6】 @ https://yurigarden.com/assets/index-LUNgUZnA.js:16
[  864434ms] [WARNING] You don't have permission to use DEVTOOL!【type = 6】 @ https://yurigarden.com/assets/index-LUNgUZnA.js:16
[  864940ms] [WARNING] You don't have permission to use DEVTOOL!【type = 6】 @ https://yurigarden.com/assets/index-LUNgUZnA.js:16
[  865431ms] [WARNING] You don't have permission to use DEVTOOL!【type = 6】 @ https://yurigarden.com/assets/index-LUNgUZnA.js:16
[  865927ms] [WARNING] You don't have permission to use DEVTOOL!【type = 6】 @ https://yurigarden.com/assets/index-LUNgUZnA.js:16
[  866440ms] [WARNING] You don't have permission to use DEVTOOL!【type = 6】 @ https://yurigarden.com/assets/index-LUNgUZnA.js:16
[  866943ms] [WARNING] You don't have permission to use DEVTOOL!【type = 6】 @ https://yurigarden.com/assets/index-LUNgUZnA.js:16
[  867438ms] [WARNING] You don't have permission to use DEVTOOL!【type = 6】 @ https://yurigarden.com/assets/index-LUNgUZnA.js:16
[  867938ms] [WARNING] You don't have permission to use DEVTOOL!【type = 6】 @ https://yurigarden.com/assets/index-LUNgUZnA.js:16
[  868441ms] [WARNING] You don't have permission to use DEVTOOL!【type = 6】 @ https://yurigarden.com/assets/index-LUNgUZnA.js:16
[  868933ms] [WARNING] You don't have permission to use DEVTOOL!【type = 6】 @ https://yurigarden.com/assets/index-LUNgUZnA.js:16
[  869438ms] [WARNING] You don't have permission to use DEVTOOL!【type = 6】 @ https://yurigarden.com/assets/index-LUNgUZnA.js:16
[  869938ms] [WARNING] You don't have permission to use DEVTOOL!【type = 6】 @ https://yurigarden.com/assets/index-LUNgUZnA.js:16
[  870437ms] [WARNING] You don't have permission to use DEVTOOL!【type = 6】 @ https://yurigarden.com/assets/index-LUNgUZnA.js:16
[  870941ms] [WARNING] You don't have permission to use DEVTOOL!【type = 6】 @ https://yurigarden.com/assets/index-LUNgUZnA.js:16
[  871434ms] [WARNING] You don't have permission to use DEVTOOL!【type = 6】 @ https://yurigarden.com/assets/index-LUNgUZnA.js:16
[  871936ms] [WARNING] You don't have permission to use DEVTOOL!【type = 6】 @ https://yurigarden.com/assets/index-LUNgUZnA.js:16
[  872445ms] [WARNING] You don't have permission to use DEVTOOL!【type = 6】 @ https://yurigarden.com/assets/index-LUNgUZnA.js:16
[  872941ms] [WARNING] You don't have permission to use DEVTOOL!【type = 6】 @ https://yurigarden.com/assets/index-LUNgUZnA.js:16
[  873444ms] [WARNING] You don't have permission to use DEVTOOL!【type = 6】 @ https://yurigarden.com/assets/index-LUNgUZnA.js:16
[  873942ms] [WARNING] You don't have permission to use DEVTOOL!【type = 6】 @ https://yurigarden.com/assets/index-LUNgUZnA.js:16
[  874441ms] [WARNING] You don't have permission to use DEVTOOL!【type = 6】 @ https://yurigarden.com/assets/index-LUNgUZnA.js:16
[  874937ms] [WARNING] You don't have permission to use DEVTOOL!【type = 6】 @ https://yurigarden.com/assets/index-LUNgUZnA.js:16
[  875441ms] [WARNING] You don't have permission to use DEVTOOL!【type = 6】 @ https://yurigarden.com/assets/index-LUNgUZnA.js:16
[  875937ms] [WARNING] You don't have permission to use DEVTOOL!【type = 6】 @ https://yurigarden.com/assets/index-LUNgUZnA.js:16
[  876440ms] [WARNING] You don't have permission to use DEVTOOL!【type = 6】 @ https://yurigarden.com/assets/index-LUNgUZnA.js:16
[  876932ms] [WARNING] You don't have permission to use DEVTOOL!【type = 6】 @ https://yurigarden.com/assets/index-LUNgUZnA.js:16
[  877444ms] [WARNING] You don't have permission to use DEVTOOL!【type = 6】 @ https://yurigarden.com/assets/index-LUNgUZnA.js:16
[  877944ms] [WARNING] You don't have permission to use DEVTOOL!【type = 6】 @ https://yurigarden.com/assets/index-LUNgUZnA.js:16
[  878445ms] [WARNING] You don't have permission to use DEVTOOL!【type = 6】 @ https://yurigarden.com/assets/index-LUNgUZnA.js:16
[  878941ms] [WARNING] You don't have permission to use DEVTOOL!【type = 6】 @ https://yurigarden.com/assets/index-LUNgUZnA.js:16
[  879445ms] [WARNING] You don't have permission to use DEVTOOL!【type = 6】 @ https://yurigarden.com/assets/index-LUNgUZnA.js:16
[  879939ms] [WARNING] You don't have permission to use DEVTOOL!【type = 6】 @ https://yurigarden.com/assets/index-LUNgUZnA.js:16
[  880442ms] [WARNING] You don't have permission to use DEVTOOL!【type = 6】 @ https://yurigarden.com/assets/index-LUNgUZnA.js:16
[  880942ms] [WARNING] You don't have permission to use DEVTOOL!【type = 6】 @ https://yurigarden.com/assets/index-LUNgUZnA.js:16
[  881438ms] [WARNING] You don't have permission to use DEVTOOL!【type = 6】 @ https://yurigarden.com/assets/index-LUNgUZnA.js:16
[  881944ms] [WARNING] You don't have permission to use DEVTOOL!【type = 6】 @ https://yurigarden.com/assets/index-LUNgUZnA.js:16
[  882438ms] [WARNING] You don't have permission to use DEVTOOL!【type = 6】 @ https://yurigarden.com/assets/index-LUNgUZnA.js:16
[  882944ms] [WARNING] You don't have permission to use DEVTOOL!【type = 6】 @ https://yurigarden.com/assets/index-LUNgUZnA.js:16
[  883446ms] [WARNING] You don't have permission to use DEVTOOL!【type = 6】 @ https://yurigarden.com/assets/index-LUNgUZnA.js:16
[  883947ms] [WARNING] You don't have permission to use DEVTOOL!【type = 6】 @ https://yurigarden.com/assets/index-LUNgUZnA.js:16
[  884453ms] [WARNING] You don't have permission to use DEVTOOL!【type = 6】 @ https://yurigarden.com/assets/index-LUNgUZnA.js:16
[  884942ms] [WARNING] You don't have permission to use DEVTOOL!【type = 6】 @ https://yurigarden.com/assets/index-LUNgUZnA.js:16
[  885436ms] [WARNING] You don't have permission to use DEVTOOL!【type = 6】 @ https://yurigarden.com/assets/index-LUNgUZnA.js:16
[  885937ms] [WARNING] You don't have permission to use DEVTOOL!【type = 6】 @ https://yurigarden.com/assets/index-LUNgUZnA.js:16
[  886438ms] [WARNING] You don't have permission to use DEVTOOL!【type = 6】 @ https://yurigarden.com/assets/index-LUNgUZnA.js:16
[  886933ms] [WARNING] You don't have permission to use DEVTOOL!【type = 6】 @ https://yurigarden.com/assets/index-LUNgUZnA.js:16
[  887440ms] [WARNING] You don't have permission to use DEVTOOL!【type = 6】 @ https://yurigarden.com/assets/index-LUNgUZnA.js:16
[  887941ms] [WARNING] You don't have permission to use DEVTOOL!【type = 6】 @ https://yurigarden.com/assets/index-LUNgUZnA.js:16
[  888442ms] [WARNING] You don't have permission to use DEVTOOL!【type = 6】 @ https://yurigarden.com/assets/index-LUNgUZnA.js:16
[  888943ms] [WARNING] You don't have permission to use DEVTOOL!【type = 6】 @ https://yurigarden.com/assets/index-LUNgUZnA.js:16
[  889441ms] [WARNING] You don't have permission to use DEVTOOL!【type = 6】 @ https://yurigarden.com/assets/index-LUNgUZnA.js:16
[  889939ms] [WARNING] You don't have permission to use DEVTOOL!【type = 6】 @ https://yurigarden.com/assets/index-LUNgUZnA.js:16
[  890432ms] [WARNING] You don't have permission to use DEVTOOL!【type = 6】 @ https://yurigarden.com/assets/index-LUNgUZnA.js:16
[  890941ms] [WARNING] You don't have permission to use DEVTOOL!【type = 6】 @ https://yurigarden.com/assets/index-LUNgUZnA.js:16
[  891437ms] [WARNING] You don't have permission to use DEVTOOL!【type = 6】 @ https://yurigarden.com/assets/index-LUNgUZnA.js:16
[  891940ms] [WARNING] You don't have permission to use DEVTOOL!【type = 6】 @ https://yurigarden.com/assets/index-LUNgUZnA.js:16
[  892437ms] [WARNING] You don't have permission to use DEVTOOL!【type = 6】 @ https://yurigarden.com/assets/index-LUNgUZnA.js:16
[  892939ms] [WARNING] You don't have permission to use DEVTOOL!【type = 6】 @ https://yurigarden.com/assets/index-LUNgUZnA.js:16
[  893441ms] [WARNING] You don't have permission to use DEVTOOL!【type = 6】 @ https://yurigarden.com/assets/index-LUNgUZnA.js:16
[  893939ms] [WARNING] You don't have permission to use DEVTOOL!【type = 6】 @ https://yurigarden.com/assets/index-LUNgUZnA.js:16
[  894440ms] [WARNING] You don't have permission to use DEVTOOL!【type = 6】 @ https://yurigarden.com/assets/index-LUNgUZnA.js:16
[  894936ms] [WARNING] You don't have permission to use DEVTOOL!【type = 6】 @ https://yurigarden.com/assets/index-LUNgUZnA.js:16
[  895433ms] [WARNING] You don't have permission to use DEVTOOL!【type = 6】 @ https://yurigarden.com/assets/index-LUNgUZnA.js:16
[  895934ms] [WARNING] You don't have permission to use DEVTOOL!【type = 6】 @ https://yurigarden.com/assets/index-LUNgUZnA.js:16
[  896431ms] [WARNING] You don't have permission to use DEVTOOL!【type = 6】 @ https://yurigarden.com/assets/index-LUNgUZnA.js:16
[  896933ms] [WARNING] You don't have permission to use DEVTOOL!【type = 6】 @ https://yurigarden.com/assets/index-LUNgUZnA.js:16
[  897435ms] [WARNING] You don't have permission to use DEVTOOL!【type = 6】 @ https://yurigarden.com/assets/index-LUNgUZnA.js:16
[  897934ms] [WARNING] You don't have permission to use DEVTOOL!【type = 6】 @ https://yurigarden.com/assets/index-LUNgUZnA.js:16
[  898438ms] [WARNING] You don't have permission to use DEVTOOL!【type = 6】 @ https://yurigarden.com/assets/index-LUNgUZnA.js:16
[  898937ms] [WARNING] You don't have permission to use DEVTOOL!【type = 6】 @ https://yurigarden.com/assets/index-LUNgUZnA.js:16
[  899440ms] [WARNING] You don't have permission to use DEVTOOL!【type = 6】 @ https://yurigarden.com/assets/index-LUNgUZnA.js:16
[  899936ms] [WARNING] You don't have permission to use DEVTOOL!【type = 6】 @ https://yurigarden.com/assets/index-LUNgUZnA.js:16
[  900441ms] [WARNING] You don't have permission to use DEVTOOL!【type = 6】 @ https://yurigarden.com/assets/index-LUNgUZnA.js:16
[  900937ms] [WARNING] You don't have permission to use DEVTOOL!【type = 6】 @ https://yurigarden.com/assets/index-LUNgUZnA.js:16
[  901436ms] [WARNING] You don't have permission to use DEVTOOL!【type = 6】 @ https://yurigarden.com/assets/index-LUNgUZnA.js:16
[  901939ms] [WARNING] You don't have permission to use DEVTOOL!【type = 6】 @ https://yurigarden.com/assets/index-LUNgUZnA.js:16
[  902441ms] [WARNING] You don't have permission to use DEVTOOL!【type = 6】 @ https://yurigarden.com/assets/index-LUNgUZnA.js:16
[  902938ms] [WARNING] You don't have permission to use DEVTOOL!【type = 6】 @ https://yurigarden.com/assets/index-LUNgUZnA.js:16
[  903440ms] [WARNING] You don't have permission to use DEVTOOL!【type = 6】 @ https://yurigarden.com/assets/index-LUNgUZnA.js:16
[  903941ms] [WARNING] You don't have permission to use DEVTOOL!【type = 6】 @ https://yurigarden.com/assets/index-LUNgUZnA.js:16
[  904441ms] [WARNING] You don't have permission to use DEVTOOL!【type = 6】 @ https://yurigarden.com/assets/index-LUNgUZnA.js:16
[  904941ms] [WARNING] You don't have permission to use DEVTOOL!【type = 6】 @ https://yurigarden.com/assets/index-LUNgUZnA.js:16
[  905438ms] [WARNING] You don't have permission to use DEVTOOL!【type = 6】 @ https://yurigarden.com/assets/index-LUNgUZnA.js:16
[  905938ms] [WARNING] You don't have permission to use DEVTOOL!【type = 6】 @ https://yurigarden.com/assets/index-LUNgUZnA.js:16
[  906440ms] [WARNING] You don't have permission to use DEVTOOL!【type = 6】 @ https://yurigarden.com/assets/index-LUNgUZnA.js:16
[  906937ms] [WARNING] You don't have permission to use DEVTOOL!【type = 6】 @ https://yurigarden.com/assets/index-LUNgUZnA.js:16
[  907439ms] [WARNING] You don't have permission to use DEVTOOL!【type = 6】 @ https://yurigarden.com/assets/index-LUNgUZnA.js:16
[  907943ms] [WARNING] You don't have permission to use DEVTOOL!【type = 6】 @ https://yurigarden.com/assets/index-LUNgUZnA.js:16
[  908442ms] [WARNING] You don't have permission to use DEVTOOL!【type = 6】 @ https://yurigarden.com/assets/index-LUNgUZnA.js:16
[  908942ms] [WARNING] You don't have permission to use DEVTOOL!【type = 6】 @ https://yurigarden.com/assets/index-LUNgUZnA.js:16
[  909443ms] [WARNING] You don't have permission to use DEVTOOL!【type = 6】 @ https://yurigarden.com/assets/index-LUNgUZnA.js:16
[  909943ms] [WARNING] You don't have permission to use DEVTOOL!【type = 6】 @ https://yurigarden.com/assets/index-LUNgUZnA.js:16
[  910442ms] [WARNING] You don't have permission to use DEVTOOL!【type = 6】 @ https://yurigarden.com/assets/index-LUNgUZnA.js:16
[  910940ms] [WARNING] You don't have permission to use DEVTOOL!【type = 6】 @ https://yurigarden.com/assets/index-LUNgUZnA.js:16
[  911443ms] [WARNING] You don't have permission to use DEVTOOL!【type = 6】 @ https://yurigarden.com/assets/index-LUNgUZnA.js:16
[  911946ms] [WARNING] You don't have permission to use DEVTOOL!【type = 6】 @ https://yurigarden.com/assets/index-LUNgUZnA.js:16
[  912441ms] [WARNING] You don't have permission to use DEVTOOL!【type = 6】 @ https://yurigarden.com/assets/index-LUNgUZnA.js:16
[  912937ms] [WARNING] You don't have permission to use DEVTOOL!【type = 6】 @ https://yurigarden.com/assets/index-LUNgUZnA.js:16
[  913445ms] [WARNING] You don't have permission to use DEVTOOL!【type = 6】 @ https://yurigarden.com/assets/index-LUNgUZnA.js:16
[  913939ms] [WARNING] You don't have permission to use DEVTOOL!【type = 6】 @ https://yurigarden.com/assets/index-LUNgUZnA.js:16
[  914442ms] [WARNING] You don't have permission to use DEVTOOL!【type = 6】 @ https://yurigarden.com/assets/index-LUNgUZnA.js:16
[  914937ms] [WARNING] You don't have permission to use DEVTOOL!【type = 6】 @ https://yurigarden.com/assets/index-LUNgUZnA.js:16
[  915440ms] [WARNING] You don't have permission to use DEVTOOL!【type = 6】 @ https://yurigarden.com/assets/index-LUNgUZnA.js:16
[  915935ms] [WARNING] You don't have permission to use DEVTOOL!【type = 6】 @ https://yurigarden.com/assets/index-LUNgUZnA.js:16
[  916435ms] [WARNING] You don't have permission to use DEVTOOL!【type = 6】 @ https://yurigarden.com/assets/index-LUNgUZnA.js:16
[  916936ms] [WARNING] You don't have permission to use DEVTOOL!【type = 6】 @ https://yurigarden.com/assets/index-LUNgUZnA.js:16
[  917442ms] [WARNING] You don't have permission to use DEVTOOL!【type = 6】 @ https://yurigarden.com/assets/index-LUNgUZnA.js:16
[  917940ms] [WARNING] You don't have permission to use DEVTOOL!【type = 6】 @ https://yurigarden.com/assets/index-LUNgUZnA.js:16
[  918430ms] [WARNING] You don't have permission to use DEVTOOL!【type = 6】 @ https://yurigarden.com/assets/index-LUNgUZnA.js:16
[  918939ms] [WARNING] You don't have permission to use DEVTOOL!【type = 6】 @ https://yurigarden.com/assets/index-LUNgUZnA.js:16
[  919435ms] [WARNING] You don't have permission to use DEVTOOL!【type = 6】 @ https://yurigarden.com/assets/index-LUNgUZnA.js:16
[  919940ms] [WARNING] You don't have permission to use DEVTOOL!【type = 6】 @ https://yurigarden.com/assets/index-LUNgUZnA.js:16
[  920442ms] [WARNING] You don't have permission to use DEVTOOL!【type = 6】 @ https://yurigarden.com/assets/index-LUNgUZnA.js:16
[  920935ms] [WARNING] You don't have permission to use DEVTOOL!【type = 6】 @ https://yurigarden.com/assets/index-LUNgUZnA.js:16
[  921437ms] [WARNING] You don't have permission to use DEVTOOL!【type = 6】 @ https://yurigarden.com/assets/index-LUNgUZnA.js:16
[  921943ms] [WARNING] You don't have permission to use DEVTOOL!【type = 6】 @ https://yurigarden.com/assets/index-LUNgUZnA.js:16
[  922428ms] [WARNING] You don't have permission to use DEVTOOL!【type = 6】 @ https://yurigarden.com/assets/index-LUNgUZnA.js:16
[  922943ms] [WARNING] You don't have permission to use DEVTOOL!【type = 6】 @ https://yurigarden.com/assets/index-LUNgUZnA.js:16
[  923439ms] [WARNING] You don't have permission to use DEVTOOL!【type = 6】 @ https://yurigarden.com/assets/index-LUNgUZnA.js:16
[  923936ms] [WARNING] You don't have permission to use DEVTOOL!【type = 6】 @ https://yurigarden.com/assets/index-LUNgUZnA.js:16
[  924447ms] [WARNING] You don't have permission to use DEVTOOL!【type = 6】 @ https://yurigarden.com/assets/index-LUNgUZnA.js:16
[  924931ms] [WARNING] You don't have permission to use DEVTOOL!【type = 6】 @ https://yurigarden.com/assets/index-LUNgUZnA.js:16
[  925440ms] [WARNING] You don't have permission to use DEVTOOL!【type = 6】 @ https://yurigarden.com/assets/index-LUNgUZnA.js:16
[  925937ms] [WARNING] You don't have permission to use DEVTOOL!【type = 6】 @ https://yurigarden.com/assets/index-LUNgUZnA.js:16
[  926439ms] [WARNING] You don't have permission to use DEVTOOL!【type = 6】 @ https://yurigarden.com/assets/index-LUNgUZnA.js:16
[  926936ms] [WARNING] You don't have permission to use DEVTOOL!【type = 6】 @ https://yurigarden.com/assets/index-LUNgUZnA.js:16
[  927442ms] [WARNING] You don't have permission to use DEVTOOL!【type = 6】 @ https://yurigarden.com/assets/index-LUNgUZnA.js:16
[  927945ms] [WARNING] You don't have permission to use DEVTOOL!【type = 6】 @ https://yurigarden.com/assets/index-LUNgUZnA.js:16
[  928442ms] [WARNING] You don't have permission to use DEVTOOL!【type = 6】 @ https://yurigarden.com/assets/index-LUNgUZnA.js:16
[  928937ms] [WARNING] You don't have permission to use DEVTOOL!【type = 6】 @ https://yurigarden.com/assets/index-LUNgUZnA.js:16
[  929440ms] [WARNING] You don't have permission to use DEVTOOL!【type = 6】 @ https://yurigarden.com/assets/index-LUNgUZnA.js:16
[  929939ms] [WARNING] You don't have permission to use DEVTOOL!【type = 6】 @ https://yurigarden.com/assets/index-LUNgUZnA.js:16
[  930435ms] [WARNING] You don't have permission to use DEVTOOL!【type = 6】 @ https://yurigarden.com/assets/index-LUNgUZnA.js:16
[  930934ms] [WARNING] You don't have permission to use DEVTOOL!【type = 6】 @ https://yurigarden.com/assets/index-LUNgUZnA.js:16
[  931436ms] [WARNING] You don't have permission to use DEVTOOL!【type = 6】 @ https://yurigarden.com/assets/index-LUNgUZnA.js:16
[  931942ms] [WARNING] You don't have permission to use DEVTOOL!【type = 6】 @ https://yurigarden.com/assets/index-LUNgUZnA.js:16
[  932442ms] [WARNING] You don't have permission to use DEVTOOL!【type = 6】 @ https://yurigarden.com/assets/index-LUNgUZnA.js:16
[  932938ms] [WARNING] You don't have permission to use DEVTOOL!【type = 6】 @ https://yurigarden.com/assets/index-LUNgUZnA.js:16
[  933437ms] [WARNING] You don't have permission to use DEVTOOL!【type = 6】 @ https://yurigarden.com/assets/index-LUNgUZnA.js:16
[  933942ms] [WARNING] You don't have permission to use DEVTOOL!【type = 6】 @ https://yurigarden.com/assets/index-LUNgUZnA.js:16
[  934439ms] [WARNING] You don't have permission to use DEVTOOL!【type = 6】 @ https://yurigarden.com/assets/index-LUNgUZnA.js:16
[  934940ms] [WARNING] You don't have permission to use DEVTOOL!【type = 6】 @ https://yurigarden.com/assets/index-LUNgUZnA.js:16
[  935442ms] [WARNING] You don't have permission to use DEVTOOL!【type = 6】 @ https://yurigarden.com/assets/index-LUNgUZnA.js:16
[  935942ms] [WARNING] You don't have permission to use DEVTOOL!【type = 6】 @ https://yurigarden.com/assets/index-LUNgUZnA.js:16
[  936441ms] [WARNING] You don't have permission to use DEVTOOL!【type = 6】 @ https://yurigarden.com/assets/index-LUNgUZnA.js:16
[  936941ms] [WARNING] You don't have permission to use DEVTOOL!【type = 6】 @ https://yurigarden.com/assets/index-LUNgUZnA.js:16
[  937436ms] [WARNING] You don't have permission to use DEVTOOL!【type = 6】 @ https://yurigarden.com/assets/index-LUNgUZnA.js:16
