[     943ms] [ERROR] Failed to load resource: the server responded with a status of 403 () @ https://api.yurigarden.com/api/chapters/pages/9338:0
[    1645ms] [ERROR] %c%d font-size:0;color:transparent NaN @ https://challenges.cloudflare.com/cdn-cgi/challenge-platform/h/g/turnstile/f/ov2/av0/rch/amz8d/0x4AAAAAACrUOI5kTSfB5cnB/auto/fbE/new/normal?lang=auto:0
[    1645ms] [ERROR] %c%d font-size:0;color:transparent NaN @ https://challenges.cloudflare.com/cdn-cgi/challenge-platform/h/g/turnstile/f/ov2/av0/rch/amz8d/0x4AAAAAACrUOI5kTSfB5cnB/auto/fbE/new/normal?lang=auto:0
[    1652ms] [WARNING] %c%d font-size:0;color:transparent NaN @ https://challenges.cloudflare.com/cdn-cgi/challenge-platform/h/g/turnstile/f/ov2/av0/rch/amz8d/0x4AAAAAACrUOI5kTSfB5cnB/auto/fbE/new/normal?lang=auto:0
[    1652ms] [WARNING] %c%d font-size:0;color:transparent NaN @ https://challenges.cloudflare.com/cdn-cgi/challenge-platform/h/g/turnstile/f/ov2/av0/rch/amz8d/0x4AAAAAACrUOI5kTSfB5cnB/auto/fbE/new/normal?lang=auto:0
[    1776ms] [WARNING] You don't have permission to use DEVTOOL!【type = 6】 @ https://yurigarden.com/assets/index-CUTVLur8.js:16
[    1806ms] [ERROR]  Note that 'script-src' was not explicitly set, so 'default-src' is used as a fallback. @ https://challenges.cloudflare.com/cdn-cgi/challenge-platform/h/g/turnstile/f/ov2/av0/rch/amz8d/0x4AAAAAACrUOI5kTSfB5cnB/auto/fbE/new/normal?lang=auto:0
[    2198ms] [WARNING] You don't have permission to use DEVTOOL!【type = 6】 @ https://yurigarden.com/assets/index-CUTVLur8.js:16
[    2675ms] [WARNING] You don't have permission to use DEVTOOL!【type = 6】 @ https://yurigarden.com/assets/index-CUTVLur8.js:16
[    3177ms] [WARNING] You don't have permission to use DEVTOOL!【type = 6】 @ https://yurigarden.com/assets/index-CUTVLur8.js:16
[    3675ms] [WARNING] You don't have permission to use DEVTOOL!【type = 6】 @ https://yurigarden.com/assets/index-CUTVLur8.js:16
[    4181ms] [WARNING] You don't have permission to use DEVTOOL!【type = 6】 @ https://yurigarden.com/assets/index-CUTVLur8.js:16
[    4679ms] [WARNING] You don't have permission to use DEVTOOL!【type = 6】 @ https://yurigarden.com/assets/index-CUTVLur8.js:16
[    5182ms] [WARNING] You don't have permission to use DEVTOOL!【type = 6】 @ https://yurigarden.com/assets/index-CUTVLur8.js:16
[    5681ms] [WARNING] You don't have permission to use DEVTOOL!【type = 6】 @ https://yurigarden.com/assets/index-CUTVLur8.js:16
[    6177ms] [WARNING] You don't have permission to use DEVTOOL!【type = 6】 @ https://yurigarden.com/assets/index-CUTVLur8.js:16
[    6677ms] [WARNING] You don't have permission to use DEVTOOL!【type = 6】 @ https://yurigarden.com/assets/index-CUTVLur8.js:16
[    7184ms] [WARNING] You don't have permission to use DEVTOOL!【type = 6】 @ https://yurigarden.com/assets/index-CUTVLur8.js:16
[    7686ms] [WARNING] You don't have permission to use DEVTOOL!【type = 6】 @ https://yurigarden.com/assets/index-CUTVLur8.js:16
[    8185ms] [WARNING] You don't have permission to use DEVTOOL!【type = 6】 @ https://yurigarden.com/assets/index-CUTVLur8.js:16
[    8684ms] [WARNING] You don't have permission to use DEVTOOL!【type = 6】 @ https://yurigarden.com/assets/index-CUTVLur8.js:16
[    9182ms] [WARNING] You don't have permission to use DEVTOOL!【type = 6】 @ https://yurigarden.com/assets/index-CUTVLur8.js:16
[    9674ms] [WARNING] You don't have permission to use DEVTOOL!【type = 6】 @ https://yurigarden.com/assets/index-CUTVLur8.js:16
[   10180ms] [WARNING] You don't have permission to use DEVTOOL!【type = 6】 @ https://yurigarden.com/assets/index-CUTVLur8.js:16
[   10681ms] [WARNING] You don't have permission to use DEVTOOL!【type = 6】 @ https://yurigarden.com/assets/index-CUTVLur8.js:16
[   11175ms] [WARNING] You don't have permission to use DEVTOOL!【type = 6】 @ https://yurigarden.com/assets/index-CUTVLur8.js:16
[   11678ms] [WARNING] You don't have permission to use DEVTOOL!【type = 6】 @ https://yurigarden.com/assets/index-CUTVLur8.js:16
[   12185ms] [WARNING] You don't have permission to use DEVTOOL!【type = 6】 @ https://yurigarden.com/assets/index-CUTVLur8.js:16
[   12693ms] [WARNING] You don't have permission to use DEVTOOL!【type = 6】 @ https://yurigarden.com/assets/index-CUTVLur8.js:16
[   13190ms] [WARNING] You don't have permission to use DEVTOOL!【type = 6】 @ https://yurigarden.com/assets/index-CUTVLur8.js:16
[   13679ms] [WARNING] You don't have permission to use DEVTOOL!【type = 6】 @ https://yurigarden.com/assets/index-CUTVLur8.js:16
[   14188ms] [WARNING] You don't have permission to use DEVTOOL!【type = 6】 @ https://yurigarden.com/assets/index-CUTVLur8.js:16
[   14681ms] [WARNING] You don't have permission to use DEVTOOL!【type = 6】 @ https://yurigarden.com/assets/index-CUTVLur8.js:16
[   15175ms] [WARNING] You don't have permission to use DEVTOOL!【type = 6】 @ https://yurigarden.com/assets/index-CUTVLur8.js:16
[   15681ms] [WARNING] You don't have permission to use DEVTOOL!【type = 6】 @ https://yurigarden.com/assets/index-CUTVLur8.js:16
[   16186ms] [WARNING] You don't have permission to use DEVTOOL!【type = 6】 @ https://yurigarden.com/assets/index-CUTVLur8.js:16
[   16683ms] [WARNING] You don't have permission to use DEVTOOL!【type = 6】 @ https://yurigarden.com/assets/index-CUTVLur8.js:16
[   17180ms] [WARNING] You don't have permission to use DEVTOOL!【type = 6】 @ https://yurigarden.com/assets/index-CUTVLur8.js:16
[   17695ms] [WARNING] You don't have permission to use DEVTOOL!【type = 6】 @ https://yurigarden.com/assets/index-CUTVLur8.js:16
[   18186ms] [WARNING] You don't have permission to use DEVTOOL!【type = 6】 @ https://yurigarden.com/assets/index-CUTVLur8.js:16
[   19700ms] [WARNING] You don't have permission to use DEVTOOL!【type = 6】 @ https://yurigarden.com/assets/index-CUTVLur8.js:16
[   19723ms] [ERROR] Failed to load resource: the server responded with a status of 403 (Forbidden) @ https://api.yurigarden.com/api/chapters/pages/9338:0
[   20164ms] [WARNING] You don't have permission to use DEVTOOL!【type = 6】 @ https://yurigarden.com/assets/index-CUTVLur8.js:16
[   20609ms] [WARNING] You don't have permission to use DEVTOOL!【type = 6】 @ https://yurigarden.com/assets/index-CUTVLur8.js:16
[   21092ms] [WARNING] You don't have permission to use DEVTOOL!【type = 6】 @ https://yurigarden.com/assets/index-CUTVLur8.js:16
[   21596ms] [WARNING] You don't have permission to use DEVTOOL!【type = 6】 @ https://yurigarden.com/assets/index-CUTVLur8.js:16
[   22095ms] [WARNING] You don't have permission to use DEVTOOL!【type = 6】 @ https://yurigarden.com/assets/index-CUTVLur8.js:16
[   22596ms] [WARNING] You don't have permission to use DEVTOOL!【type = 6】 @ https://yurigarden.com/assets/index-CUTVLur8.js:16
[   23091ms] [WARNING] You don't have permission to use DEVTOOL!【type = 6】 @ https://yurigarden.com/assets/index-CUTVLur8.js:16
[   23596ms] [WARNING] You don't have permission to use DEVTOOL!【type = 6】 @ https://yurigarden.com/assets/index-CUTVLur8.js:16
[   24091ms] [WARNING] You don't have permission to use DEVTOOL!【type = 6】 @ https://yurigarden.com/assets/index-CUTVLur8.js:16
[   24591ms] [WARNING] You don't have permission to use DEVTOOL!【type = 6】 @ https://yurigarden.com/assets/index-CUTVLur8.js:16
[   25096ms] [WARNING] You don't have permission to use DEVTOOL!【type = 6】 @ https://yurigarden.com/assets/index-CUTVLur8.js:16
[   25599ms] [WARNING] You don't have permission to use DEVTOOL!【type = 6】 @ https://yurigarden.com/assets/index-CUTVLur8.js:16
[   26089ms] [WARNING] You don't have permission to use DEVTOOL!【type = 6】 @ https://yurigarden.com/assets/index-CUTVLur8.js:16
[   26594ms] [WARNING] You don't have permission to use DEVTOOL!【type = 6】 @ https://yurigarden.com/assets/index-CUTVLur8.js:16
[   27099ms] [WARNING] You don't have permission to use DEVTOOL!【type = 6】 @ https://yurigarden.com/assets/index-CUTVLur8.js:16
[   27607ms] [WARNING] You don't have permission to use DEVTOOL!【type = 6】 @ https://yurigarden.com/assets/index-CUTVLur8.js:16
[   28096ms] [WARNING] You don't have permission to use DEVTOOL!【type = 6】 @ https://yurigarden.com/assets/index-CUTVLur8.js:16
[   28582ms] [WARNING] You don't have permission to use DEVTOOL!【type = 6】 @ https://yurigarden.com/assets/index-CUTVLur8.js:16
[   29086ms] [WARNING] You don't have permission to use DEVTOOL!【type = 6】 @ https://yurigarden.com/assets/index-CUTVLur8.js:16
[   29590ms] [WARNING] You don't have permission to use DEVTOOL!【type = 6】 @ https://yurigarden.com/assets/index-CUTVLur8.js:16
[   30089ms] [WARNING] You don't have permission to use DEVTOOL!【type = 6】 @ https://yurigarden.com/assets/index-CUTVLur8.js:16
[   30597ms] [WARNING] You don't have permission to use DEVTOOL!【type = 6】 @ https://yurigarden.com/assets/index-CUTVLur8.js:16
[   31091ms] [WARNING] You don't have permission to use DEVTOOL!【type = 6】 @ https://yurigarden.com/assets/index-CUTVLur8.js:16
[   31591ms] [WARNING] You don't have permission to use DEVTOOL!【type = 6】 @ https://yurigarden.com/assets/index-CUTVLur8.js:16
[   32088ms] [WARNING] You don't have permission to use DEVTOOL!【type = 6】 @ https://yurigarden.com/assets/index-CUTVLur8.js:16
[   32589ms] [WARNING] You don't have permission to use DEVTOOL!【type = 6】 @ https://yurigarden.com/assets/index-CUTVLur8.js:16
[   33085ms] [WARNING] You don't have permission to use DEVTOOL!【type = 6】 @ https://yurigarden.com/assets/index-CUTVLur8.js:16
[   33598ms] [WARNING] You don't have permission to use DEVTOOL!【type = 6】 @ https://yurigarden.com/assets/index-CUTVLur8.js:16
[   34091ms] [WARNING] You don't have permission to use DEVTOOL!【type = 6】 @ https://yurigarden.com/assets/index-CUTVLur8.js:16
[   34594ms] [WARNING] You don't have permission to use DEVTOOL!【type = 6】 @ https://yurigarden.com/assets/index-CUTVLur8.js:16
[   35083ms] [WARNING] You don't have permission to use DEVTOOL!【type = 6】 @ https://yurigarden.com/assets/index-CUTVLur8.js:16
[   35587ms] [WARNING] You don't have permission to use DEVTOOL!【type = 6】 @ https://yurigarden.com/assets/index-CUTVLur8.js:16
[   36086ms] [WARNING] You don't have permission to use DEVTOOL!【type = 6】 @ https://yurigarden.com/assets/index-CUTVLur8.js:16
[   36589ms] [WARNING] You don't have permission to use DEVTOOL!【type = 6】 @ https://yurigarden.com/assets/index-CUTVLur8.js:16
[   37093ms] [WARNING] You don't have permission to use DEVTOOL!【type = 6】 @ https://yurigarden.com/assets/index-CUTVLur8.js:16
[   37593ms] [WARNING] You don't have permission to use DEVTOOL!【type = 6】 @ https://yurigarden.com/assets/index-CUTVLur8.js:16
[   38094ms] [WARNING] You don't have permission to use DEVTOOL!【type = 6】 @ https://yurigarden.com/assets/index-CUTVLur8.js:16
[   38594ms] [WARNING] You don't have permission to use DEVTOOL!【type = 6】 @ https://yurigarden.com/assets/index-CUTVLur8.js:16
[   39093ms] [WARNING] You don't have permission to use DEVTOOL!【type = 6】 @ https://yurigarden.com/assets/index-CUTVLur8.js:16
[   39588ms] [WARNING] You don't have permission to use DEVTOOL!【type = 6】 @ https://yurigarden.com/assets/index-CUTVLur8.js:16
[   40096ms] [WARNING] You don't have permission to use DEVTOOL!【type = 6】 @ https://yurigarden.com/assets/index-CUTVLur8.js:16
[   40595ms] [WARNING] You don't have permission to use DEVTOOL!【type = 6】 @ https://yurigarden.com/assets/index-CUTVLur8.js:16
[   41093ms] [WARNING] You don't have permission to use DEVTOOL!【type = 6】 @ https://yurigarden.com/assets/index-CUTVLur8.js:16
[   41598ms] [WARNING] You don't have permission to use DEVTOOL!【type = 6】 @ https://yurigarden.com/assets/index-CUTVLur8.js:16
[   42093ms] [WARNING] You don't have permission to use DEVTOOL!【type = 6】 @ https://yurigarden.com/assets/index-CUTVLur8.js:16
[   42585ms] [WARNING] You don't have permission to use DEVTOOL!【type = 6】 @ https://yurigarden.com/assets/index-CUTVLur8.js:16
[   43090ms] [WARNING] You don't have permission to use DEVTOOL!【type = 6】 @ https://yurigarden.com/assets/index-CUTVLur8.js:16
[   43603ms] [WARNING] You don't have permission to use DEVTOOL!【type = 6】 @ https://yurigarden.com/assets/index-CUTVLur8.js:16
[   44093ms] [WARNING] You don't have permission to use DEVTOOL!【type = 6】 @ https://yurigarden.com/assets/index-CUTVLur8.js:16
[   44601ms] [WARNING] You don't have permission to use DEVTOOL!【type = 6】 @ https://yurigarden.com/assets/index-CUTVLur8.js:16
[   45096ms] [WARNING] You don't have permission to use DEVTOOL!【type = 6】 @ https://yurigarden.com/assets/index-CUTVLur8.js:16
[   45600ms] [WARNING] You don't have permission to use DEVTOOL!【type = 6】 @ https://yurigarden.com/assets/index-CUTVLur8.js:16
[   46097ms] [WARNING] You don't have permission to use DEVTOOL!【type = 6】 @ https://yurigarden.com/assets/index-CUTVLur8.js:16
[   46598ms] [WARNING] You don't have permission to use DEVTOOL!【type = 6】 @ https://yurigarden.com/assets/index-CUTVLur8.js:16
[   47099ms] [WARNING] You don't have permission to use DEVTOOL!【type = 6】 @ https://yurigarden.com/assets/index-CUTVLur8.js:16
[   47589ms] [WARNING] You don't have permission to use DEVTOOL!【type = 6】 @ https://yurigarden.com/assets/index-CUTVLur8.js:16
[   48091ms] [WARNING] You don't have permission to use DEVTOOL!【type = 6】 @ https://yurigarden.com/assets/index-CUTVLur8.js:16
[   48592ms] [WARNING] You don't have permission to use DEVTOOL!【type = 6】 @ https://yurigarden.com/assets/index-CUTVLur8.js:16
[   49089ms] [WARNING] You don't have permission to use DEVTOOL!【type = 6】 @ https://yurigarden.com/assets/index-CUTVLur8.js:16
[   49593ms] [WARNING] You don't have permission to use DEVTOOL!【type = 6】 @ https://yurigarden.com/assets/index-CUTVLur8.js:16
[   50088ms] [WARNING] You don't have permission to use DEVTOOL!【type = 6】 @ https://yurigarden.com/assets/index-CUTVLur8.js:16
[   50586ms] [WARNING] You don't have permission to use DEVTOOL!【type = 6】 @ https://yurigarden.com/assets/index-CUTVLur8.js:16
[   51093ms] [WARNING] You don't have permission to use DEVTOOL!【type = 6】 @ https://yurigarden.com/assets/index-CUTVLur8.js:16
[   51589ms] [WARNING] You don't have permission to use DEVTOOL!【type = 6】 @ https://yurigarden.com/assets/index-CUTVLur8.js:16
[   52090ms] [WARNING] You don't have permission to use DEVTOOL!【type = 6】 @ https://yurigarden.com/assets/index-CUTVLur8.js:16
[   52589ms] [WARNING] You don't have permission to use DEVTOOL!【type = 6】 @ https://yurigarden.com/assets/index-CUTVLur8.js:16
[   53089ms] [WARNING] You don't have permission to use DEVTOOL!【type = 6】 @ https://yurigarden.com/assets/index-CUTVLur8.js:16
[   53592ms] [WARNING] You don't have permission to use DEVTOOL!【type = 6】 @ https://yurigarden.com/assets/index-CUTVLur8.js:16
[   54092ms] [WARNING] You don't have permission to use DEVTOOL!【type = 6】 @ https://yurigarden.com/assets/index-CUTVLur8.js:16
[   54597ms] [WARNING] You don't have permission to use DEVTOOL!【type = 6】 @ https://yurigarden.com/assets/index-CUTVLur8.js:16
[   55089ms] [WARNING] You don't have permission to use DEVTOOL!【type = 6】 @ https://yurigarden.com/assets/index-CUTVLur8.js:16
[   55604ms] [WARNING] You don't have permission to use DEVTOOL!【type = 6】 @ https://yurigarden.com/assets/index-CUTVLur8.js:16
[   56093ms] [WARNING] You don't have permission to use DEVTOOL!【type = 6】 @ https://yurigarden.com/assets/index-CUTVLur8.js:16
[   56593ms] [WARNING] You don't have permission to use DEVTOOL!【type = 6】 @ https://yurigarden.com/assets/index-CUTVLur8.js:16
[   57091ms] [WARNING] You don't have permission to use DEVTOOL!【type = 6】 @ https://yurigarden.com/assets/index-CUTVLur8.js:16
[   57591ms] [WARNING] You don't have permission to use DEVTOOL!【type = 6】 @ https://yurigarden.com/assets/index-CUTVLur8.js:16
[   58093ms] [WARNING] You don't have permission to use DEVTOOL!【type = 6】 @ https://yurigarden.com/assets/index-CUTVLur8.js:16
[   58593ms] [WARNING] You don't have permission to use DEVTOOL!【type = 6】 @ https://yurigarden.com/assets/index-CUTVLur8.js:16
[   59103ms] [WARNING] You don't have permission to use DEVTOOL!【type = 6】 @ https://yurigarden.com/assets/index-CUTVLur8.js:16
[   59589ms] [WARNING] You don't have permission to use DEVTOOL!【type = 6】 @ https://yurigarden.com/assets/index-CUTVLur8.js:16
[   60099ms] [WARNING] You don't have permission to use DEVTOOL!【type = 6】 @ https://yurigarden.com/assets/index-CUTVLur8.js:16
[   60593ms] [WARNING] You don't have permission to use DEVTOOL!【type = 6】 @ https://yurigarden.com/assets/index-CUTVLur8.js:16
[   61089ms] [WARNING] You don't have permission to use DEVTOOL!【type = 6】 @ https://yurigarden.com/assets/index-CUTVLur8.js:16
[   61592ms] [WARNING] You don't have permission to use DEVTOOL!【type = 6】 @ https://yurigarden.com/assets/index-CUTVLur8.js:16
[   62096ms] [WARNING] You don't have permission to use DEVTOOL!【type = 6】 @ https://yurigarden.com/assets/index-CUTVLur8.js:16
[   62600ms] [WARNING] You don't have permission to use DEVTOOL!【type = 6】 @ https://yurigarden.com/assets/index-CUTVLur8.js:16
[   63092ms] [WARNING] You don't have permission to use DEVTOOL!【type = 6】 @ https://yurigarden.com/assets/index-CUTVLur8.js:16
[   63590ms] [WARNING] You don't have permission to use DEVTOOL!【type = 6】 @ https://yurigarden.com/assets/index-CUTVLur8.js:16
[   64089ms] [WARNING] You don't have permission to use DEVTOOL!【type = 6】 @ https://yurigarden.com/assets/index-CUTVLur8.js:16
[   64589ms] [WARNING] You don't have permission to use DEVTOOL!【type = 6】 @ https://yurigarden.com/assets/index-CUTVLur8.js:16
[   65098ms] [WARNING] You don't have permission to use DEVTOOL!【type = 6】 @ https://yurigarden.com/assets/index-CUTVLur8.js:16
[   65593ms] [WARNING] You don't have permission to use DEVTOOL!【type = 6】 @ https://yurigarden.com/assets/index-CUTVLur8.js:16
[   66098ms] [WARNING] You don't have permission to use DEVTOOL!【type = 6】 @ https://yurigarden.com/assets/index-CUTVLur8.js:16
[   66599ms] [WARNING] You don't have permission to use DEVTOOL!【type = 6】 @ https://yurigarden.com/assets/index-CUTVLur8.js:16
[   67104ms] [WARNING] You don't have permission to use DEVTOOL!【type = 6】 @ https://yurigarden.com/assets/index-CUTVLur8.js:16
[   67601ms] [WARNING] You don't have permission to use DEVTOOL!【type = 6】 @ https://yurigarden.com/assets/index-CUTVLur8.js:16
[   68088ms] [WARNING] You don't have permission to use DEVTOOL!【type = 6】 @ https://yurigarden.com/assets/index-CUTVLur8.js:16
[   68603ms] [WARNING] You don't have permission to use DEVTOOL!【type = 6】 @ https://yurigarden.com/assets/index-CUTVLur8.js:16
[   69090ms] [WARNING] You don't have permission to use DEVTOOL!【type = 6】 @ https://yurigarden.com/assets/index-CUTVLur8.js:16
[   69593ms] [WARNING] You don't have permission to use DEVTOOL!【type = 6】 @ https://yurigarden.com/assets/index-CUTVLur8.js:16
[   70092ms] [WARNING] You don't have permission to use DEVTOOL!【type = 6】 @ https://yurigarden.com/assets/index-CUTVLur8.js:16
[   70586ms] [WARNING] You don't have permission to use DEVTOOL!【type = 6】 @ https://yurigarden.com/assets/index-CUTVLur8.js:16
[   71091ms] [WARNING] You don't have permission to use DEVTOOL!【type = 6】 @ https://yurigarden.com/assets/index-CUTVLur8.js:16
[   71590ms] [WARNING] You don't have permission to use DEVTOOL!【type = 6】 @ https://yurigarden.com/assets/index-CUTVLur8.js:16
[   72098ms] [WARNING] You don't have permission to use DEVTOOL!【type = 6】 @ https://yurigarden.com/assets/index-CUTVLur8.js:16
[   72585ms] [WARNING] You don't have permission to use DEVTOOL!【type = 6】 @ https://yurigarden.com/assets/index-CUTVLur8.js:16
[   73084ms] [WARNING] You don't have permission to use DEVTOOL!【type = 6】 @ https://yurigarden.com/assets/index-CUTVLur8.js:16
[   73597ms] [WARNING] You don't have permission to use DEVTOOL!【type = 6】 @ https://yurigarden.com/assets/index-CUTVLur8.js:16
[   74090ms] [WARNING] You don't have permission to use DEVTOOL!【type = 6】 @ https://yurigarden.com/assets/index-CUTVLur8.js:16
[   74592ms] [WARNING] You don't have permission to use DEVTOOL!【type = 6】 @ https://yurigarden.com/assets/index-CUTVLur8.js:16
[   75086ms] [WARNING] You don't have permission to use DEVTOOL!【type = 6】 @ https://yurigarden.com/assets/index-CUTVLur8.js:16
[   75605ms] [WARNING] You don't have permission to use DEVTOOL!【type = 6】 @ https://yurigarden.com/assets/index-CUTVLur8.js:16
[   76093ms] [WARNING] You don't have permission to use DEVTOOL!【type = 6】 @ https://yurigarden.com/assets/index-CUTVLur8.js:16
[   76589ms] [WARNING] You don't have permission to use DEVTOOL!【type = 6】 @ https://yurigarden.com/assets/index-CUTVLur8.js:16
[   77091ms] [WARNING] You don't have permission to use DEVTOOL!【type = 6】 @ https://yurigarden.com/assets/index-CUTVLur8.js:16
[   77593ms] [WARNING] You don't have permission to use DEVTOOL!【type = 6】 @ https://yurigarden.com/assets/index-CUTVLur8.js:16
[   78092ms] [WARNING] You don't have permission to use DEVTOOL!【type = 6】 @ https://yurigarden.com/assets/index-CUTVLur8.js:16
[   78590ms] [WARNING] You don't have permission to use DEVTOOL!【type = 6】 @ https://yurigarden.com/assets/index-CUTVLur8.js:16
[   79097ms] [WARNING] You don't have permission to use DEVTOOL!【type = 6】 @ https://yurigarden.com/assets/index-CUTVLur8.js:16
[   79587ms] [WARNING] You don't have permission to use DEVTOOL!【type = 6】 @ https://yurigarden.com/assets/index-CUTVLur8.js:16
[   80088ms] [WARNING] You don't have permission to use DEVTOOL!【type = 6】 @ https://yurigarden.com/assets/index-CUTVLur8.js:16
[   80595ms] [WARNING] You don't have permission to use DEVTOOL!【type = 6】 @ https://yurigarden.com/assets/index-CUTVLur8.js:16
[   81098ms] [WARNING] You don't have permission to use DEVTOOL!【type = 6】 @ https://yurigarden.com/assets/index-CUTVLur8.js:16
[   81602ms] [WARNING] You don't have permission to use DEVTOOL!【type = 6】 @ https://yurigarden.com/assets/index-CUTVLur8.js:16
[   82085ms] [WARNING] You don't have permission to use DEVTOOL!【type = 6】 @ https://yurigarden.com/assets/index-CUTVLur8.js:16
[   82601ms] [WARNING] You don't have permission to use DEVTOOL!【type = 6】 @ https://yurigarden.com/assets/index-CUTVLur8.js:16
[   83092ms] [WARNING] You don't have permission to use DEVTOOL!【type = 6】 @ https://yurigarden.com/assets/index-CUTVLur8.js:16
[   83601ms] [WARNING] You don't have permission to use DEVTOOL!【type = 6】 @ https://yurigarden.com/assets/index-CUTVLur8.js:16
[   84109ms] [WARNING] You don't have permission to use DEVTOOL!【type = 6】 @ https://yurigarden.com/assets/index-CUTVLur8.js:16
[   84593ms] [WARNING] You don't have permission to use DEVTOOL!【type = 6】 @ https://yurigarden.com/assets/index-CUTVLur8.js:16
[   85098ms] [WARNING] You don't have permission to use DEVTOOL!【type = 6】 @ https://yurigarden.com/assets/index-CUTVLur8.js:16
[   85592ms] [WARNING] You don't have permission to use DEVTOOL!【type = 6】 @ https://yurigarden.com/assets/index-CUTVLur8.js:16
[   86095ms] [WARNING] You don't have permission to use DEVTOOL!【type = 6】 @ https://yurigarden.com/assets/index-CUTVLur8.js:16
[   86596ms] [WARNING] You don't have permission to use DEVTOOL!【type = 6】 @ https://yurigarden.com/assets/index-CUTVLur8.js:16
[   87094ms] [WARNING] You don't have permission to use DEVTOOL!【type = 6】 @ https://yurigarden.com/assets/index-CUTVLur8.js:16
[   87595ms] [WARNING] You don't have permission to use DEVTOOL!【type = 6】 @ https://yurigarden.com/assets/index-CUTVLur8.js:16
[   88088ms] [WARNING] You don't have permission to use DEVTOOL!【type = 6】 @ https://yurigarden.com/assets/index-CUTVLur8.js:16
[   88595ms] [WARNING] You don't have permission to use DEVTOOL!【type = 6】 @ https://yurigarden.com/assets/index-CUTVLur8.js:16
[   89085ms] [WARNING] You don't have permission to use DEVTOOL!【type = 6】 @ https://yurigarden.com/assets/index-CUTVLur8.js:16
[   89593ms] [WARNING] You don't have permission to use DEVTOOL!【type = 6】 @ https://yurigarden.com/assets/index-CUTVLur8.js:16
[   90089ms] [WARNING] You don't have permission to use DEVTOOL!【type = 6】 @ https://yurigarden.com/assets/index-CUTVLur8.js:16
[   90589ms] [WARNING] You don't have permission to use DEVTOOL!【type = 6】 @ https://yurigarden.com/assets/index-CUTVLur8.js:16
[   91100ms] [WARNING] You don't have permission to use DEVTOOL!【type = 6】 @ https://yurigarden.com/assets/index-CUTVLur8.js:16
[   91593ms] [WARNING] You don't have permission to use DEVTOOL!【type = 6】 @ https://yurigarden.com/assets/index-CUTVLur8.js:16
[   92091ms] [WARNING] You don't have permission to use DEVTOOL!【type = 6】 @ https://yurigarden.com/assets/index-CUTVLur8.js:16
[   92589ms] [WARNING] You don't have permission to use DEVTOOL!【type = 6】 @ https://yurigarden.com/assets/index-CUTVLur8.js:16
[   93088ms] [WARNING] You don't have permission to use DEVTOOL!【type = 6】 @ https://yurigarden.com/assets/index-CUTVLur8.js:16
[   93592ms] [WARNING] You don't have permission to use DEVTOOL!【type = 6】 @ https://yurigarden.com/assets/index-CUTVLur8.js:16
[   94082ms] [WARNING] You don't have permission to use DEVTOOL!【type = 6】 @ https://yurigarden.com/assets/index-CUTVLur8.js:16
[   94596ms] [WARNING] You don't have permission to use DEVTOOL!【type = 6】 @ https://yurigarden.com/assets/index-CUTVLur8.js:16
[   95085ms] [WARNING] You don't have permission to use DEVTOOL!【type = 6】 @ https://yurigarden.com/assets/index-CUTVLur8.js:16
[   95592ms] [WARNING] You don't have permission to use DEVTOOL!【type = 6】 @ https://yurigarden.com/assets/index-CUTVLur8.js:16
[   96087ms] [WARNING] You don't have permission to use DEVTOOL!【type = 6】 @ https://yurigarden.com/assets/index-CUTVLur8.js:16
[   96589ms] [WARNING] You don't have permission to use DEVTOOL!【type = 6】 @ https://yurigarden.com/assets/index-CUTVLur8.js:16
[   97102ms] [WARNING] You don't have permission to use DEVTOOL!【type = 6】 @ https://yurigarden.com/assets/index-CUTVLur8.js:16
[   97590ms] [WARNING] You don't have permission to use DEVTOOL!【type = 6】 @ https://yurigarden.com/assets/index-CUTVLur8.js:16
[   98091ms] [WARNING] You don't have permission to use DEVTOOL!【type = 6】 @ https://yurigarden.com/assets/index-CUTVLur8.js:16
[   98587ms] [WARNING] You don't have permission to use DEVTOOL!【type = 6】 @ https://yurigarden.com/assets/index-CUTVLur8.js:16
[   99089ms] [WARNING] You don't have permission to use DEVTOOL!【type = 6】 @ https://yurigarden.com/assets/index-CUTVLur8.js:16
[   99581ms] [WARNING] You don't have permission to use DEVTOOL!【type = 6】 @ https://yurigarden.com/assets/index-CUTVLur8.js:16
[  100094ms] [WARNING] You don't have permission to use DEVTOOL!【type = 6】 @ https://yurigarden.com/assets/index-CUTVLur8.js:16
[  100582ms] [WARNING] You don't have permission to use DEVTOOL!【type = 6】 @ https://yurigarden.com/assets/index-CUTVLur8.js:16
[  101088ms] [WARNING] You don't have permission to use DEVTOOL!【type = 6】 @ https://yurigarden.com/assets/index-CUTVLur8.js:16
[  101598ms] [WARNING] You don't have permission to use DEVTOOL!【type = 6】 @ https://yurigarden.com/assets/index-CUTVLur8.js:16
[  102090ms] [WARNING] You don't have permission to use DEVTOOL!【type = 6】 @ https://yurigarden.com/assets/index-CUTVLur8.js:16
[  102590ms] [WARNING] You don't have permission to use DEVTOOL!【type = 6】 @ https://yurigarden.com/assets/index-CUTVLur8.js:16
[  103089ms] [WARNING] You don't have permission to use DEVTOOL!【type = 6】 @ https://yurigarden.com/assets/index-CUTVLur8.js:16
[  103596ms] [WARNING] You don't have permission to use DEVTOOL!【type = 6】 @ https://yurigarden.com/assets/index-CUTVLur8.js:16
[  104093ms] [WARNING] You don't have permission to use DEVTOOL!【type = 6】 @ https://yurigarden.com/assets/index-CUTVLur8.js:16
[  104591ms] [WARNING] You don't have permission to use DEVTOOL!【type = 6】 @ https://yurigarden.com/assets/index-CUTVLur8.js:16
[  105096ms] [WARNING] You don't have permission to use DEVTOOL!【type = 6】 @ https://yurigarden.com/assets/index-CUTVLur8.js:16
[  105589ms] [WARNING] You don't have permission to use DEVTOOL!【type = 6】 @ https://yurigarden.com/assets/index-CUTVLur8.js:16
[  106095ms] [WARNING] You don't have permission to use DEVTOOL!【type = 6】 @ https://yurigarden.com/assets/index-CUTVLur8.js:16
[  106586ms] [WARNING] You don't have permission to use DEVTOOL!【type = 6】 @ https://yurigarden.com/assets/index-CUTVLur8.js:16
[  107089ms] [WARNING] You don't have permission to use DEVTOOL!【type = 6】 @ https://yurigarden.com/assets/index-CUTVLur8.js:16
[  107591ms] [WARNING] You don't have permission to use DEVTOOL!【type = 6】 @ https://yurigarden.com/assets/index-CUTVLur8.js:16
[  108091ms] [WARNING] You don't have permission to use DEVTOOL!【type = 6】 @ https://yurigarden.com/assets/index-CUTVLur8.js:16
[  108595ms] [WARNING] You don't have permission to use DEVTOOL!【type = 6】 @ https://yurigarden.com/assets/index-CUTVLur8.js:16
[  109089ms] [WARNING] You don't have permission to use DEVTOOL!【type = 6】 @ https://yurigarden.com/assets/index-CUTVLur8.js:16
[  109587ms] [WARNING] You don't have permission to use DEVTOOL!【type = 6】 @ https://yurigarden.com/assets/index-CUTVLur8.js:16
[  110089ms] [WARNING] You don't have permission to use DEVTOOL!【type = 6】 @ https://yurigarden.com/assets/index-CUTVLur8.js:16
[  110588ms] [WARNING] You don't have permission to use DEVTOOL!【type = 6】 @ https://yurigarden.com/assets/index-CUTVLur8.js:16
[  111096ms] [WARNING] You don't have permission to use DEVTOOL!【type = 6】 @ https://yurigarden.com/assets/index-CUTVLur8.js:16
[  111590ms] [WARNING] You don't have permission to use DEVTOOL!【type = 6】 @ https://yurigarden.com/assets/index-CUTVLur8.js:16
[  112094ms] [WARNING] You don't have permission to use DEVTOOL!【type = 6】 @ https://yurigarden.com/assets/index-CUTVLur8.js:16
[  112589ms] [WARNING] You don't have permission to use DEVTOOL!【type = 6】 @ https://yurigarden.com/assets/index-CUTVLur8.js:16
[  113094ms] [WARNING] You don't have permission to use DEVTOOL!【type = 6】 @ https://yurigarden.com/assets/index-CUTVLur8.js:16
[  113589ms] [WARNING] You don't have permission to use DEVTOOL!【type = 6】 @ https://yurigarden.com/assets/index-CUTVLur8.js:16
[  114085ms] [WARNING] You don't have permission to use DEVTOOL!【type = 6】 @ https://yurigarden.com/assets/index-CUTVLur8.js:16
[  114591ms] [WARNING] You don't have permission to use DEVTOOL!【type = 6】 @ https://yurigarden.com/assets/index-CUTVLur8.js:16
[  115081ms] [WARNING] You don't have permission to use DEVTOOL!【type = 6】 @ https://yurigarden.com/assets/index-CUTVLur8.js:16
[  115586ms] [WARNING] You don't have permission to use DEVTOOL!【type = 6】 @ https://yurigarden.com/assets/index-CUTVLur8.js:16
[  116087ms] [WARNING] You don't have permission to use DEVTOOL!【type = 6】 @ https://yurigarden.com/assets/index-CUTVLur8.js:16
[  116591ms] [WARNING] You don't have permission to use DEVTOOL!【type = 6】 @ https://yurigarden.com/assets/index-CUTVLur8.js:16
[  117087ms] [WARNING] You don't have permission to use DEVTOOL!【type = 6】 @ https://yurigarden.com/assets/index-CUTVLur8.js:16
[  117584ms] [WARNING] You don't have permission to use DEVTOOL!【type = 6】 @ https://yurigarden.com/assets/index-CUTVLur8.js:16
[  118089ms] [WARNING] You don't have permission to use DEVTOOL!【type = 6】 @ https://yurigarden.com/assets/index-CUTVLur8.js:16
[  118592ms] [WARNING] You don't have permission to use DEVTOOL!【type = 6】 @ https://yurigarden.com/assets/index-CUTVLur8.js:16
[  119097ms] [WARNING] You don't have permission to use DEVTOOL!【type = 6】 @ https://yurigarden.com/assets/index-CUTVLur8.js:16
[  119588ms] [WARNING] You don't have permission to use DEVTOOL!【type = 6】 @ https://yurigarden.com/assets/index-CUTVLur8.js:16
[  120083ms] [WARNING] You don't have permission to use DEVTOOL!【type = 6】 @ https://yurigarden.com/assets/index-CUTVLur8.js:16
[  120580ms] [WARNING] You don't have permission to use DEVTOOL!【type = 6】 @ https://yurigarden.com/assets/index-CUTVLur8.js:16
[  121082ms] [WARNING] You don't have permission to use DEVTOOL!【type = 6】 @ https://yurigarden.com/assets/index-CUTVLur8.js:16
[  121586ms] [WARNING] You don't have permission to use DEVTOOL!【type = 6】 @ https://yurigarden.com/assets/index-CUTVLur8.js:16
[  122082ms] [WARNING] You don't have permission to use DEVTOOL!【type = 6】 @ https://yurigarden.com/assets/index-CUTVLur8.js:16
[  122588ms] [WARNING] You don't have permission to use DEVTOOL!【type = 6】 @ https://yurigarden.com/assets/index-CUTVLur8.js:16
[  123089ms] [WARNING] You don't have permission to use DEVTOOL!【type = 6】 @ https://yurigarden.com/assets/index-CUTVLur8.js:16
[  123585ms] [WARNING] You don't have permission to use DEVTOOL!【type = 6】 @ https://yurigarden.com/assets/index-CUTVLur8.js:16
[  124083ms] [WARNING] You don't have permission to use DEVTOOL!【type = 6】 @ https://yurigarden.com/assets/index-CUTVLur8.js:16
[  124589ms] [WARNING] You don't have permission to use DEVTOOL!【type = 6】 @ https://yurigarden.com/assets/index-CUTVLur8.js:16
[  125080ms] [WARNING] You don't have permission to use DEVTOOL!【type = 6】 @ https://yurigarden.com/assets/index-CUTVLur8.js:16
[  125589ms] [WARNING] You don't have permission to use DEVTOOL!【type = 6】 @ https://yurigarden.com/assets/index-CUTVLur8.js:16
[  126097ms] [WARNING] You don't have permission to use DEVTOOL!【type = 6】 @ https://yurigarden.com/assets/index-CUTVLur8.js:16
[  126594ms] [WARNING] You don't have permission to use DEVTOOL!【type = 6】 @ https://yurigarden.com/assets/index-CUTVLur8.js:16
[  127095ms] [WARNING] You don't have permission to use DEVTOOL!【type = 6】 @ https://yurigarden.com/assets/index-CUTVLur8.js:16
[  127592ms] [WARNING] You don't have permission to use DEVTOOL!【type = 6】 @ https://yurigarden.com/assets/index-CUTVLur8.js:16
[  128085ms] [WARNING] You don't have permission to use DEVTOOL!【type = 6】 @ https://yurigarden.com/assets/index-CUTVLur8.js:16
[  128588ms] [WARNING] You don't have permission to use DEVTOOL!【type = 6】 @ https://yurigarden.com/assets/index-CUTVLur8.js:16
[  129088ms] [WARNING] You don't have permission to use DEVTOOL!【type = 6】 @ https://yurigarden.com/assets/index-CUTVLur8.js:16
[  129583ms] [WARNING] You don't have permission to use DEVTOOL!【type = 6】 @ https://yurigarden.com/assets/index-CUTVLur8.js:16
[  130093ms] [WARNING] You don't have permission to use DEVTOOL!【type = 6】 @ https://yurigarden.com/assets/index-CUTVLur8.js:16
[  130592ms] [WARNING] You don't have permission to use DEVTOOL!【type = 6】 @ https://yurigarden.com/assets/index-CUTVLur8.js:16
[  131098ms] [WARNING] You don't have permission to use DEVTOOL!【type = 6】 @ https://yurigarden.com/assets/index-CUTVLur8.js:16
[  131583ms] [WARNING] You don't have permission to use DEVTOOL!【type = 6】 @ https://yurigarden.com/assets/index-CUTVLur8.js:16
[  132089ms] [WARNING] You don't have permission to use DEVTOOL!【type = 6】 @ https://yurigarden.com/assets/index-CUTVLur8.js:16
[  132587ms] [WARNING] You don't have permission to use DEVTOOL!【type = 6】 @ https://yurigarden.com/assets/index-CUTVLur8.js:16
[  133092ms] [WARNING] You don't have permission to use DEVTOOL!【type = 6】 @ https://yurigarden.com/assets/index-CUTVLur8.js:16
[  133595ms] [WARNING] You don't have permission to use DEVTOOL!【type = 6】 @ https://yurigarden.com/assets/index-CUTVLur8.js:16
[  134094ms] [WARNING] You don't have permission to use DEVTOOL!【type = 6】 @ https://yurigarden.com/assets/index-CUTVLur8.js:16
[  134586ms] [WARNING] You don't have permission to use DEVTOOL!【type = 6】 @ https://yurigarden.com/assets/index-CUTVLur8.js:16
[  135090ms] [WARNING] You don't have permission to use DEVTOOL!【type = 6】 @ https://yurigarden.com/assets/index-CUTVLur8.js:16
[  135599ms] [WARNING] You don't have permission to use DEVTOOL!【type = 6】 @ https://yurigarden.com/assets/index-CUTVLur8.js:16
[  136091ms] [WARNING] You don't have permission to use DEVTOOL!【type = 6】 @ https://yurigarden.com/assets/index-CUTVLur8.js:16
[  136593ms] [WARNING] You don't have permission to use DEVTOOL!【type = 6】 @ https://yurigarden.com/assets/index-CUTVLur8.js:16
[  137092ms] [WARNING] You don't have permission to use DEVTOOL!【type = 6】 @ https://yurigarden.com/assets/index-CUTVLur8.js:16
[  137594ms] [WARNING] You don't have permission to use DEVTOOL!【type = 6】 @ https://yurigarden.com/assets/index-CUTVLur8.js:16
[  138091ms] [WARNING] You don't have permission to use DEVTOOL!【type = 6】 @ https://yurigarden.com/assets/index-CUTVLur8.js:16
[  138595ms] [WARNING] You don't have permission to use DEVTOOL!【type = 6】 @ https://yurigarden.com/assets/index-CUTVLur8.js:16
[  139092ms] [WARNING] You don't have permission to use DEVTOOL!【type = 6】 @ https://yurigarden.com/assets/index-CUTVLur8.js:16
[  139593ms] [WARNING] You don't have permission to use DEVTOOL!【type = 6】 @ https://yurigarden.com/assets/index-CUTVLur8.js:16
[  140097ms] [WARNING] You don't have permission to use DEVTOOL!【type = 6】 @ https://yurigarden.com/assets/index-CUTVLur8.js:16
[  140593ms] [WARNING] You don't have permission to use DEVTOOL!【type = 6】 @ https://yurigarden.com/assets/index-CUTVLur8.js:16
[  141086ms] [WARNING] You don't have permission to use DEVTOOL!【type = 6】 @ https://yurigarden.com/assets/index-CUTVLur8.js:16
[  141585ms] [WARNING] You don't have permission to use DEVTOOL!【type = 6】 @ https://yurigarden.com/assets/index-CUTVLur8.js:16
[  142085ms] [WARNING] You don't have permission to use DEVTOOL!【type = 6】 @ https://yurigarden.com/assets/index-CUTVLur8.js:16
[  142589ms] [WARNING] You don't have permission to use DEVTOOL!【type = 6】 @ https://yurigarden.com/assets/index-CUTVLur8.js:16
[  143086ms] [WARNING] You don't have permission to use DEVTOOL!【type = 6】 @ https://yurigarden.com/assets/index-CUTVLur8.js:16
[  143588ms] [WARNING] You don't have permission to use DEVTOOL!【type = 6】 @ https://yurigarden.com/assets/index-CUTVLur8.js:16
[  144095ms] [WARNING] You don't have permission to use DEVTOOL!【type = 6】 @ https://yurigarden.com/assets/index-CUTVLur8.js:16
[  144591ms] [WARNING] You don't have permission to use DEVTOOL!【type = 6】 @ https://yurigarden.com/assets/index-CUTVLur8.js:16
[  145095ms] [WARNING] You don't have permission to use DEVTOOL!【type = 6】 @ https://yurigarden.com/assets/index-CUTVLur8.js:16
[  145595ms] [WARNING] You don't have permission to use DEVTOOL!【type = 6】 @ https://yurigarden.com/assets/index-CUTVLur8.js:16
[  146097ms] [WARNING] You don't have permission to use DEVTOOL!【type = 6】 @ https://yurigarden.com/assets/index-CUTVLur8.js:16
[  146593ms] [WARNING] You don't have permission to use DEVTOOL!【type = 6】 @ https://yurigarden.com/assets/index-CUTVLur8.js:16
[  147098ms] [WARNING] You don't have permission to use DEVTOOL!【type = 6】 @ https://yurigarden.com/assets/index-CUTVLur8.js:16
[  147590ms] [WARNING] You don't have permission to use DEVTOOL!【type = 6】 @ https://yurigarden.com/assets/index-CUTVLur8.js:16
[  148099ms] [WARNING] You don't have permission to use DEVTOOL!【type = 6】 @ https://yurigarden.com/assets/index-CUTVLur8.js:16
[  148588ms] [WARNING] You don't have permission to use DEVTOOL!【type = 6】 @ https://yurigarden.com/assets/index-CUTVLur8.js:16
[  149094ms] [WARNING] You don't have permission to use DEVTOOL!【type = 6】 @ https://yurigarden.com/assets/index-CUTVLur8.js:16
[  149592ms] [WARNING] You don't have permission to use DEVTOOL!【type = 6】 @ https://yurigarden.com/assets/index-CUTVLur8.js:16
[  150096ms] [WARNING] You don't have permission to use DEVTOOL!【type = 6】 @ https://yurigarden.com/assets/index-CUTVLur8.js:16
[  150592ms] [WARNING] You don't have permission to use DEVTOOL!【type = 6】 @ https://yurigarden.com/assets/index-CUTVLur8.js:16
[  151096ms] [WARNING] You don't have permission to use DEVTOOL!【type = 6】 @ https://yurigarden.com/assets/index-CUTVLur8.js:16
[  151597ms] [WARNING] You don't have permission to use DEVTOOL!【type = 6】 @ https://yurigarden.com/assets/index-CUTVLur8.js:16
[  152098ms] [WARNING] You don't have permission to use DEVTOOL!【type = 6】 @ https://yurigarden.com/assets/index-CUTVLur8.js:16
[  152599ms] [WARNING] You don't have permission to use DEVTOOL!【type = 6】 @ https://yurigarden.com/assets/index-CUTVLur8.js:16
[  153098ms] [WARNING] You don't have permission to use DEVTOOL!【type = 6】 @ https://yurigarden.com/assets/index-CUTVLur8.js:16
[  153593ms] [WARNING] You don't have permission to use DEVTOOL!【type = 6】 @ https://yurigarden.com/assets/index-CUTVLur8.js:16
[  154101ms] [WARNING] You don't have permission to use DEVTOOL!【type = 6】 @ https://yurigarden.com/assets/index-CUTVLur8.js:16
[  154594ms] [WARNING] You don't have permission to use DEVTOOL!【type = 6】 @ https://yurigarden.com/assets/index-CUTVLur8.js:16
[  155092ms] [WARNING] You don't have permission to use DEVTOOL!【type = 6】 @ https://yurigarden.com/assets/index-CUTVLur8.js:16
[  155594ms] [WARNING] You don't have permission to use DEVTOOL!【type = 6】 @ https://yurigarden.com/assets/index-CUTVLur8.js:16
[  156099ms] [WARNING] You don't have permission to use DEVTOOL!【type = 6】 @ https://yurigarden.com/assets/index-CUTVLur8.js:16
[  156600ms] [WARNING] You don't have permission to use DEVTOOL!【type = 6】 @ https://yurigarden.com/assets/index-CUTVLur8.js:16
[  157097ms] [WARNING] You don't have permission to use DEVTOOL!【type = 6】 @ https://yurigarden.com/assets/index-CUTVLur8.js:16
[  157594ms] [WARNING] You don't have permission to use DEVTOOL!【type = 6】 @ https://yurigarden.com/assets/index-CUTVLur8.js:16
[  158091ms] [WARNING] You don't have permission to use DEVTOOL!【type = 6】 @ https://yurigarden.com/assets/index-CUTVLur8.js:16
[  158591ms] [WARNING] You don't have permission to use DEVTOOL!【type = 6】 @ https://yurigarden.com/assets/index-CUTVLur8.js:16
[  159093ms] [WARNING] You don't have permission to use DEVTOOL!【type = 6】 @ https://yurigarden.com/assets/index-CUTVLur8.js:16
[  159587ms] [WARNING] You don't have permission to use DEVTOOL!【type = 6】 @ https://yurigarden.com/assets/index-CUTVLur8.js:16
[  160092ms] [WARNING] You don't have permission to use DEVTOOL!【type = 6】 @ https://yurigarden.com/assets/index-CUTVLur8.js:16
[  160591ms] [WARNING] You don't have permission to use DEVTOOL!【type = 6】 @ https://yurigarden.com/assets/index-CUTVLur8.js:16
[  161091ms] [WARNING] You don't have permission to use DEVTOOL!【type = 6】 @ https://yurigarden.com/assets/index-CUTVLur8.js:16
[  161595ms] [WARNING] You don't have permission to use DEVTOOL!【type = 6】 @ https://yurigarden.com/assets/index-CUTVLur8.js:16
[  162088ms] [WARNING] You don't have permission to use DEVTOOL!【type = 6】 @ https://yurigarden.com/assets/index-CUTVLur8.js:16
[  162593ms] [WARNING] You don't have permission to use DEVTOOL!【type = 6】 @ https://yurigarden.com/assets/index-CUTVLur8.js:16
[  163089ms] [WARNING] You don't have permission to use DEVTOOL!【type = 6】 @ https://yurigarden.com/assets/index-CUTVLur8.js:16
[  163589ms] [WARNING] You don't have permission to use DEVTOOL!【type = 6】 @ https://yurigarden.com/assets/index-CUTVLur8.js:16
[  164096ms] [WARNING] You don't have permission to use DEVTOOL!【type = 6】 @ https://yurigarden.com/assets/index-CUTVLur8.js:16
[  164593ms] [WARNING] You don't have permission to use DEVTOOL!【type = 6】 @ https://yurigarden.com/assets/index-CUTVLur8.js:16
[  165103ms] [WARNING] You don't have permission to use DEVTOOL!【type = 6】 @ https://yurigarden.com/assets/index-CUTVLur8.js:16
[  165591ms] [WARNING] You don't have permission to use DEVTOOL!【type = 6】 @ https://yurigarden.com/assets/index-CUTVLur8.js:16
[  166098ms] [WARNING] You don't have permission to use DEVTOOL!【type = 6】 @ https://yurigarden.com/assets/index-CUTVLur8.js:16
[  166592ms] [WARNING] You don't have permission to use DEVTOOL!【type = 6】 @ https://yurigarden.com/assets/index-CUTVLur8.js:16
[  167093ms] [WARNING] You don't have permission to use DEVTOOL!【type = 6】 @ https://yurigarden.com/assets/index-CUTVLur8.js:16
[  167593ms] [WARNING] You don't have permission to use DEVTOOL!【type = 6】 @ https://yurigarden.com/assets/index-CUTVLur8.js:16
[  168094ms] [WARNING] You don't have permission to use DEVTOOL!【type = 6】 @ https://yurigarden.com/assets/index-CUTVLur8.js:16
[  168594ms] [WARNING] You don't have permission to use DEVTOOL!【type = 6】 @ https://yurigarden.com/assets/index-CUTVLur8.js:16
[  169090ms] [WARNING] You don't have permission to use DEVTOOL!【type = 6】 @ https://yurigarden.com/assets/index-CUTVLur8.js:16
[  169595ms] [WARNING] You don't have permission to use DEVTOOL!【type = 6】 @ https://yurigarden.com/assets/index-CUTVLur8.js:16
[  170084ms] [WARNING] You don't have permission to use DEVTOOL!【type = 6】 @ https://yurigarden.com/assets/index-CUTVLur8.js:16
[  170583ms] [WARNING] You don't have permission to use DEVTOOL!【type = 6】 @ https://yurigarden.com/assets/index-CUTVLur8.js:16
[  171083ms] [WARNING] You don't have permission to use DEVTOOL!【type = 6】 @ https://yurigarden.com/assets/index-CUTVLur8.js:16
[  171578ms] [WARNING] You don't have permission to use DEVTOOL!【type = 6】 @ https://yurigarden.com/assets/index-CUTVLur8.js:16
[  172103ms] [WARNING] You don't have permission to use DEVTOOL!【type = 6】 @ https://yurigarden.com/assets/index-CUTVLur8.js:16
[  172587ms] [WARNING] You don't have permission to use DEVTOOL!【type = 6】 @ https://yurigarden.com/assets/index-CUTVLur8.js:16
[  173091ms] [WARNING] You don't have permission to use DEVTOOL!【type = 6】 @ https://yurigarden.com/assets/index-CUTVLur8.js:16
[  173585ms] [WARNING] You don't have permission to use DEVTOOL!【type = 6】 @ https://yurigarden.com/assets/index-CUTVLur8.js:16
[  174079ms] [WARNING] You don't have permission to use DEVTOOL!【type = 6】 @ https://yurigarden.com/assets/index-CUTVLur8.js:16
[  174584ms] [WARNING] You don't have permission to use DEVTOOL!【type = 6】 @ https://yurigarden.com/assets/index-CUTVLur8.js:16
[  175081ms] [WARNING] You don't have permission to use DEVTOOL!【type = 6】 @ https://yurigarden.com/assets/index-CUTVLur8.js:16
[  175594ms] [WARNING] You don't have permission to use DEVTOOL!【type = 6】 @ https://yurigarden.com/assets/index-CUTVLur8.js:16
[  176088ms] [WARNING] You don't have permission to use DEVTOOL!【type = 6】 @ https://yurigarden.com/assets/index-CUTVLur8.js:16
[  176586ms] [WARNING] You don't have permission to use DEVTOOL!【type = 6】 @ https://yurigarden.com/assets/index-CUTVLur8.js:16
[  177090ms] [WARNING] You don't have permission to use DEVTOOL!【type = 6】 @ https://yurigarden.com/assets/index-CUTVLur8.js:16
[  177589ms] [WARNING] You don't have permission to use DEVTOOL!【type = 6】 @ https://yurigarden.com/assets/index-CUTVLur8.js:16
[  178090ms] [WARNING] You don't have permission to use DEVTOOL!【type = 6】 @ https://yurigarden.com/assets/index-CUTVLur8.js:16
[  178582ms] [WARNING] You don't have permission to use DEVTOOL!【type = 6】 @ https://yurigarden.com/assets/index-CUTVLur8.js:16
[  179088ms] [WARNING] You don't have permission to use DEVTOOL!【type = 6】 @ https://yurigarden.com/assets/index-CUTVLur8.js:16
[  179577ms] [WARNING] You don't have permission to use DEVTOOL!【type = 6】 @ https://yurigarden.com/assets/index-CUTVLur8.js:16
[  180094ms] [WARNING] You don't have permission to use DEVTOOL!【type = 6】 @ https://yurigarden.com/assets/index-CUTVLur8.js:16
[  180585ms] [WARNING] You don't have permission to use DEVTOOL!【type = 6】 @ https://yurigarden.com/assets/index-CUTVLur8.js:16
[  181093ms] [WARNING] You don't have permission to use DEVTOOL!【type = 6】 @ https://yurigarden.com/assets/index-CUTVLur8.js:16
[  181607ms] [WARNING] You don't have permission to use DEVTOOL!【type = 6】 @ https://yurigarden.com/assets/index-CUTVLur8.js:16
[  182092ms] [WARNING] You don't have permission to use DEVTOOL!【type = 6】 @ https://yurigarden.com/assets/index-CUTVLur8.js:16
[  182593ms] [WARNING] You don't have permission to use DEVTOOL!【type = 6】 @ https://yurigarden.com/assets/index-CUTVLur8.js:16
[  183078ms] [WARNING] You don't have permission to use DEVTOOL!【type = 6】 @ https://yurigarden.com/assets/index-CUTVLur8.js:16
[  183585ms] [WARNING] You don't have permission to use DEVTOOL!【type = 6】 @ https://yurigarden.com/assets/index-CUTVLur8.js:16
[  184082ms] [WARNING] You don't have permission to use DEVTOOL!【type = 6】 @ https://yurigarden.com/assets/index-CUTVLur8.js:16
[  184578ms] [WARNING] You don't have permission to use DEVTOOL!【type = 6】 @ https://yurigarden.com/assets/index-CUTVLur8.js:16
[  185094ms] [WARNING] You don't have permission to use DEVTOOL!【type = 6】 @ https://yurigarden.com/assets/index-CUTVLur8.js:16
[  185590ms] [WARNING] You don't have permission to use DEVTOOL!【type = 6】 @ https://yurigarden.com/assets/index-CUTVLur8.js:16
[  186086ms] [WARNING] You don't have permission to use DEVTOOL!【type = 6】 @ https://yurigarden.com/assets/index-CUTVLur8.js:16
[  186582ms] [WARNING] You don't have permission to use DEVTOOL!【type = 6】 @ https://yurigarden.com/assets/index-CUTVLur8.js:16
[  187102ms] [WARNING] You don't have permission to use DEVTOOL!【type = 6】 @ https://yurigarden.com/assets/index-CUTVLur8.js:16
[  187587ms] [WARNING] You don't have permission to use DEVTOOL!【type = 6】 @ https://yurigarden.com/assets/index-CUTVLur8.js:16
[  188085ms] [WARNING] You don't have permission to use DEVTOOL!【type = 6】 @ https://yurigarden.com/assets/index-CUTVLur8.js:16
[  188595ms] [WARNING] You don't have permission to use DEVTOOL!【type = 6】 @ https://yurigarden.com/assets/index-CUTVLur8.js:16
[  189089ms] [WARNING] You don't have permission to use DEVTOOL!【type = 6】 @ https://yurigarden.com/assets/index-CUTVLur8.js:16
[  189597ms] [WARNING] You don't have permission to use DEVTOOL!【type = 6】 @ https://yurigarden.com/assets/index-CUTVLur8.js:16
[  190090ms] [WARNING] You don't have permission to use DEVTOOL!【type = 6】 @ https://yurigarden.com/assets/index-CUTVLur8.js:16
[  190581ms] [WARNING] You don't have permission to use DEVTOOL!【type = 6】 @ https://yurigarden.com/assets/index-CUTVLur8.js:16
[  191082ms] [WARNING] You don't have permission to use DEVTOOL!【type = 6】 @ https://yurigarden.com/assets/index-CUTVLur8.js:16
[  191583ms] [WARNING] You don't have permission to use DEVTOOL!【type = 6】 @ https://yurigarden.com/assets/index-CUTVLur8.js:16
[  192091ms] [WARNING] You don't have permission to use DEVTOOL!【type = 6】 @ https://yurigarden.com/assets/index-CUTVLur8.js:16
[  192595ms] [WARNING] You don't have permission to use DEVTOOL!【type = 6】 @ https://yurigarden.com/assets/index-CUTVLur8.js:16
[  193097ms] [WARNING] You don't have permission to use DEVTOOL!【type = 6】 @ https://yurigarden.com/assets/index-CUTVLur8.js:16
[  193589ms] [WARNING] You don't have permission to use DEVTOOL!【type = 6】 @ https://yurigarden.com/assets/index-CUTVLur8.js:16
[  194099ms] [WARNING] You don't have permission to use DEVTOOL!【type = 6】 @ https://yurigarden.com/assets/index-CUTVLur8.js:16
[  194594ms] [WARNING] You don't have permission to use DEVTOOL!【type = 6】 @ https://yurigarden.com/assets/index-CUTVLur8.js:16
[  195095ms] [WARNING] You don't have permission to use DEVTOOL!【type = 6】 @ https://yurigarden.com/assets/index-CUTVLur8.js:16
[  195594ms] [WARNING] You don't have permission to use DEVTOOL!【type = 6】 @ https://yurigarden.com/assets/index-CUTVLur8.js:16
[  196099ms] [WARNING] You don't have permission to use DEVTOOL!【type = 6】 @ https://yurigarden.com/assets/index-CUTVLur8.js:16
[  196595ms] [WARNING] You don't have permission to use DEVTOOL!【type = 6】 @ https://yurigarden.com/assets/index-CUTVLur8.js:16
[  197089ms] [WARNING] You don't have permission to use DEVTOOL!【type = 6】 @ https://yurigarden.com/assets/index-CUTVLur8.js:16
[  197589ms] [WARNING] You don't have permission to use DEVTOOL!【type = 6】 @ https://yurigarden.com/assets/index-CUTVLur8.js:16
[  198085ms] [WARNING] You don't have permission to use DEVTOOL!【type = 6】 @ https://yurigarden.com/assets/index-CUTVLur8.js:16
[  198588ms] [WARNING] You don't have permission to use DEVTOOL!【type = 6】 @ https://yurigarden.com/assets/index-CUTVLur8.js:16
[  199091ms] [WARNING] You don't have permission to use DEVTOOL!【type = 6】 @ https://yurigarden.com/assets/index-CUTVLur8.js:16
[  199582ms] [WARNING] You don't have permission to use DEVTOOL!【type = 6】 @ https://yurigarden.com/assets/index-CUTVLur8.js:16
[  200089ms] [WARNING] You don't have permission to use DEVTOOL!【type = 6】 @ https://yurigarden.com/assets/index-CUTVLur8.js:16
[  200590ms] [WARNING] You don't have permission to use DEVTOOL!【type = 6】 @ https://yurigarden.com/assets/index-CUTVLur8.js:16
[  201091ms] [WARNING] You don't have permission to use DEVTOOL!【type = 6】 @ https://yurigarden.com/assets/index-CUTVLur8.js:16
[  201583ms] [WARNING] You don't have permission to use DEVTOOL!【type = 6】 @ https://yurigarden.com/assets/index-CUTVLur8.js:16
[  202081ms] [WARNING] You don't have permission to use DEVTOOL!【type = 6】 @ https://yurigarden.com/assets/index-CUTVLur8.js:16
[  202590ms] [WARNING] You don't have permission to use DEVTOOL!【type = 6】 @ https://yurigarden.com/assets/index-CUTVLur8.js:16
[  203089ms] [WARNING] You don't have permission to use DEVTOOL!【type = 6】 @ https://yurigarden.com/assets/index-CUTVLur8.js:16
[  203587ms] [WARNING] You don't have permission to use DEVTOOL!【type = 6】 @ https://yurigarden.com/assets/index-CUTVLur8.js:16
[  204088ms] [WARNING] You don't have permission to use DEVTOOL!【type = 6】 @ https://yurigarden.com/assets/index-CUTVLur8.js:16
[  204588ms] [WARNING] You don't have permission to use DEVTOOL!【type = 6】 @ https://yurigarden.com/assets/index-CUTVLur8.js:16
[  205083ms] [WARNING] You don't have permission to use DEVTOOL!【type = 6】 @ https://yurigarden.com/assets/index-CUTVLur8.js:16
[  205585ms] [WARNING] You don't have permission to use DEVTOOL!【type = 6】 @ https://yurigarden.com/assets/index-CUTVLur8.js:16
[  206096ms] [WARNING] You don't have permission to use DEVTOOL!【type = 6】 @ https://yurigarden.com/assets/index-CUTVLur8.js:16
[  206585ms] [WARNING] You don't have permission to use DEVTOOL!【type = 6】 @ https://yurigarden.com/assets/index-CUTVLur8.js:16
[  207095ms] [WARNING] You don't have permission to use DEVTOOL!【type = 6】 @ https://yurigarden.com/assets/index-CUTVLur8.js:16
[  207589ms] [WARNING] You don't have permission to use DEVTOOL!【type = 6】 @ https://yurigarden.com/assets/index-CUTVLur8.js:16
[  208087ms] [WARNING] You don't have permission to use DEVTOOL!【type = 6】 @ https://yurigarden.com/assets/index-CUTVLur8.js:16
[  208588ms] [WARNING] You don't have permission to use DEVTOOL!【type = 6】 @ https://yurigarden.com/assets/index-CUTVLur8.js:16
[  209089ms] [WARNING] You don't have permission to use DEVTOOL!【type = 6】 @ https://yurigarden.com/assets/index-CUTVLur8.js:16
[  209601ms] [WARNING] You don't have permission to use DEVTOOL!【type = 6】 @ https://yurigarden.com/assets/index-CUTVLur8.js:16
[  210097ms] [WARNING] You don't have permission to use DEVTOOL!【type = 6】 @ https://yurigarden.com/assets/index-CUTVLur8.js:16
[  210595ms] [WARNING] You don't have permission to use DEVTOOL!【type = 6】 @ https://yurigarden.com/assets/index-CUTVLur8.js:16
[  211091ms] [WARNING] You don't have permission to use DEVTOOL!【type = 6】 @ https://yurigarden.com/assets/index-CUTVLur8.js:16
[  211578ms] [WARNING] You don't have permission to use DEVTOOL!【type = 6】 @ https://yurigarden.com/assets/index-CUTVLur8.js:16
[  212088ms] [WARNING] You don't have permission to use DEVTOOL!【type = 6】 @ https://yurigarden.com/assets/index-CUTVLur8.js:16
[  212586ms] [WARNING] You don't have permission to use DEVTOOL!【type = 6】 @ https://yurigarden.com/assets/index-CUTVLur8.js:16
[  213092ms] [WARNING] You don't have permission to use DEVTOOL!【type = 6】 @ https://yurigarden.com/assets/index-CUTVLur8.js:16
[  213580ms] [WARNING] You don't have permission to use DEVTOOL!【type = 6】 @ https://yurigarden.com/assets/index-CUTVLur8.js:16
[  214090ms] [WARNING] You don't have permission to use DEVTOOL!【type = 6】 @ https://yurigarden.com/assets/index-CUTVLur8.js:16
[  214585ms] [WARNING] You don't have permission to use DEVTOOL!【type = 6】 @ https://yurigarden.com/assets/index-CUTVLur8.js:16
[  215099ms] [WARNING] You don't have permission to use DEVTOOL!【type = 6】 @ https://yurigarden.com/assets/index-CUTVLur8.js:16
[  215591ms] [WARNING] You don't have permission to use DEVTOOL!【type = 6】 @ https://yurigarden.com/assets/index-CUTVLur8.js:16
[  216089ms] [WARNING] You don't have permission to use DEVTOOL!【type = 6】 @ https://yurigarden.com/assets/index-CUTVLur8.js:16
[  216590ms] [WARNING] You don't have permission to use DEVTOOL!【type = 6】 @ https://yurigarden.com/assets/index-CUTVLur8.js:16
[  217086ms] [WARNING] You don't have permission to use DEVTOOL!【type = 6】 @ https://yurigarden.com/assets/index-CUTVLur8.js:16
[  217598ms] [WARNING] You don't have permission to use DEVTOOL!【type = 6】 @ https://yurigarden.com/assets/index-CUTVLur8.js:16
[  218089ms] [WARNING] You don't have permission to use DEVTOOL!【type = 6】 @ https://yurigarden.com/assets/index-CUTVLur8.js:16
[  218586ms] [WARNING] You don't have permission to use DEVTOOL!【type = 6】 @ https://yurigarden.com/assets/index-CUTVLur8.js:16
[  219083ms] [WARNING] You don't have permission to use DEVTOOL!【type = 6】 @ https://yurigarden.com/assets/index-CUTVLur8.js:16
[  219590ms] [WARNING] You don't have permission to use DEVTOOL!【type = 6】 @ https://yurigarden.com/assets/index-CUTVLur8.js:16
[  220089ms] [WARNING] You don't have permission to use DEVTOOL!【type = 6】 @ https://yurigarden.com/assets/index-CUTVLur8.js:16
[  220586ms] [WARNING] You don't have permission to use DEVTOOL!【type = 6】 @ https://yurigarden.com/assets/index-CUTVLur8.js:16
[  221091ms] [WARNING] You don't have permission to use DEVTOOL!【type = 6】 @ https://yurigarden.com/assets/index-CUTVLur8.js:16
[  221587ms] [WARNING] You don't have permission to use DEVTOOL!【type = 6】 @ https://yurigarden.com/assets/index-CUTVLur8.js:16
[  222078ms] [WARNING] You don't have permission to use DEVTOOL!【type = 6】 @ https://yurigarden.com/assets/index-CUTVLur8.js:16
[  222588ms] [WARNING] You don't have permission to use DEVTOOL!【type = 6】 @ https://yurigarden.com/assets/index-CUTVLur8.js:16
[  223091ms] [WARNING] You don't have permission to use DEVTOOL!【type = 6】 @ https://yurigarden.com/assets/index-CUTVLur8.js:16
[  223597ms] [WARNING] You don't have permission to use DEVTOOL!【type = 6】 @ https://yurigarden.com/assets/index-CUTVLur8.js:16
[  224095ms] [WARNING] You don't have permission to use DEVTOOL!【type = 6】 @ https://yurigarden.com/assets/index-CUTVLur8.js:16
[  224599ms] [WARNING] You don't have permission to use DEVTOOL!【type = 6】 @ https://yurigarden.com/assets/index-CUTVLur8.js:16
[  225088ms] [WARNING] You don't have permission to use DEVTOOL!【type = 6】 @ https://yurigarden.com/assets/index-CUTVLur8.js:16
[  225593ms] [WARNING] You don't have permission to use DEVTOOL!【type = 6】 @ https://yurigarden.com/assets/index-CUTVLur8.js:16
[  226093ms] [WARNING] You don't have permission to use DEVTOOL!【type = 6】 @ https://yurigarden.com/assets/index-CUTVLur8.js:16
[  226600ms] [WARNING] You don't have permission to use DEVTOOL!【type = 6】 @ https://yurigarden.com/assets/index-CUTVLur8.js:16
[  227088ms] [WARNING] You don't have permission to use DEVTOOL!【type = 6】 @ https://yurigarden.com/assets/index-CUTVLur8.js:16
[  227595ms] [WARNING] You don't have permission to use DEVTOOL!【type = 6】 @ https://yurigarden.com/assets/index-CUTVLur8.js:16
[  228080ms] [WARNING] You don't have permission to use DEVTOOL!【type = 6】 @ https://yurigarden.com/assets/index-CUTVLur8.js:16
[  228601ms] [WARNING] You don't have permission to use DEVTOOL!【type = 6】 @ https://yurigarden.com/assets/index-CUTVLur8.js:16
[  229081ms] [WARNING] You don't have permission to use DEVTOOL!【type = 6】 @ https://yurigarden.com/assets/index-CUTVLur8.js:16
[  229581ms] [WARNING] You don't have permission to use DEVTOOL!【type = 6】 @ https://yurigarden.com/assets/index-CUTVLur8.js:16
[  230086ms] [WARNING] You don't have permission to use DEVTOOL!【type = 6】 @ https://yurigarden.com/assets/index-CUTVLur8.js:16
[  230588ms] [WARNING] You don't have permission to use DEVTOOL!【type = 6】 @ https://yurigarden.com/assets/index-CUTVLur8.js:16
[  231088ms] [WARNING] You don't have permission to use DEVTOOL!【type = 6】 @ https://yurigarden.com/assets/index-CUTVLur8.js:16
[  231590ms] [WARNING] You don't have permission to use DEVTOOL!【type = 6】 @ https://yurigarden.com/assets/index-CUTVLur8.js:16
[  232098ms] [WARNING] You don't have permission to use DEVTOOL!【type = 6】 @ https://yurigarden.com/assets/index-CUTVLur8.js:16
[  232599ms] [WARNING] You don't have permission to use DEVTOOL!【type = 6】 @ https://yurigarden.com/assets/index-CUTVLur8.js:16
[  233083ms] [WARNING] You don't have permission to use DEVTOOL!【type = 6】 @ https://yurigarden.com/assets/index-CUTVLur8.js:16
[  233587ms] [WARNING] You don't have permission to use DEVTOOL!【type = 6】 @ https://yurigarden.com/assets/index-CUTVLur8.js:16
[  234097ms] [WARNING] You don't have permission to use DEVTOOL!【type = 6】 @ https://yurigarden.com/assets/index-CUTVLur8.js:16
[  234581ms] [WARNING] You don't have permission to use DEVTOOL!【type = 6】 @ https://yurigarden.com/assets/index-CUTVLur8.js:16
[  235090ms] [WARNING] You don't have permission to use DEVTOOL!【type = 6】 @ https://yurigarden.com/assets/index-CUTVLur8.js:16
[  235590ms] [WARNING] You don't have permission to use DEVTOOL!【type = 6】 @ https://yurigarden.com/assets/index-CUTVLur8.js:16
[  236084ms] [WARNING] You don't have permission to use DEVTOOL!【type = 6】 @ https://yurigarden.com/assets/index-CUTVLur8.js:16
[  236583ms] [WARNING] You don't have permission to use DEVTOOL!【type = 6】 @ https://yurigarden.com/assets/index-CUTVLur8.js:16
[  237084ms] [WARNING] You don't have permission to use DEVTOOL!【type = 6】 @ https://yurigarden.com/assets/index-CUTVLur8.js:16
[  237594ms] [WARNING] You don't have permission to use DEVTOOL!【type = 6】 @ https://yurigarden.com/assets/index-CUTVLur8.js:16
[  238089ms] [WARNING] You don't have permission to use DEVTOOL!【type = 6】 @ https://yurigarden.com/assets/index-CUTVLur8.js:16
[  238588ms] [WARNING] You don't have permission to use DEVTOOL!【type = 6】 @ https://yurigarden.com/assets/index-CUTVLur8.js:16
[  239085ms] [WARNING] You don't have permission to use DEVTOOL!【type = 6】 @ https://yurigarden.com/assets/index-CUTVLur8.js:16
[  239584ms] [WARNING] You don't have permission to use DEVTOOL!【type = 6】 @ https://yurigarden.com/assets/index-CUTVLur8.js:16
[  240081ms] [WARNING] You don't have permission to use DEVTOOL!【type = 6】 @ https://yurigarden.com/assets/index-CUTVLur8.js:16
[  240587ms] [WARNING] You don't have permission to use DEVTOOL!【type = 6】 @ https://yurigarden.com/assets/index-CUTVLur8.js:16
[  241085ms] [WARNING] You don't have permission to use DEVTOOL!【type = 6】 @ https://yurigarden.com/assets/index-CUTVLur8.js:16
[  241584ms] [WARNING] You don't have permission to use DEVTOOL!【type = 6】 @ https://yurigarden.com/assets/index-CUTVLur8.js:16
[  242086ms] [WARNING] You don't have permission to use DEVTOOL!【type = 6】 @ https://yurigarden.com/assets/index-CUTVLur8.js:16
[  242586ms] [WARNING] You don't have permission to use DEVTOOL!【type = 6】 @ https://yurigarden.com/assets/index-CUTVLur8.js:16
[  243078ms] [WARNING] You don't have permission to use DEVTOOL!【type = 6】 @ https://yurigarden.com/assets/index-CUTVLur8.js:16
[  243584ms] [WARNING] You don't have permission to use DEVTOOL!【type = 6】 @ https://yurigarden.com/assets/index-CUTVLur8.js:16
[  244080ms] [WARNING] You don't have permission to use DEVTOOL!【type = 6】 @ https://yurigarden.com/assets/index-CUTVLur8.js:16
[  244585ms] [WARNING] You don't have permission to use DEVTOOL!【type = 6】 @ https://yurigarden.com/assets/index-CUTVLur8.js:16
[  245080ms] [WARNING] You don't have permission to use DEVTOOL!【type = 6】 @ https://yurigarden.com/assets/index-CUTVLur8.js:16
[  245602ms] [WARNING] You don't have permission to use DEVTOOL!【type = 6】 @ https://yurigarden.com/assets/index-CUTVLur8.js:16
[  246083ms] [WARNING] You don't have permission to use DEVTOOL!【type = 6】 @ https://yurigarden.com/assets/index-CUTVLur8.js:16
[  246583ms] [WARNING] You don't have permission to use DEVTOOL!【type = 6】 @ https://yurigarden.com/assets/index-CUTVLur8.js:16
[  247085ms] [WARNING] You don't have permission to use DEVTOOL!【type = 6】 @ https://yurigarden.com/assets/index-CUTVLur8.js:16
[  247587ms] [WARNING] You don't have permission to use DEVTOOL!【type = 6】 @ https://yurigarden.com/assets/index-CUTVLur8.js:16
[  248085ms] [WARNING] You don't have permission to use DEVTOOL!【type = 6】 @ https://yurigarden.com/assets/index-CUTVLur8.js:16
[  248584ms] [WARNING] You don't have permission to use DEVTOOL!【type = 6】 @ https://yurigarden.com/assets/index-CUTVLur8.js:16
[  249085ms] [WARNING] You don't have permission to use DEVTOOL!【type = 6】 @ https://yurigarden.com/assets/index-CUTVLur8.js:16
[  249587ms] [WARNING] You don't have permission to use DEVTOOL!【type = 6】 @ https://yurigarden.com/assets/index-CUTVLur8.js:16
[  250087ms] [WARNING] You don't have permission to use DEVTOOL!【type = 6】 @ https://yurigarden.com/assets/index-CUTVLur8.js:16
[  250588ms] [WARNING] You don't have permission to use DEVTOOL!【type = 6】 @ https://yurigarden.com/assets/index-CUTVLur8.js:16
[  251084ms] [WARNING] You don't have permission to use DEVTOOL!【type = 6】 @ https://yurigarden.com/assets/index-CUTVLur8.js:16
[  251588ms] [WARNING] You don't have permission to use DEVTOOL!【type = 6】 @ https://yurigarden.com/assets/index-CUTVLur8.js:16
[  252090ms] [WARNING] You don't have permission to use DEVTOOL!【type = 6】 @ https://yurigarden.com/assets/index-CUTVLur8.js:16
[  252590ms] [WARNING] You don't have permission to use DEVTOOL!【type = 6】 @ https://yurigarden.com/assets/index-CUTVLur8.js:16
[  253090ms] [WARNING] You don't have permission to use DEVTOOL!【type = 6】 @ https://yurigarden.com/assets/index-CUTVLur8.js:16
[  253596ms] [WARNING] You don't have permission to use DEVTOOL!【type = 6】 @ https://yurigarden.com/assets/index-CUTVLur8.js:16
[  254088ms] [WARNING] You don't have permission to use DEVTOOL!【type = 6】 @ https://yurigarden.com/assets/index-CUTVLur8.js:16
[  254579ms] [WARNING] You don't have permission to use DEVTOOL!【type = 6】 @ https://yurigarden.com/assets/index-CUTVLur8.js:16
[  255079ms] [WARNING] You don't have permission to use DEVTOOL!【type = 6】 @ https://yurigarden.com/assets/index-CUTVLur8.js:16
[  255581ms] [WARNING] You don't have permission to use DEVTOOL!【type = 6】 @ https://yurigarden.com/assets/index-CUTVLur8.js:16
[  256082ms] [WARNING] You don't have permission to use DEVTOOL!【type = 6】 @ https://yurigarden.com/assets/index-CUTVLur8.js:16
[  256582ms] [WARNING] You don't have permission to use DEVTOOL!【type = 6】 @ https://yurigarden.com/assets/index-CUTVLur8.js:16
[  257083ms] [WARNING] You don't have permission to use DEVTOOL!【type = 6】 @ https://yurigarden.com/assets/index-CUTVLur8.js:16
[  257592ms] [WARNING] You don't have permission to use DEVTOOL!【type = 6】 @ https://yurigarden.com/assets/index-CUTVLur8.js:16
[  258091ms] [WARNING] You don't have permission to use DEVTOOL!【type = 6】 @ https://yurigarden.com/assets/index-CUTVLur8.js:16
[  258578ms] [WARNING] You don't have permission to use DEVTOOL!【type = 6】 @ https://yurigarden.com/assets/index-CUTVLur8.js:16
[  259086ms] [WARNING] You don't have permission to use DEVTOOL!【type = 6】 @ https://yurigarden.com/assets/index-CUTVLur8.js:16
[  259583ms] [WARNING] You don't have permission to use DEVTOOL!【type = 6】 @ https://yurigarden.com/assets/index-CUTVLur8.js:16
[  260079ms] [WARNING] You don't have permission to use DEVTOOL!【type = 6】 @ https://yurigarden.com/assets/index-CUTVLur8.js:16
[  260584ms] [WARNING] You don't have permission to use DEVTOOL!【type = 6】 @ https://yurigarden.com/assets/index-CUTVLur8.js:16
[  261082ms] [WARNING] You don't have permission to use DEVTOOL!【type = 6】 @ https://yurigarden.com/assets/index-CUTVLur8.js:16
[  261577ms] [WARNING] You don't have permission to use DEVTOOL!【type = 6】 @ https://yurigarden.com/assets/index-CUTVLur8.js:16
[  262084ms] [WARNING] You don't have permission to use DEVTOOL!【type = 6】 @ https://yurigarden.com/assets/index-CUTVLur8.js:16
[  262581ms] [WARNING] You don't have permission to use DEVTOOL!【type = 6】 @ https://yurigarden.com/assets/index-CUTVLur8.js:16
[  263082ms] [WARNING] You don't have permission to use DEVTOOL!【type = 6】 @ https://yurigarden.com/assets/index-CUTVLur8.js:16
[  263581ms] [WARNING] You don't have permission to use DEVTOOL!【type = 6】 @ https://yurigarden.com/assets/index-CUTVLur8.js:16
[  264075ms] [WARNING] You don't have permission to use DEVTOOL!【type = 6】 @ https://yurigarden.com/assets/index-CUTVLur8.js:16
[  264589ms] [WARNING] You don't have permission to use DEVTOOL!【type = 6】 @ https://yurigarden.com/assets/index-CUTVLur8.js:16
[  265085ms] [WARNING] You don't have permission to use DEVTOOL!【type = 6】 @ https://yurigarden.com/assets/index-CUTVLur8.js:16
[  265595ms] [WARNING] You don't have permission to use DEVTOOL!【type = 6】 @ https://yurigarden.com/assets/index-CUTVLur8.js:16
[  266092ms] [WARNING] You don't have permission to use DEVTOOL!【type = 6】 @ https://yurigarden.com/assets/index-CUTVLur8.js:16
[  266594ms] [WARNING] You don't have permission to use DEVTOOL!【type = 6】 @ https://yurigarden.com/assets/index-CUTVLur8.js:16
[  267090ms] [WARNING] You don't have permission to use DEVTOOL!【type = 6】 @ https://yurigarden.com/assets/index-CUTVLur8.js:16
[  267585ms] [WARNING] You don't have permission to use DEVTOOL!【type = 6】 @ https://yurigarden.com/assets/index-CUTVLur8.js:16
[  268084ms] [WARNING] You don't have permission to use DEVTOOL!【type = 6】 @ https://yurigarden.com/assets/index-CUTVLur8.js:16
[  268583ms] [WARNING] You don't have permission to use DEVTOOL!【type = 6】 @ https://yurigarden.com/assets/index-CUTVLur8.js:16
[  269086ms] [WARNING] You don't have permission to use DEVTOOL!【type = 6】 @ https://yurigarden.com/assets/index-CUTVLur8.js:16
[  269587ms] [WARNING] You don't have permission to use DEVTOOL!【type = 6】 @ https://yurigarden.com/assets/index-CUTVLur8.js:16
[  270099ms] [WARNING] You don't have permission to use DEVTOOL!【type = 6】 @ https://yurigarden.com/assets/index-CUTVLur8.js:16
[  270595ms] [WARNING] You don't have permission to use DEVTOOL!【type = 6】 @ https://yurigarden.com/assets/index-CUTVLur8.js:16
[  271081ms] [WARNING] You don't have permission to use DEVTOOL!【type = 6】 @ https://yurigarden.com/assets/index-CUTVLur8.js:16
[  271589ms] [WARNING] You don't have permission to use DEVTOOL!【type = 6】 @ https://yurigarden.com/assets/index-CUTVLur8.js:16
[  272084ms] [WARNING] You don't have permission to use DEVTOOL!【type = 6】 @ https://yurigarden.com/assets/index-CUTVLur8.js:16
[  272587ms] [WARNING] You don't have permission to use DEVTOOL!【type = 6】 @ https://yurigarden.com/assets/index-CUTVLur8.js:16
[  273089ms] [WARNING] You don't have permission to use DEVTOOL!【type = 6】 @ https://yurigarden.com/assets/index-CUTVLur8.js:16
[  273594ms] [WARNING] You don't have permission to use DEVTOOL!【type = 6】 @ https://yurigarden.com/assets/index-CUTVLur8.js:16
[  274090ms] [WARNING] You don't have permission to use DEVTOOL!【type = 6】 @ https://yurigarden.com/assets/index-CUTVLur8.js:16
[  274584ms] [WARNING] You don't have permission to use DEVTOOL!【type = 6】 @ https://yurigarden.com/assets/index-CUTVLur8.js:16
[  275084ms] [WARNING] You don't have permission to use DEVTOOL!【type = 6】 @ https://yurigarden.com/assets/index-CUTVLur8.js:16
[  275595ms] [WARNING] You don't have permission to use DEVTOOL!【type = 6】 @ https://yurigarden.com/assets/index-CUTVLur8.js:16
[  276086ms] [WARNING] You don't have permission to use DEVTOOL!【type = 6】 @ https://yurigarden.com/assets/index-CUTVLur8.js:16
[  276585ms] [WARNING] You don't have permission to use DEVTOOL!【type = 6】 @ https://yurigarden.com/assets/index-CUTVLur8.js:16
[  277084ms] [WARNING] You don't have permission to use DEVTOOL!【type = 6】 @ https://yurigarden.com/assets/index-CUTVLur8.js:16
[  277592ms] [WARNING] You don't have permission to use DEVTOOL!【type = 6】 @ https://yurigarden.com/assets/index-CUTVLur8.js:16
[  278080ms] [WARNING] You don't have permission to use DEVTOOL!【type = 6】 @ https://yurigarden.com/assets/index-CUTVLur8.js:16
[  278588ms] [WARNING] You don't have permission to use DEVTOOL!【type = 6】 @ https://yurigarden.com/assets/index-CUTVLur8.js:16
[  279082ms] [WARNING] You don't have permission to use DEVTOOL!【type = 6】 @ https://yurigarden.com/assets/index-CUTVLur8.js:16
[  279584ms] [WARNING] You don't have permission to use DEVTOOL!【type = 6】 @ https://yurigarden.com/assets/index-CUTVLur8.js:16
[  280087ms] [WARNING] You don't have permission to use DEVTOOL!【type = 6】 @ https://yurigarden.com/assets/index-CUTVLur8.js:16
[  280588ms] [WARNING] You don't have permission to use DEVTOOL!【type = 6】 @ https://yurigarden.com/assets/index-CUTVLur8.js:16
[  281089ms] [WARNING] You don't have permission to use DEVTOOL!【type = 6】 @ https://yurigarden.com/assets/index-CUTVLur8.js:16
[  281578ms] [WARNING] You don't have permission to use DEVTOOL!【type = 6】 @ https://yurigarden.com/assets/index-CUTVLur8.js:16
[  282080ms] [WARNING] You don't have permission to use DEVTOOL!【type = 6】 @ https://yurigarden.com/assets/index-CUTVLur8.js:16
[  282583ms] [WARNING] You don't have permission to use DEVTOOL!【type = 6】 @ https://yurigarden.com/assets/index-CUTVLur8.js:16
[  283081ms] [WARNING] You don't have permission to use DEVTOOL!【type = 6】 @ https://yurigarden.com/assets/index-CUTVLur8.js:16
[  283593ms] [WARNING] You don't have permission to use DEVTOOL!【type = 6】 @ https://yurigarden.com/assets/index-CUTVLur8.js:16
[  284087ms] [WARNING] You don't have permission to use DEVTOOL!【type = 6】 @ https://yurigarden.com/assets/index-CUTVLur8.js:16
[  284594ms] [WARNING] You don't have permission to use DEVTOOL!【type = 6】 @ https://yurigarden.com/assets/index-CUTVLur8.js:16
[  285086ms] [WARNING] You don't have permission to use DEVTOOL!【type = 6】 @ https://yurigarden.com/assets/index-CUTVLur8.js:16
[  285592ms] [WARNING] You don't have permission to use DEVTOOL!【type = 6】 @ https://yurigarden.com/assets/index-CUTVLur8.js:16
[  286085ms] [WARNING] You don't have permission to use DEVTOOL!【type = 6】 @ https://yurigarden.com/assets/index-CUTVLur8.js:16
[  286590ms] [WARNING] You don't have permission to use DEVTOOL!【type = 6】 @ https://yurigarden.com/assets/index-CUTVLur8.js:16
[  287096ms] [WARNING] You don't have permission to use DEVTOOL!【type = 6】 @ https://yurigarden.com/assets/index-CUTVLur8.js:16
[  287586ms] [WARNING] You don't have permission to use DEVTOOL!【type = 6】 @ https://yurigarden.com/assets/index-CUTVLur8.js:16
[  288085ms] [WARNING] You don't have permission to use DEVTOOL!【type = 6】 @ https://yurigarden.com/assets/index-CUTVLur8.js:16
[  288581ms] [WARNING] You don't have permission to use DEVTOOL!【type = 6】 @ https://yurigarden.com/assets/index-CUTVLur8.js:16
[  289075ms] [WARNING] You don't have permission to use DEVTOOL!【type = 6】 @ https://yurigarden.com/assets/index-CUTVLur8.js:16
[  289581ms] [WARNING] You don't have permission to use DEVTOOL!【type = 6】 @ https://yurigarden.com/assets/index-CUTVLur8.js:16
[  290083ms] [WARNING] You don't have permission to use DEVTOOL!【type = 6】 @ https://yurigarden.com/assets/index-CUTVLur8.js:16
[  290588ms] [WARNING] You don't have permission to use DEVTOOL!【type = 6】 @ https://yurigarden.com/assets/index-CUTVLur8.js:16
[  291079ms] [WARNING] You don't have permission to use DEVTOOL!【type = 6】 @ https://yurigarden.com/assets/index-CUTVLur8.js:16
[  291584ms] [WARNING] You don't have permission to use DEVTOOL!【type = 6】 @ https://yurigarden.com/assets/index-CUTVLur8.js:16
[  292077ms] [WARNING] You don't have permission to use DEVTOOL!【type = 6】 @ https://yurigarden.com/assets/index-CUTVLur8.js:16
[  292584ms] [WARNING] You don't have permission to use DEVTOOL!【type = 6】 @ https://yurigarden.com/assets/index-CUTVLur8.js:16
[  293080ms] [WARNING] You don't have permission to use DEVTOOL!【type = 6】 @ https://yurigarden.com/assets/index-CUTVLur8.js:16
[  293587ms] [WARNING] You don't have permission to use DEVTOOL!【type = 6】 @ https://yurigarden.com/assets/index-CUTVLur8.js:16
[  294083ms] [WARNING] You don't have permission to use DEVTOOL!【type = 6】 @ https://yurigarden.com/assets/index-CUTVLur8.js:16
[  294593ms] [WARNING] You don't have permission to use DEVTOOL!【type = 6】 @ https://yurigarden.com/assets/index-CUTVLur8.js:16
[  295086ms] [WARNING] You don't have permission to use DEVTOOL!【type = 6】 @ https://yurigarden.com/assets/index-CUTVLur8.js:16
[  295588ms] [WARNING] You don't have permission to use DEVTOOL!【type = 6】 @ https://yurigarden.com/assets/index-CUTVLur8.js:16
[  296081ms] [WARNING] You don't have permission to use DEVTOOL!【type = 6】 @ https://yurigarden.com/assets/index-CUTVLur8.js:16
[  296580ms] [WARNING] You don't have permission to use DEVTOOL!【type = 6】 @ https://yurigarden.com/assets/index-CUTVLur8.js:16
[  297091ms] [WARNING] You don't have permission to use DEVTOOL!【type = 6】 @ https://yurigarden.com/assets/index-CUTVLur8.js:16
[  297582ms] [WARNING] You don't have permission to use DEVTOOL!【type = 6】 @ https://yurigarden.com/assets/index-CUTVLur8.js:16
[  298076ms] [WARNING] You don't have permission to use DEVTOOL!【type = 6】 @ https://yurigarden.com/assets/index-CUTVLur8.js:16
[  298584ms] [WARNING] You don't have permission to use DEVTOOL!【type = 6】 @ https://yurigarden.com/assets/index-CUTVLur8.js:16
[  299084ms] [WARNING] You don't have permission to use DEVTOOL!【type = 6】 @ https://yurigarden.com/assets/index-CUTVLur8.js:16
[  299580ms] [WARNING] You don't have permission to use DEVTOOL!【type = 6】 @ https://yurigarden.com/assets/index-CUTVLur8.js:16
[  300085ms] [WARNING] You don't have permission to use DEVTOOL!【type = 6】 @ https://yurigarden.com/assets/index-CUTVLur8.js:16
[  300585ms] [WARNING] You don't have permission to use DEVTOOL!【type = 6】 @ https://yurigarden.com/assets/index-CUTVLur8.js:16
[  301079ms] [WARNING] You don't have permission to use DEVTOOL!【type = 6】 @ https://yurigarden.com/assets/index-CUTVLur8.js:16
[  301590ms] [WARNING] You don't have permission to use DEVTOOL!【type = 6】 @ https://yurigarden.com/assets/index-CUTVLur8.js:16
[  302096ms] [WARNING] You don't have permission to use DEVTOOL!【type = 6】 @ https://yurigarden.com/assets/index-CUTVLur8.js:16
[  302582ms] [WARNING] You don't have permission to use DEVTOOL!【type = 6】 @ https://yurigarden.com/assets/index-CUTVLur8.js:16
[  303092ms] [WARNING] You don't have permission to use DEVTOOL!【type = 6】 @ https://yurigarden.com/assets/index-CUTVLur8.js:16
[  303585ms] [WARNING] You don't have permission to use DEVTOOL!【type = 6】 @ https://yurigarden.com/assets/index-CUTVLur8.js:16
[  304077ms] [WARNING] You don't have permission to use DEVTOOL!【type = 6】 @ https://yurigarden.com/assets/index-CUTVLur8.js:16
[  304582ms] [WARNING] You don't have permission to use DEVTOOL!【type = 6】 @ https://yurigarden.com/assets/index-CUTVLur8.js:16
[  305087ms] [WARNING] You don't have permission to use DEVTOOL!【type = 6】 @ https://yurigarden.com/assets/index-CUTVLur8.js:16
[  305585ms] [WARNING] You don't have permission to use DEVTOOL!【type = 6】 @ https://yurigarden.com/assets/index-CUTVLur8.js:16
[  306083ms] [WARNING] You don't have permission to use DEVTOOL!【type = 6】 @ https://yurigarden.com/assets/index-CUTVLur8.js:16
[  306584ms] [WARNING] You don't have permission to use DEVTOOL!【type = 6】 @ https://yurigarden.com/assets/index-CUTVLur8.js:16
[  307084ms] [WARNING] You don't have permission to use DEVTOOL!【type = 6】 @ https://yurigarden.com/assets/index-CUTVLur8.js:16
[  307588ms] [WARNING] You don't have permission to use DEVTOOL!【type = 6】 @ https://yurigarden.com/assets/index-CUTVLur8.js:16
[  308081ms] [WARNING] You don't have permission to use DEVTOOL!【type = 6】 @ https://yurigarden.com/assets/index-CUTVLur8.js:16
[  308591ms] [WARNING] You don't have permission to use DEVTOOL!【type = 6】 @ https://yurigarden.com/assets/index-CUTVLur8.js:16
[  309084ms] [WARNING] You don't have permission to use DEVTOOL!【type = 6】 @ https://yurigarden.com/assets/index-CUTVLur8.js:16
[  309583ms] [WARNING] You don't have permission to use DEVTOOL!【type = 6】 @ https://yurigarden.com/assets/index-CUTVLur8.js:16
[  310087ms] [WARNING] You don't have permission to use DEVTOOL!【type = 6】 @ https://yurigarden.com/assets/index-CUTVLur8.js:16
[  310586ms] [WARNING] You don't have permission to use DEVTOOL!【type = 6】 @ https://yurigarden.com/assets/index-CUTVLur8.js:16
[  311083ms] [WARNING] You don't have permission to use DEVTOOL!【type = 6】 @ https://yurigarden.com/assets/index-CUTVLur8.js:16
[  311584ms] [WARNING] You don't have permission to use DEVTOOL!【type = 6】 @ https://yurigarden.com/assets/index-CUTVLur8.js:16
[  312091ms] [WARNING] You don't have permission to use DEVTOOL!【type = 6】 @ https://yurigarden.com/assets/index-CUTVLur8.js:16
[  312585ms] [WARNING] You don't have permission to use DEVTOOL!【type = 6】 @ https://yurigarden.com/assets/index-CUTVLur8.js:16
[  313074ms] [WARNING] You don't have permission to use DEVTOOL!【type = 6】 @ https://yurigarden.com/assets/index-CUTVLur8.js:16
[  313589ms] [WARNING] You don't have permission to use DEVTOOL!【type = 6】 @ https://yurigarden.com/assets/index-CUTVLur8.js:16
[  314084ms] [WARNING] You don't have permission to use DEVTOOL!【type = 6】 @ https://yurigarden.com/assets/index-CUTVLur8.js:16
[  314585ms] [WARNING] You don't have permission to use DEVTOOL!【type = 6】 @ https://yurigarden.com/assets/index-CUTVLur8.js:16
[  315084ms] [WARNING] You don't have permission to use DEVTOOL!【type = 6】 @ https://yurigarden.com/assets/index-CUTVLur8.js:16
[  315592ms] [WARNING] You don't have permission to use DEVTOOL!【type = 6】 @ https://yurigarden.com/assets/index-CUTVLur8.js:16
[  316086ms] [WARNING] You don't have permission to use DEVTOOL!【type = 6】 @ https://yurigarden.com/assets/index-CUTVLur8.js:16
[  316593ms] [WARNING] You don't have permission to use DEVTOOL!【type = 6】 @ https://yurigarden.com/assets/index-CUTVLur8.js:16
[  317089ms] [WARNING] You don't have permission to use DEVTOOL!【type = 6】 @ https://yurigarden.com/assets/index-CUTVLur8.js:16
[  317579ms] [WARNING] You don't have permission to use DEVTOOL!【type = 6】 @ https://yurigarden.com/assets/index-CUTVLur8.js:16
[  318086ms] [WARNING] You don't have permission to use DEVTOOL!【type = 6】 @ https://yurigarden.com/assets/index-CUTVLur8.js:16
[  318584ms] [WARNING] You don't have permission to use DEVTOOL!【type = 6】 @ https://yurigarden.com/assets/index-CUTVLur8.js:16
[  319083ms] [WARNING] You don't have permission to use DEVTOOL!【type = 6】 @ https://yurigarden.com/assets/index-CUTVLur8.js:16
[  319585ms] [WARNING] You don't have permission to use DEVTOOL!【type = 6】 @ https://yurigarden.com/assets/index-CUTVLur8.js:16
[  320092ms] [WARNING] You don't have permission to use DEVTOOL!【type = 6】 @ https://yurigarden.com/assets/index-CUTVLur8.js:16
[  320593ms] [WARNING] You don't have permission to use DEVTOOL!【type = 6】 @ https://yurigarden.com/assets/index-CUTVLur8.js:16
[  321078ms] [WARNING] You don't have permission to use DEVTOOL!【type = 6】 @ https://yurigarden.com/assets/index-CUTVLur8.js:16
[  321589ms] [WARNING] You don't have permission to use DEVTOOL!【type = 6】 @ https://yurigarden.com/assets/index-CUTVLur8.js:16
[  322102ms] [WARNING] You don't have permission to use DEVTOOL!【type = 6】 @ https://yurigarden.com/assets/index-CUTVLur8.js:16
[  322585ms] [WARNING] You don't have permission to use DEVTOOL!【type = 6】 @ https://yurigarden.com/assets/index-CUTVLur8.js:16
[  323083ms] [WARNING] You don't have permission to use DEVTOOL!【type = 6】 @ https://yurigarden.com/assets/index-CUTVLur8.js:16
[  323585ms] [WARNING] You don't have permission to use DEVTOOL!【type = 6】 @ https://yurigarden.com/assets/index-CUTVLur8.js:16
[  324082ms] [WARNING] You don't have permission to use DEVTOOL!【type = 6】 @ https://yurigarden.com/assets/index-CUTVLur8.js:16
[  324589ms] [WARNING] You don't have permission to use DEVTOOL!【type = 6】 @ https://yurigarden.com/assets/index-CUTVLur8.js:16
[  325094ms] [WARNING] You don't have permission to use DEVTOOL!【type = 6】 @ https://yurigarden.com/assets/index-CUTVLur8.js:16
[  325584ms] [WARNING] You don't have permission to use DEVTOOL!【type = 6】 @ https://yurigarden.com/assets/index-CUTVLur8.js:16
[  326083ms] [WARNING] You don't have permission to use DEVTOOL!【type = 6】 @ https://yurigarden.com/assets/index-CUTVLur8.js:16
[  326583ms] [WARNING] You don't have permission to use DEVTOOL!【type = 6】 @ https://yurigarden.com/assets/index-CUTVLur8.js:16
[  327088ms] [WARNING] You don't have permission to use DEVTOOL!【type = 6】 @ https://yurigarden.com/assets/index-CUTVLur8.js:16
[  327595ms] [WARNING] You don't have permission to use DEVTOOL!【type = 6】 @ https://yurigarden.com/assets/index-CUTVLur8.js:16
[  328082ms] [WARNING] You don't have permission to use DEVTOOL!【type = 6】 @ https://yurigarden.com/assets/index-CUTVLur8.js:16
[  328600ms] [WARNING] You don't have permission to use DEVTOOL!【type = 6】 @ https://yurigarden.com/assets/index-CUTVLur8.js:16
[  329093ms] [WARNING] You don't have permission to use DEVTOOL!【type = 6】 @ https://yurigarden.com/assets/index-CUTVLur8.js:16
[  329601ms] [WARNING] You don't have permission to use DEVTOOL!【type = 6】 @ https://yurigarden.com/assets/index-CUTVLur8.js:16
[  330098ms] [WARNING] You don't have permission to use DEVTOOL!【type = 6】 @ https://yurigarden.com/assets/index-CUTVLur8.js:16
[  330591ms] [WARNING] You don't have permission to use DEVTOOL!【type = 6】 @ https://yurigarden.com/assets/index-CUTVLur8.js:16
[  331081ms] [WARNING] You don't have permission to use DEVTOOL!【type = 6】 @ https://yurigarden.com/assets/index-CUTVLur8.js:16
[  331586ms] [WARNING] You don't have permission to use DEVTOOL!【type = 6】 @ https://yurigarden.com/assets/index-CUTVLur8.js:16
[  332086ms] [WARNING] You don't have permission to use DEVTOOL!【type = 6】 @ https://yurigarden.com/assets/index-CUTVLur8.js:16
[  332587ms] [WARNING] You don't have permission to use DEVTOOL!【type = 6】 @ https://yurigarden.com/assets/index-CUTVLur8.js:16
[  333086ms] [WARNING] You don't have permission to use DEVTOOL!【type = 6】 @ https://yurigarden.com/assets/index-CUTVLur8.js:16
[  333579ms] [WARNING] You don't have permission to use DEVTOOL!【type = 6】 @ https://yurigarden.com/assets/index-CUTVLur8.js:16
[  334087ms] [WARNING] You don't have permission to use DEVTOOL!【type = 6】 @ https://yurigarden.com/assets/index-CUTVLur8.js:16
[  334583ms] [WARNING] You don't have permission to use DEVTOOL!【type = 6】 @ https://yurigarden.com/assets/index-CUTVLur8.js:16
[  335089ms] [WARNING] You don't have permission to use DEVTOOL!【type = 6】 @ https://yurigarden.com/assets/index-CUTVLur8.js:16
[  335597ms] [WARNING] You don't have permission to use DEVTOOL!【type = 6】 @ https://yurigarden.com/assets/index-CUTVLur8.js:16
[  336084ms] [WARNING] You don't have permission to use DEVTOOL!【type = 6】 @ https://yurigarden.com/assets/index-CUTVLur8.js:16
[  336606ms] [WARNING] You don't have permission to use DEVTOOL!【type = 6】 @ https://yurigarden.com/assets/index-CUTVLur8.js:16
[  337088ms] [WARNING] You don't have permission to use DEVTOOL!【type = 6】 @ https://yurigarden.com/assets/index-CUTVLur8.js:16
[  337583ms] [WARNING] You don't have permission to use DEVTOOL!【type = 6】 @ https://yurigarden.com/assets/index-CUTVLur8.js:16
[  338082ms] [WARNING] You don't have permission to use DEVTOOL!【type = 6】 @ https://yurigarden.com/assets/index-CUTVLur8.js:16
[  338576ms] [WARNING] You don't have permission to use DEVTOOL!【type = 6】 @ https://yurigarden.com/assets/index-CUTVLur8.js:16
[  339092ms] [WARNING] You don't have permission to use DEVTOOL!【type = 6】 @ https://yurigarden.com/assets/index-CUTVLur8.js:16
[  339579ms] [WARNING] You don't have permission to use DEVTOOL!【type = 6】 @ https://yurigarden.com/assets/index-CUTVLur8.js:16
[  340082ms] [WARNING] You don't have permission to use DEVTOOL!【type = 6】 @ https://yurigarden.com/assets/index-CUTVLur8.js:16
[  340580ms] [WARNING] You don't have permission to use DEVTOOL!【type = 6】 @ https://yurigarden.com/assets/index-CUTVLur8.js:16
[  341085ms] [WARNING] You don't have permission to use DEVTOOL!【type = 6】 @ https://yurigarden.com/assets/index-CUTVLur8.js:16
[  341580ms] [WARNING] You don't have permission to use DEVTOOL!【type = 6】 @ https://yurigarden.com/assets/index-CUTVLur8.js:16
[  342080ms] [WARNING] You don't have permission to use DEVTOOL!【type = 6】 @ https://yurigarden.com/assets/index-CUTVLur8.js:16
[  342592ms] [WARNING] You don't have permission to use DEVTOOL!【type = 6】 @ https://yurigarden.com/assets/index-CUTVLur8.js:16
[  343082ms] [WARNING] You don't have permission to use DEVTOOL!【type = 6】 @ https://yurigarden.com/assets/index-CUTVLur8.js:16
[  343592ms] [WARNING] You don't have permission to use DEVTOOL!【type = 6】 @ https://yurigarden.com/assets/index-CUTVLur8.js:16
[  344090ms] [WARNING] You don't have permission to use DEVTOOL!【type = 6】 @ https://yurigarden.com/assets/index-CUTVLur8.js:16
[  344587ms] [WARNING] You don't have permission to use DEVTOOL!【type = 6】 @ https://yurigarden.com/assets/index-CUTVLur8.js:16
[  345079ms] [WARNING] You don't have permission to use DEVTOOL!【type = 6】 @ https://yurigarden.com/assets/index-CUTVLur8.js:16
[  345578ms] [WARNING] You don't have permission to use DEVTOOL!【type = 6】 @ https://yurigarden.com/assets/index-CUTVLur8.js:16
[  346086ms] [WARNING] You don't have permission to use DEVTOOL!【type = 6】 @ https://yurigarden.com/assets/index-CUTVLur8.js:16
[  346582ms] [WARNING] You don't have permission to use DEVTOOL!【type = 6】 @ https://yurigarden.com/assets/index-CUTVLur8.js:16
[  347084ms] [WARNING] You don't have permission to use DEVTOOL!【type = 6】 @ https://yurigarden.com/assets/index-CUTVLur8.js:16
[  347580ms] [WARNING] You don't have permission to use DEVTOOL!【type = 6】 @ https://yurigarden.com/assets/index-CUTVLur8.js:16
[  348080ms] [WARNING] You don't have permission to use DEVTOOL!【type = 6】 @ https://yurigarden.com/assets/index-CUTVLur8.js:16
[  348578ms] [WARNING] You don't have permission to use DEVTOOL!【type = 6】 @ https://yurigarden.com/assets/index-CUTVLur8.js:16
[  349083ms] [WARNING] You don't have permission to use DEVTOOL!【type = 6】 @ https://yurigarden.com/assets/index-CUTVLur8.js:16
[  349583ms] [WARNING] You don't have permission to use DEVTOOL!【type = 6】 @ https://yurigarden.com/assets/index-CUTVLur8.js:16
[  350085ms] [WARNING] You don't have permission to use DEVTOOL!【type = 6】 @ https://yurigarden.com/assets/index-CUTVLur8.js:16
[  350584ms] [WARNING] You don't have permission to use DEVTOOL!【type = 6】 @ https://yurigarden.com/assets/index-CUTVLur8.js:16
[  351086ms] [WARNING] You don't have permission to use DEVTOOL!【type = 6】 @ https://yurigarden.com/assets/index-CUTVLur8.js:16
[  351579ms] [WARNING] You don't have permission to use DEVTOOL!【type = 6】 @ https://yurigarden.com/assets/index-CUTVLur8.js:16
[  352076ms] [WARNING] You don't have permission to use DEVTOOL!【type = 6】 @ https://yurigarden.com/assets/index-CUTVLur8.js:16
[  352584ms] [WARNING] You don't have permission to use DEVTOOL!【type = 6】 @ https://yurigarden.com/assets/index-CUTVLur8.js:16
[  353078ms] [WARNING] You don't have permission to use DEVTOOL!【type = 6】 @ https://yurigarden.com/assets/index-CUTVLur8.js:16
[  353580ms] [WARNING] You don't have permission to use DEVTOOL!【type = 6】 @ https://yurigarden.com/assets/index-CUTVLur8.js:16
[  354085ms] [WARNING] You don't have permission to use DEVTOOL!【type = 6】 @ https://yurigarden.com/assets/index-CUTVLur8.js:16
[  354585ms] [WARNING] You don't have permission to use DEVTOOL!【type = 6】 @ https://yurigarden.com/assets/index-CUTVLur8.js:16
[  355085ms] [WARNING] You don't have permission to use DEVTOOL!【type = 6】 @ https://yurigarden.com/assets/index-CUTVLur8.js:16
[  355587ms] [WARNING] You don't have permission to use DEVTOOL!【type = 6】 @ https://yurigarden.com/assets/index-CUTVLur8.js:16
[  356083ms] [WARNING] You don't have permission to use DEVTOOL!【type = 6】 @ https://yurigarden.com/assets/index-CUTVLur8.js:16
[  356583ms] [WARNING] You don't have permission to use DEVTOOL!【type = 6】 @ https://yurigarden.com/assets/index-CUTVLur8.js:16
[  357081ms] [WARNING] You don't have permission to use DEVTOOL!【type = 6】 @ https://yurigarden.com/assets/index-CUTVLur8.js:16
[  357589ms] [WARNING] You don't have permission to use DEVTOOL!【type = 6】 @ https://yurigarden.com/assets/index-CUTVLur8.js:16
[  358084ms] [WARNING] You don't have permission to use DEVTOOL!【type = 6】 @ https://yurigarden.com/assets/index-CUTVLur8.js:16
[  358589ms] [WARNING] You don't have permission to use DEVTOOL!【type = 6】 @ https://yurigarden.com/assets/index-CUTVLur8.js:16
[  359082ms] [WARNING] You don't have permission to use DEVTOOL!【type = 6】 @ https://yurigarden.com/assets/index-CUTVLur8.js:16
[  359578ms] [WARNING] You don't have permission to use DEVTOOL!【type = 6】 @ https://yurigarden.com/assets/index-CUTVLur8.js:16
[  360096ms] [WARNING] You don't have permission to use DEVTOOL!【type = 6】 @ https://yurigarden.com/assets/index-CUTVLur8.js:16
[  360583ms] [WARNING] You don't have permission to use DEVTOOL!【type = 6】 @ https://yurigarden.com/assets/index-CUTVLur8.js:16
[  361092ms] [WARNING] You don't have permission to use DEVTOOL!【type = 6】 @ https://yurigarden.com/assets/index-CUTVLur8.js:16
[  361590ms] [WARNING] You don't have permission to use DEVTOOL!【type = 6】 @ https://yurigarden.com/assets/index-CUTVLur8.js:16
[  362085ms] [WARNING] You don't have permission to use DEVTOOL!【type = 6】 @ https://yurigarden.com/assets/index-CUTVLur8.js:16
[  362584ms] [WARNING] You don't have permission to use DEVTOOL!【type = 6】 @ https://yurigarden.com/assets/index-CUTVLur8.js:16
[  363089ms] [WARNING] You don't have permission to use DEVTOOL!【type = 6】 @ https://yurigarden.com/assets/index-CUTVLur8.js:16
[  363595ms] [WARNING] You don't have permission to use DEVTOOL!【type = 6】 @ https://yurigarden.com/assets/index-CUTVLur8.js:16
[  364093ms] [WARNING] You don't have permission to use DEVTOOL!【type = 6】 @ https://yurigarden.com/assets/index-CUTVLur8.js:16
[  364599ms] [WARNING] You don't have permission to use DEVTOOL!【type = 6】 @ https://yurigarden.com/assets/index-CUTVLur8.js:16
[  365094ms] [WARNING] You don't have permission to use DEVTOOL!【type = 6】 @ https://yurigarden.com/assets/index-CUTVLur8.js:16
[  365599ms] [WARNING] You don't have permission to use DEVTOOL!【type = 6】 @ https://yurigarden.com/assets/index-CUTVLur8.js:16
[  366084ms] [WARNING] You don't have permission to use DEVTOOL!【type = 6】 @ https://yurigarden.com/assets/index-CUTVLur8.js:16
[  366587ms] [WARNING] You don't have permission to use DEVTOOL!【type = 6】 @ https://yurigarden.com/assets/index-CUTVLur8.js:16
[  367094ms] [WARNING] You don't have permission to use DEVTOOL!【type = 6】 @ https://yurigarden.com/assets/index-CUTVLur8.js:16
[  367582ms] [WARNING] You don't have permission to use DEVTOOL!【type = 6】 @ https://yurigarden.com/assets/index-CUTVLur8.js:16
[  368084ms] [WARNING] You don't have permission to use DEVTOOL!【type = 6】 @ https://yurigarden.com/assets/index-CUTVLur8.js:16
[  368584ms] [WARNING] You don't have permission to use DEVTOOL!【type = 6】 @ https://yurigarden.com/assets/index-CUTVLur8.js:16
[  369088ms] [WARNING] You don't have permission to use DEVTOOL!【type = 6】 @ https://yurigarden.com/assets/index-CUTVLur8.js:16
[  369585ms] [WARNING] You don't have permission to use DEVTOOL!【type = 6】 @ https://yurigarden.com/assets/index-CUTVLur8.js:16
[  370080ms] [WARNING] You don't have permission to use DEVTOOL!【type = 6】 @ https://yurigarden.com/assets/index-CUTVLur8.js:16
[  370593ms] [WARNING] You don't have permission to use DEVTOOL!【type = 6】 @ https://yurigarden.com/assets/index-CUTVLur8.js:16
[  371088ms] [WARNING] You don't have permission to use DEVTOOL!【type = 6】 @ https://yurigarden.com/assets/index-CUTVLur8.js:16
[  371594ms] [WARNING] You don't have permission to use DEVTOOL!【type = 6】 @ https://yurigarden.com/assets/index-CUTVLur8.js:16
[  372090ms] [WARNING] You don't have permission to use DEVTOOL!【type = 6】 @ https://yurigarden.com/assets/index-CUTVLur8.js:16
[  372580ms] [WARNING] You don't have permission to use DEVTOOL!【type = 6】 @ https://yurigarden.com/assets/index-CUTVLur8.js:16
[  373083ms] [WARNING] You don't have permission to use DEVTOOL!【type = 6】 @ https://yurigarden.com/assets/index-CUTVLur8.js:16
[  373592ms] [WARNING] You don't have permission to use DEVTOOL!【type = 6】 @ https://yurigarden.com/assets/index-CUTVLur8.js:16
[  374091ms] [WARNING] You don't have permission to use DEVTOOL!【type = 6】 @ https://yurigarden.com/assets/index-CUTVLur8.js:16
[  374584ms] [WARNING] You don't have permission to use DEVTOOL!【type = 6】 @ https://yurigarden.com/assets/index-CUTVLur8.js:16
[  375096ms] [WARNING] You don't have permission to use DEVTOOL!【type = 6】 @ https://yurigarden.com/assets/index-CUTVLur8.js:16
[  375597ms] [WARNING] You don't have permission to use DEVTOOL!【type = 6】 @ https://yurigarden.com/assets/index-CUTVLur8.js:16
[  376086ms] [WARNING] You don't have permission to use DEVTOOL!【type = 6】 @ https://yurigarden.com/assets/index-CUTVLur8.js:16
[  376586ms] [WARNING] You don't have permission to use DEVTOOL!【type = 6】 @ https://yurigarden.com/assets/index-CUTVLur8.js:16
[  377086ms] [WARNING] You don't have permission to use DEVTOOL!【type = 6】 @ https://yurigarden.com/assets/index-CUTVLur8.js:16
[  377599ms] [WARNING] You don't have permission to use DEVTOOL!【type = 6】 @ https://yurigarden.com/assets/index-CUTVLur8.js:16
[  378103ms] [WARNING] You don't have permission to use DEVTOOL!【type = 6】 @ https://yurigarden.com/assets/index-CUTVLur8.js:16
[  378598ms] [WARNING] You don't have permission to use DEVTOOL!【type = 6】 @ https://yurigarden.com/assets/index-CUTVLur8.js:16
[  379105ms] [WARNING] You don't have permission to use DEVTOOL!【type = 6】 @ https://yurigarden.com/assets/index-CUTVLur8.js:16
[  379587ms] [WARNING] You don't have permission to use DEVTOOL!【type = 6】 @ https://yurigarden.com/assets/index-CUTVLur8.js:16
[  380077ms] [WARNING] You don't have permission to use DEVTOOL!【type = 6】 @ https://yurigarden.com/assets/index-CUTVLur8.js:16
[  380586ms] [WARNING] You don't have permission to use DEVTOOL!【type = 6】 @ https://yurigarden.com/assets/index-CUTVLur8.js:16
[  381104ms] [WARNING] You don't have permission to use DEVTOOL!【type = 6】 @ https://yurigarden.com/assets/index-CUTVLur8.js:16
[  381587ms] [WARNING] You don't have permission to use DEVTOOL!【type = 6】 @ https://yurigarden.com/assets/index-CUTVLur8.js:16
[  382091ms] [WARNING] You don't have permission to use DEVTOOL!【type = 6】 @ https://yurigarden.com/assets/index-CUTVLur8.js:16
[  382599ms] [WARNING] You don't have permission to use DEVTOOL!【type = 6】 @ https://yurigarden.com/assets/index-CUTVLur8.js:16
[  383101ms] [WARNING] You don't have permission to use DEVTOOL!【type = 6】 @ https://yurigarden.com/assets/index-CUTVLur8.js:16
[  383593ms] [WARNING] You don't have permission to use DEVTOOL!【type = 6】 @ https://yurigarden.com/assets/index-CUTVLur8.js:16
[  384090ms] [WARNING] You don't have permission to use DEVTOOL!【type = 6】 @ https://yurigarden.com/assets/index-CUTVLur8.js:16
[  384602ms] [WARNING] You don't have permission to use DEVTOOL!【type = 6】 @ https://yurigarden.com/assets/index-CUTVLur8.js:16
[  385098ms] [WARNING] You don't have permission to use DEVTOOL!【type = 6】 @ https://yurigarden.com/assets/index-CUTVLur8.js:16
[  385599ms] [WARNING] You don't have permission to use DEVTOOL!【type = 6】 @ https://yurigarden.com/assets/index-CUTVLur8.js:16
[  386090ms] [WARNING] You don't have permission to use DEVTOOL!【type = 6】 @ https://yurigarden.com/assets/index-CUTVLur8.js:16
[  386589ms] [WARNING] You don't have permission to use DEVTOOL!【type = 6】 @ https://yurigarden.com/assets/index-CUTVLur8.js:16
[  387082ms] [WARNING] You don't have permission to use DEVTOOL!【type = 6】 @ https://yurigarden.com/assets/index-CUTVLur8.js:16
[  387584ms] [WARNING] You don't have permission to use DEVTOOL!【type = 6】 @ https://yurigarden.com/assets/index-CUTVLur8.js:16
[  388092ms] [WARNING] You don't have permission to use DEVTOOL!【type = 6】 @ https://yurigarden.com/assets/index-CUTVLur8.js:16
[  388582ms] [WARNING] You don't have permission to use DEVTOOL!【type = 6】 @ https://yurigarden.com/assets/index-CUTVLur8.js:16
[  389081ms] [WARNING] You don't have permission to use DEVTOOL!【type = 6】 @ https://yurigarden.com/assets/index-CUTVLur8.js:16
[  389579ms] [WARNING] You don't have permission to use DEVTOOL!【type = 6】 @ https://yurigarden.com/assets/index-CUTVLur8.js:16
[  390090ms] [WARNING] You don't have permission to use DEVTOOL!【type = 6】 @ https://yurigarden.com/assets/index-CUTVLur8.js:16
[  390601ms] [WARNING] You don't have permission to use DEVTOOL!【type = 6】 @ https://yurigarden.com/assets/index-CUTVLur8.js:16
[  391082ms] [WARNING] You don't have permission to use DEVTOOL!【type = 6】 @ https://yurigarden.com/assets/index-CUTVLur8.js:16
[  391587ms] [WARNING] You don't have permission to use DEVTOOL!【type = 6】 @ https://yurigarden.com/assets/index-CUTVLur8.js:16
[  392090ms] [WARNING] You don't have permission to use DEVTOOL!【type = 6】 @ https://yurigarden.com/assets/index-CUTVLur8.js:16
[  392594ms] [WARNING] You don't have permission to use DEVTOOL!【type = 6】 @ https://yurigarden.com/assets/index-CUTVLur8.js:16
[  393087ms] [WARNING] You don't have permission to use DEVTOOL!【type = 6】 @ https://yurigarden.com/assets/index-CUTVLur8.js:16
[  393581ms] [WARNING] You don't have permission to use DEVTOOL!【type = 6】 @ https://yurigarden.com/assets/index-CUTVLur8.js:16
[  394085ms] [WARNING] You don't have permission to use DEVTOOL!【type = 6】 @ https://yurigarden.com/assets/index-CUTVLur8.js:16
[  394579ms] [WARNING] You don't have permission to use DEVTOOL!【type = 6】 @ https://yurigarden.com/assets/index-CUTVLur8.js:16
[  395098ms] [WARNING] You don't have permission to use DEVTOOL!【type = 6】 @ https://yurigarden.com/assets/index-CUTVLur8.js:16
[  395591ms] [WARNING] You don't have permission to use DEVTOOL!【type = 6】 @ https://yurigarden.com/assets/index-CUTVLur8.js:16
[  396081ms] [WARNING] You don't have permission to use DEVTOOL!【type = 6】 @ https://yurigarden.com/assets/index-CUTVLur8.js:16
[  396585ms] [WARNING] You don't have permission to use DEVTOOL!【type = 6】 @ https://yurigarden.com/assets/index-CUTVLur8.js:16
[  397082ms] [WARNING] You don't have permission to use DEVTOOL!【type = 6】 @ https://yurigarden.com/assets/index-CUTVLur8.js:16
[  397589ms] [WARNING] You don't have permission to use DEVTOOL!【type = 6】 @ https://yurigarden.com/assets/index-CUTVLur8.js:16
[  398079ms] [WARNING] You don't have permission to use DEVTOOL!【type = 6】 @ https://yurigarden.com/assets/index-CUTVLur8.js:16
[  398588ms] [WARNING] You don't have permission to use DEVTOOL!【type = 6】 @ https://yurigarden.com/assets/index-CUTVLur8.js:16
[  399088ms] [WARNING] You don't have permission to use DEVTOOL!【type = 6】 @ https://yurigarden.com/assets/index-CUTVLur8.js:16
[  399590ms] [WARNING] You don't have permission to use DEVTOOL!【type = 6】 @ https://yurigarden.com/assets/index-CUTVLur8.js:16
[  400098ms] [WARNING] You don't have permission to use DEVTOOL!【type = 6】 @ https://yurigarden.com/assets/index-CUTVLur8.js:16
[  400583ms] [WARNING] You don't have permission to use DEVTOOL!【type = 6】 @ https://yurigarden.com/assets/index-CUTVLur8.js:16
[  401080ms] [WARNING] You don't have permission to use DEVTOOL!【type = 6】 @ https://yurigarden.com/assets/index-CUTVLur8.js:16
[  401586ms] [WARNING] You don't have permission to use DEVTOOL!【type = 6】 @ https://yurigarden.com/assets/index-CUTVLur8.js:16
[  402087ms] [WARNING] You don't have permission to use DEVTOOL!【type = 6】 @ https://yurigarden.com/assets/index-CUTVLur8.js:16
[  402588ms] [WARNING] You don't have permission to use DEVTOOL!【type = 6】 @ https://yurigarden.com/assets/index-CUTVLur8.js:16
[  403078ms] [WARNING] You don't have permission to use DEVTOOL!【type = 6】 @ https://yurigarden.com/assets/index-CUTVLur8.js:16
[  403603ms] [WARNING] You don't have permission to use DEVTOOL!【type = 6】 @ https://yurigarden.com/assets/index-CUTVLur8.js:16
[  404096ms] [WARNING] You don't have permission to use DEVTOOL!【type = 6】 @ https://yurigarden.com/assets/index-CUTVLur8.js:16
[  404593ms] [WARNING] You don't have permission to use DEVTOOL!【type = 6】 @ https://yurigarden.com/assets/index-CUTVLur8.js:16
[  405086ms] [WARNING] You don't have permission to use DEVTOOL!【type = 6】 @ https://yurigarden.com/assets/index-CUTVLur8.js:16
[  405582ms] [WARNING] You don't have permission to use DEVTOOL!【type = 6】 @ https://yurigarden.com/assets/index-CUTVLur8.js:16
[  406084ms] [WARNING] You don't have permission to use DEVTOOL!【type = 6】 @ https://yurigarden.com/assets/index-CUTVLur8.js:16
[  406597ms] [WARNING] You don't have permission to use DEVTOOL!【type = 6】 @ https://yurigarden.com/assets/index-CUTVLur8.js:16
[  407083ms] [WARNING] You don't have permission to use DEVTOOL!【type = 6】 @ https://yurigarden.com/assets/index-CUTVLur8.js:16
[  407583ms] [WARNING] You don't have permission to use DEVTOOL!【type = 6】 @ https://yurigarden.com/assets/index-CUTVLur8.js:16
[  408084ms] [WARNING] You don't have permission to use DEVTOOL!【type = 6】 @ https://yurigarden.com/assets/index-CUTVLur8.js:16
[  408584ms] [WARNING] You don't have permission to use DEVTOOL!【type = 6】 @ https://yurigarden.com/assets/index-CUTVLur8.js:16
[  409090ms] [WARNING] You don't have permission to use DEVTOOL!【type = 6】 @ https://yurigarden.com/assets/index-CUTVLur8.js:16
[  409584ms] [WARNING] You don't have permission to use DEVTOOL!【type = 6】 @ https://yurigarden.com/assets/index-CUTVLur8.js:16
[  410081ms] [WARNING] You don't have permission to use DEVTOOL!【type = 6】 @ https://yurigarden.com/assets/index-CUTVLur8.js:16
[  410583ms] [WARNING] You don't have permission to use DEVTOOL!【type = 6】 @ https://yurigarden.com/assets/index-CUTVLur8.js:16
[  411081ms] [WARNING] You don't have permission to use DEVTOOL!【type = 6】 @ https://yurigarden.com/assets/index-CUTVLur8.js:16
[  411593ms] [WARNING] You don't have permission to use DEVTOOL!【type = 6】 @ https://yurigarden.com/assets/index-CUTVLur8.js:16
[  412083ms] [WARNING] You don't have permission to use DEVTOOL!【type = 6】 @ https://yurigarden.com/assets/index-CUTVLur8.js:16
[  412583ms] [WARNING] You don't have permission to use DEVTOOL!【type = 6】 @ https://yurigarden.com/assets/index-CUTVLur8.js:16
[  413092ms] [WARNING] You don't have permission to use DEVTOOL!【type = 6】 @ https://yurigarden.com/assets/index-CUTVLur8.js:16
[  413599ms] [WARNING] You don't have permission to use DEVTOOL!【type = 6】 @ https://yurigarden.com/assets/index-CUTVLur8.js:16
[  414087ms] [WARNING] You don't have permission to use DEVTOOL!【type = 6】 @ https://yurigarden.com/assets/index-CUTVLur8.js:16
[  414581ms] [WARNING] You don't have permission to use DEVTOOL!【type = 6】 @ https://yurigarden.com/assets/index-CUTVLur8.js:16
[  415079ms] [WARNING] You don't have permission to use DEVTOOL!【type = 6】 @ https://yurigarden.com/assets/index-CUTVLur8.js:16
[  415581ms] [WARNING] You don't have permission to use DEVTOOL!【type = 6】 @ https://yurigarden.com/assets/index-CUTVLur8.js:16
[  416082ms] [WARNING] You don't have permission to use DEVTOOL!【type = 6】 @ https://yurigarden.com/assets/index-CUTVLur8.js:16
[  416584ms] [WARNING] You don't have permission to use DEVTOOL!【type = 6】 @ https://yurigarden.com/assets/index-CUTVLur8.js:16
[  417080ms] [WARNING] You don't have permission to use DEVTOOL!【type = 6】 @ https://yurigarden.com/assets/index-CUTVLur8.js:16
[  417580ms] [WARNING] You don't have permission to use DEVTOOL!【type = 6】 @ https://yurigarden.com/assets/index-CUTVLur8.js:16
[  418079ms] [WARNING] You don't have permission to use DEVTOOL!【type = 6】 @ https://yurigarden.com/assets/index-CUTVLur8.js:16
[  418595ms] [WARNING] You don't have permission to use DEVTOOL!【type = 6】 @ https://yurigarden.com/assets/index-CUTVLur8.js:16
[  419079ms] [WARNING] You don't have permission to use DEVTOOL!【type = 6】 @ https://yurigarden.com/assets/index-CUTVLur8.js:16
[  419583ms] [WARNING] You don't have permission to use DEVTOOL!【type = 6】 @ https://yurigarden.com/assets/index-CUTVLur8.js:16
[  420093ms] [WARNING] You don't have permission to use DEVTOOL!【type = 6】 @ https://yurigarden.com/assets/index-CUTVLur8.js:16
[  420592ms] [WARNING] You don't have permission to use DEVTOOL!【type = 6】 @ https://yurigarden.com/assets/index-CUTVLur8.js:16
[  421086ms] [WARNING] You don't have permission to use DEVTOOL!【type = 6】 @ https://yurigarden.com/assets/index-CUTVLur8.js:16
[  421584ms] [WARNING] You don't have permission to use DEVTOOL!【type = 6】 @ https://yurigarden.com/assets/index-CUTVLur8.js:16
[  422078ms] [WARNING] You don't have permission to use DEVTOOL!【type = 6】 @ https://yurigarden.com/assets/index-CUTVLur8.js:16
[  422588ms] [WARNING] You don't have permission to use DEVTOOL!【type = 6】 @ https://yurigarden.com/assets/index-CUTVLur8.js:16
[  423088ms] [WARNING] You don't have permission to use DEVTOOL!【type = 6】 @ https://yurigarden.com/assets/index-CUTVLur8.js:16
[  423581ms] [WARNING] You don't have permission to use DEVTOOL!【type = 6】 @ https://yurigarden.com/assets/index-CUTVLur8.js:16
[  424078ms] [WARNING] You don't have permission to use DEVTOOL!【type = 6】 @ https://yurigarden.com/assets/index-CUTVLur8.js:16
[  424575ms] [WARNING] You don't have permission to use DEVTOOL!【type = 6】 @ https://yurigarden.com/assets/index-CUTVLur8.js:16
[  425085ms] [WARNING] You don't have permission to use DEVTOOL!【type = 6】 @ https://yurigarden.com/assets/index-CUTVLur8.js:16
[  425577ms] [WARNING] You don't have permission to use DEVTOOL!【type = 6】 @ https://yurigarden.com/assets/index-CUTVLur8.js:16
[  426078ms] [WARNING] You don't have permission to use DEVTOOL!【type = 6】 @ https://yurigarden.com/assets/index-CUTVLur8.js:16
[  426586ms] [WARNING] You don't have permission to use DEVTOOL!【type = 6】 @ https://yurigarden.com/assets/index-CUTVLur8.js:16
[  427081ms] [WARNING] You don't have permission to use DEVTOOL!【type = 6】 @ https://yurigarden.com/assets/index-CUTVLur8.js:16
[  427591ms] [WARNING] You don't have permission to use DEVTOOL!【type = 6】 @ https://yurigarden.com/assets/index-CUTVLur8.js:16
[  428085ms] [WARNING] You don't have permission to use DEVTOOL!【type = 6】 @ https://yurigarden.com/assets/index-CUTVLur8.js:16
[  428579ms] [WARNING] You don't have permission to use DEVTOOL!【type = 6】 @ https://yurigarden.com/assets/index-CUTVLur8.js:16
[  429083ms] [WARNING] You don't have permission to use DEVTOOL!【type = 6】 @ https://yurigarden.com/assets/index-CUTVLur8.js:16
[  429585ms] [WARNING] You don't have permission to use DEVTOOL!【type = 6】 @ https://yurigarden.com/assets/index-CUTVLur8.js:16
[  430087ms] [WARNING] You don't have permission to use DEVTOOL!【type = 6】 @ https://yurigarden.com/assets/index-CUTVLur8.js:16
[  430593ms] [WARNING] You don't have permission to use DEVTOOL!【type = 6】 @ https://yurigarden.com/assets/index-CUTVLur8.js:16
[  431088ms] [WARNING] You don't have permission to use DEVTOOL!【type = 6】 @ https://yurigarden.com/assets/index-CUTVLur8.js:16
[  431575ms] [WARNING] You don't have permission to use DEVTOOL!【type = 6】 @ https://yurigarden.com/assets/index-CUTVLur8.js:16
[  432086ms] [WARNING] You don't have permission to use DEVTOOL!【type = 6】 @ https://yurigarden.com/assets/index-CUTVLur8.js:16
[  432584ms] [WARNING] You don't have permission to use DEVTOOL!【type = 6】 @ https://yurigarden.com/assets/index-CUTVLur8.js:16
[  433078ms] [WARNING] You don't have permission to use DEVTOOL!【type = 6】 @ https://yurigarden.com/assets/index-CUTVLur8.js:16
[  433597ms] [WARNING] You don't have permission to use DEVTOOL!【type = 6】 @ https://yurigarden.com/assets/index-CUTVLur8.js:16
[  434094ms] [WARNING] You don't have permission to use DEVTOOL!【type = 6】 @ https://yurigarden.com/assets/index-CUTVLur8.js:16
[  434591ms] [WARNING] You don't have permission to use DEVTOOL!【type = 6】 @ https://yurigarden.com/assets/index-CUTVLur8.js:16
[  435088ms] [WARNING] You don't have permission to use DEVTOOL!【type = 6】 @ https://yurigarden.com/assets/index-CUTVLur8.js:16
[  435582ms] [WARNING] You don't have permission to use DEVTOOL!【type = 6】 @ https://yurigarden.com/assets/index-CUTVLur8.js:16
[  436078ms] [WARNING] You don't have permission to use DEVTOOL!【type = 6】 @ https://yurigarden.com/assets/index-CUTVLur8.js:16
[  436579ms] [WARNING] You don't have permission to use DEVTOOL!【type = 6】 @ https://yurigarden.com/assets/index-CUTVLur8.js:16
[  437079ms] [WARNING] You don't have permission to use DEVTOOL!【type = 6】 @ https://yurigarden.com/assets/index-CUTVLur8.js:16
[  437580ms] [WARNING] You don't have permission to use DEVTOOL!【type = 6】 @ https://yurigarden.com/assets/index-CUTVLur8.js:16
[  438090ms] [WARNING] You don't have permission to use DEVTOOL!【type = 6】 @ https://yurigarden.com/assets/index-CUTVLur8.js:16
[  438600ms] [WARNING] You don't have permission to use DEVTOOL!【type = 6】 @ https://yurigarden.com/assets/index-CUTVLur8.js:16
[  439084ms] [WARNING] You don't have permission to use DEVTOOL!【type = 6】 @ https://yurigarden.com/assets/index-CUTVLur8.js:16
[  439584ms] [WARNING] You don't have permission to use DEVTOOL!【type = 6】 @ https://yurigarden.com/assets/index-CUTVLur8.js:16
[  440087ms] [WARNING] You don't have permission to use DEVTOOL!【type = 6】 @ https://yurigarden.com/assets/index-CUTVLur8.js:16
[  440600ms] [WARNING] You don't have permission to use DEVTOOL!【type = 6】 @ https://yurigarden.com/assets/index-CUTVLur8.js:16
[  441094ms] [WARNING] You don't have permission to use DEVTOOL!【type = 6】 @ https://yurigarden.com/assets/index-CUTVLur8.js:16
[  441592ms] [WARNING] You don't have permission to use DEVTOOL!【type = 6】 @ https://yurigarden.com/assets/index-CUTVLur8.js:16
[  442090ms] [WARNING] You don't have permission to use DEVTOOL!【type = 6】 @ https://yurigarden.com/assets/index-CUTVLur8.js:16
[  442581ms] [WARNING] You don't have permission to use DEVTOOL!【type = 6】 @ https://yurigarden.com/assets/index-CUTVLur8.js:16
[  443083ms] [WARNING] You don't have permission to use DEVTOOL!【type = 6】 @ https://yurigarden.com/assets/index-CUTVLur8.js:16
[  443589ms] [WARNING] You don't have permission to use DEVTOOL!【type = 6】 @ https://yurigarden.com/assets/index-CUTVLur8.js:16
[  444083ms] [WARNING] You don't have permission to use DEVTOOL!【type = 6】 @ https://yurigarden.com/assets/index-CUTVLur8.js:16
[  444598ms] [WARNING] You don't have permission to use DEVTOOL!【type = 6】 @ https://yurigarden.com/assets/index-CUTVLur8.js:16
[  445084ms] [WARNING] You don't have permission to use DEVTOOL!【type = 6】 @ https://yurigarden.com/assets/index-CUTVLur8.js:16
[  445584ms] [WARNING] You don't have permission to use DEVTOOL!【type = 6】 @ https://yurigarden.com/assets/index-CUTVLur8.js:16
[  446084ms] [WARNING] You don't have permission to use DEVTOOL!【type = 6】 @ https://yurigarden.com/assets/index-CUTVLur8.js:16
[  446589ms] [WARNING] You don't have permission to use DEVTOOL!【type = 6】 @ https://yurigarden.com/assets/index-CUTVLur8.js:16
[  447088ms] [WARNING] You don't have permission to use DEVTOOL!【type = 6】 @ https://yurigarden.com/assets/index-CUTVLur8.js:16
[  447588ms] [WARNING] You don't have permission to use DEVTOOL!【type = 6】 @ https://yurigarden.com/assets/index-CUTVLur8.js:16
[  448090ms] [WARNING] You don't have permission to use DEVTOOL!【type = 6】 @ https://yurigarden.com/assets/index-CUTVLur8.js:16
[  448588ms] [WARNING] You don't have permission to use DEVTOOL!【type = 6】 @ https://yurigarden.com/assets/index-CUTVLur8.js:16
[  449094ms] [WARNING] You don't have permission to use DEVTOOL!【type = 6】 @ https://yurigarden.com/assets/index-CUTVLur8.js:16
[  449582ms] [WARNING] You don't have permission to use DEVTOOL!【type = 6】 @ https://yurigarden.com/assets/index-CUTVLur8.js:16
[  450086ms] [WARNING] You don't have permission to use DEVTOOL!【type = 6】 @ https://yurigarden.com/assets/index-CUTVLur8.js:16
[  450594ms] [WARNING] You don't have permission to use DEVTOOL!【type = 6】 @ https://yurigarden.com/assets/index-CUTVLur8.js:16
[  451078ms] [WARNING] You don't have permission to use DEVTOOL!【type = 6】 @ https://yurigarden.com/assets/index-CUTVLur8.js:16
[  451584ms] [WARNING] You don't have permission to use DEVTOOL!【type = 6】 @ https://yurigarden.com/assets/index-CUTVLur8.js:16
[  452090ms] [WARNING] You don't have permission to use DEVTOOL!【type = 6】 @ https://yurigarden.com/assets/index-CUTVLur8.js:16
[  452582ms] [WARNING] You don't have permission to use DEVTOOL!【type = 6】 @ https://yurigarden.com/assets/index-CUTVLur8.js:16
[  453079ms] [WARNING] You don't have permission to use DEVTOOL!【type = 6】 @ https://yurigarden.com/assets/index-CUTVLur8.js:16
[  453579ms] [WARNING] You don't have permission to use DEVTOOL!【type = 6】 @ https://yurigarden.com/assets/index-CUTVLur8.js:16
[  454075ms] [WARNING] You don't have permission to use DEVTOOL!【type = 6】 @ https://yurigarden.com/assets/index-CUTVLur8.js:16
[  454592ms] [WARNING] You don't have permission to use DEVTOOL!【type = 6】 @ https://yurigarden.com/assets/index-CUTVLur8.js:16
[  455084ms] [WARNING] You don't have permission to use DEVTOOL!【type = 6】 @ https://yurigarden.com/assets/index-CUTVLur8.js:16
[  455607ms] [WARNING] You don't have permission to use DEVTOOL!【type = 6】 @ https://yurigarden.com/assets/index-CUTVLur8.js:16
[  456085ms] [WARNING] You don't have permission to use DEVTOOL!【type = 6】 @ https://yurigarden.com/assets/index-CUTVLur8.js:16
[  456582ms] [WARNING] You don't have permission to use DEVTOOL!【type = 6】 @ https://yurigarden.com/assets/index-CUTVLur8.js:16
[  457079ms] [WARNING] You don't have permission to use DEVTOOL!【type = 6】 @ https://yurigarden.com/assets/index-CUTVLur8.js:16
[  457587ms] [WARNING] You don't have permission to use DEVTOOL!【type = 6】 @ https://yurigarden.com/assets/index-CUTVLur8.js:16
[  458079ms] [WARNING] You don't have permission to use DEVTOOL!【type = 6】 @ https://yurigarden.com/assets/index-CUTVLur8.js:16
[  458577ms] [WARNING] You don't have permission to use DEVTOOL!【type = 6】 @ https://yurigarden.com/assets/index-CUTVLur8.js:16
[  459089ms] [WARNING] You don't have permission to use DEVTOOL!【type = 6】 @ https://yurigarden.com/assets/index-CUTVLur8.js:16
[  459594ms] [WARNING] You don't have permission to use DEVTOOL!【type = 6】 @ https://yurigarden.com/assets/index-CUTVLur8.js:16
[  460088ms] [WARNING] You don't have permission to use DEVTOOL!【type = 6】 @ https://yurigarden.com/assets/index-CUTVLur8.js:16
[  460580ms] [WARNING] You don't have permission to use DEVTOOL!【type = 6】 @ https://yurigarden.com/assets/index-CUTVLur8.js:16
[  461086ms] [WARNING] You don't have permission to use DEVTOOL!【type = 6】 @ https://yurigarden.com/assets/index-CUTVLur8.js:16
[  461583ms] [WARNING] You don't have permission to use DEVTOOL!【type = 6】 @ https://yurigarden.com/assets/index-CUTVLur8.js:16
[  462090ms] [WARNING] You don't have permission to use DEVTOOL!【type = 6】 @ https://yurigarden.com/assets/index-CUTVLur8.js:16
[  462584ms] [WARNING] You don't have permission to use DEVTOOL!【type = 6】 @ https://yurigarden.com/assets/index-CUTVLur8.js:16
[  463097ms] [WARNING] You don't have permission to use DEVTOOL!【type = 6】 @ https://yurigarden.com/assets/index-CUTVLur8.js:16
[  463591ms] [WARNING] You don't have permission to use DEVTOOL!【type = 6】 @ https://yurigarden.com/assets/index-CUTVLur8.js:16
[  464089ms] [WARNING] You don't have permission to use DEVTOOL!【type = 6】 @ https://yurigarden.com/assets/index-CUTVLur8.js:16
[  464588ms] [WARNING] You don't have permission to use DEVTOOL!【type = 6】 @ https://yurigarden.com/assets/index-CUTVLur8.js:16
[  465083ms] [WARNING] You don't have permission to use DEVTOOL!【type = 6】 @ https://yurigarden.com/assets/index-CUTVLur8.js:16
[  465584ms] [WARNING] You don't have permission to use DEVTOOL!【type = 6】 @ https://yurigarden.com/assets/index-CUTVLur8.js:16
[  466084ms] [WARNING] You don't have permission to use DEVTOOL!【type = 6】 @ https://yurigarden.com/assets/index-CUTVLur8.js:16
[  466586ms] [WARNING] You don't have permission to use DEVTOOL!【type = 6】 @ https://yurigarden.com/assets/index-CUTVLur8.js:16
[  467077ms] [WARNING] You don't have permission to use DEVTOOL!【type = 6】 @ https://yurigarden.com/assets/index-CUTVLur8.js:16
[  467584ms] [WARNING] You don't have permission to use DEVTOOL!【type = 6】 @ https://yurigarden.com/assets/index-CUTVLur8.js:16
[  468083ms] [WARNING] You don't have permission to use DEVTOOL!【type = 6】 @ https://yurigarden.com/assets/index-CUTVLur8.js:16
[  468589ms] [WARNING] You don't have permission to use DEVTOOL!【type = 6】 @ https://yurigarden.com/assets/index-CUTVLur8.js:16
[  469085ms] [WARNING] You don't have permission to use DEVTOOL!【type = 6】 @ https://yurigarden.com/assets/index-CUTVLur8.js:16
[  469586ms] [WARNING] You don't have permission to use DEVTOOL!【type = 6】 @ https://yurigarden.com/assets/index-CUTVLur8.js:16
[  470101ms] [WARNING] You don't have permission to use DEVTOOL!【type = 6】 @ https://yurigarden.com/assets/index-CUTVLur8.js:16
[  470600ms] [WARNING] You don't have permission to use DEVTOOL!【type = 6】 @ https://yurigarden.com/assets/index-CUTVLur8.js:16
[  471087ms] [WARNING] You don't have permission to use DEVTOOL!【type = 6】 @ https://yurigarden.com/assets/index-CUTVLur8.js:16
[  471599ms] [WARNING] You don't have permission to use DEVTOOL!【type = 6】 @ https://yurigarden.com/assets/index-CUTVLur8.js:16
[  472081ms] [WARNING] You don't have permission to use DEVTOOL!【type = 6】 @ https://yurigarden.com/assets/index-CUTVLur8.js:16
[  472588ms] [WARNING] You don't have permission to use DEVTOOL!【type = 6】 @ https://yurigarden.com/assets/index-CUTVLur8.js:16
[  473086ms] [WARNING] You don't have permission to use DEVTOOL!【type = 6】 @ https://yurigarden.com/assets/index-CUTVLur8.js:16
[  473590ms] [WARNING] You don't have permission to use DEVTOOL!【type = 6】 @ https://yurigarden.com/assets/index-CUTVLur8.js:16
[  474091ms] [WARNING] You don't have permission to use DEVTOOL!【type = 6】 @ https://yurigarden.com/assets/index-CUTVLur8.js:16
[  474589ms] [WARNING] You don't have permission to use DEVTOOL!【type = 6】 @ https://yurigarden.com/assets/index-CUTVLur8.js:16
[  475096ms] [WARNING] You don't have permission to use DEVTOOL!【type = 6】 @ https://yurigarden.com/assets/index-CUTVLur8.js:16
[  475606ms] [WARNING] You don't have permission to use DEVTOOL!【type = 6】 @ https://yurigarden.com/assets/index-CUTVLur8.js:16
[  476095ms] [WARNING] You don't have permission to use DEVTOOL!【type = 6】 @ https://yurigarden.com/assets/index-CUTVLur8.js:16
[  476596ms] [WARNING] You don't have permission to use DEVTOOL!【type = 6】 @ https://yurigarden.com/assets/index-CUTVLur8.js:16
[  477095ms] [WARNING] You don't have permission to use DEVTOOL!【type = 6】 @ https://yurigarden.com/assets/index-CUTVLur8.js:16
[  477588ms] [WARNING] You don't have permission to use DEVTOOL!【type = 6】 @ https://yurigarden.com/assets/index-CUTVLur8.js:16
[  478103ms] [WARNING] You don't have permission to use DEVTOOL!【type = 6】 @ https://yurigarden.com/assets/index-CUTVLur8.js:16
[  478593ms] [WARNING] You don't have permission to use DEVTOOL!【type = 6】 @ https://yurigarden.com/assets/index-CUTVLur8.js:16
[  479098ms] [WARNING] You don't have permission to use DEVTOOL!【type = 6】 @ https://yurigarden.com/assets/index-CUTVLur8.js:16
[  479593ms] [WARNING] You don't have permission to use DEVTOOL!【type = 6】 @ https://yurigarden.com/assets/index-CUTVLur8.js:16
[  480105ms] [WARNING] You don't have permission to use DEVTOOL!【type = 6】 @ https://yurigarden.com/assets/index-CUTVLur8.js:16
[  480604ms] [WARNING] You don't have permission to use DEVTOOL!【type = 6】 @ https://yurigarden.com/assets/index-CUTVLur8.js:16
[  481100ms] [WARNING] You don't have permission to use DEVTOOL!【type = 6】 @ https://yurigarden.com/assets/index-CUTVLur8.js:16
[  481591ms] [WARNING] You don't have permission to use DEVTOOL!【type = 6】 @ https://yurigarden.com/assets/index-CUTVLur8.js:16
[  482100ms] [WARNING] You don't have permission to use DEVTOOL!【type = 6】 @ https://yurigarden.com/assets/index-CUTVLur8.js:16
[  482599ms] [WARNING] You don't have permission to use DEVTOOL!【type = 6】 @ https://yurigarden.com/assets/index-CUTVLur8.js:16
[  483099ms] [WARNING] You don't have permission to use DEVTOOL!【type = 6】 @ https://yurigarden.com/assets/index-CUTVLur8.js:16
[  483598ms] [WARNING] You don't have permission to use DEVTOOL!【type = 6】 @ https://yurigarden.com/assets/index-CUTVLur8.js:16
[  484092ms] [WARNING] You don't have permission to use DEVTOOL!【type = 6】 @ https://yurigarden.com/assets/index-CUTVLur8.js:16
[  484591ms] [WARNING] You don't have permission to use DEVTOOL!【type = 6】 @ https://yurigarden.com/assets/index-CUTVLur8.js:16
[  485082ms] [WARNING] You don't have permission to use DEVTOOL!【type = 6】 @ https://yurigarden.com/assets/index-CUTVLur8.js:16
[  485580ms] [WARNING] You don't have permission to use DEVTOOL!【type = 6】 @ https://yurigarden.com/assets/index-CUTVLur8.js:16
[  486078ms] [WARNING] You don't have permission to use DEVTOOL!【type = 6】 @ https://yurigarden.com/assets/index-CUTVLur8.js:16
[  486584ms] [WARNING] You don't have permission to use DEVTOOL!【type = 6】 @ https://yurigarden.com/assets/index-CUTVLur8.js:16
[  487088ms] [WARNING] You don't have permission to use DEVTOOL!【type = 6】 @ https://yurigarden.com/assets/index-CUTVLur8.js:16
[  487587ms] [WARNING] You don't have permission to use DEVTOOL!【type = 6】 @ https://yurigarden.com/assets/index-CUTVLur8.js:16
[  488083ms] [WARNING] You don't have permission to use DEVTOOL!【type = 6】 @ https://yurigarden.com/assets/index-CUTVLur8.js:16
[  488591ms] [WARNING] You don't have permission to use DEVTOOL!【type = 6】 @ https://yurigarden.com/assets/index-CUTVLur8.js:16
[  489088ms] [WARNING] You don't have permission to use DEVTOOL!【type = 6】 @ https://yurigarden.com/assets/index-CUTVLur8.js:16
[  489588ms] [WARNING] You don't have permission to use DEVTOOL!【type = 6】 @ https://yurigarden.com/assets/index-CUTVLur8.js:16
[  490099ms] [WARNING] You don't have permission to use DEVTOOL!【type = 6】 @ https://yurigarden.com/assets/index-CUTVLur8.js:16
[  490596ms] [WARNING] You don't have permission to use DEVTOOL!【type = 6】 @ https://yurigarden.com/assets/index-CUTVLur8.js:16
[  491083ms] [WARNING] You don't have permission to use DEVTOOL!【type = 6】 @ https://yurigarden.com/assets/index-CUTVLur8.js:16
[  491584ms] [WARNING] You don't have permission to use DEVTOOL!【type = 6】 @ https://yurigarden.com/assets/index-CUTVLur8.js:16
[  492088ms] [WARNING] You don't have permission to use DEVTOOL!【type = 6】 @ https://yurigarden.com/assets/index-CUTVLur8.js:16
[  492588ms] [WARNING] You don't have permission to use DEVTOOL!【type = 6】 @ https://yurigarden.com/assets/index-CUTVLur8.js:16
[  493085ms] [WARNING] You don't have permission to use DEVTOOL!【type = 6】 @ https://yurigarden.com/assets/index-CUTVLur8.js:16
[  493586ms] [WARNING] You don't have permission to use DEVTOOL!【type = 6】 @ https://yurigarden.com/assets/index-CUTVLur8.js:16
[  494088ms] [WARNING] You don't have permission to use DEVTOOL!【type = 6】 @ https://yurigarden.com/assets/index-CUTVLur8.js:16
[  494589ms] [WARNING] You don't have permission to use DEVTOOL!【type = 6】 @ https://yurigarden.com/assets/index-CUTVLur8.js:16
[  495082ms] [WARNING] You don't have permission to use DEVTOOL!【type = 6】 @ https://yurigarden.com/assets/index-CUTVLur8.js:16
[  495586ms] [WARNING] You don't have permission to use DEVTOOL!【type = 6】 @ https://yurigarden.com/assets/index-CUTVLur8.js:16
[  496078ms] [WARNING] You don't have permission to use DEVTOOL!【type = 6】 @ https://yurigarden.com/assets/index-CUTVLur8.js:16
[  496589ms] [WARNING] You don't have permission to use DEVTOOL!【type = 6】 @ https://yurigarden.com/assets/index-CUTVLur8.js:16
[  497089ms] [WARNING] You don't have permission to use DEVTOOL!【type = 6】 @ https://yurigarden.com/assets/index-CUTVLur8.js:16
[  497586ms] [WARNING] You don't have permission to use DEVTOOL!【type = 6】 @ https://yurigarden.com/assets/index-CUTVLur8.js:16
[  498089ms] [WARNING] You don't have permission to use DEVTOOL!【type = 6】 @ https://yurigarden.com/assets/index-CUTVLur8.js:16
[  498584ms] [WARNING] You don't have permission to use DEVTOOL!【type = 6】 @ https://yurigarden.com/assets/index-CUTVLur8.js:16
[  499086ms] [WARNING] You don't have permission to use DEVTOOL!【type = 6】 @ https://yurigarden.com/assets/index-CUTVLur8.js:16
[  499597ms] [WARNING] You don't have permission to use DEVTOOL!【type = 6】 @ https://yurigarden.com/assets/index-CUTVLur8.js:16
[  500091ms] [WARNING] You don't have permission to use DEVTOOL!【type = 6】 @ https://yurigarden.com/assets/index-CUTVLur8.js:16
[  500591ms] [WARNING] You don't have permission to use DEVTOOL!【type = 6】 @ https://yurigarden.com/assets/index-CUTVLur8.js:16
[  501088ms] [WARNING] You don't have permission to use DEVTOOL!【type = 6】 @ https://yurigarden.com/assets/index-CUTVLur8.js:16
[  501586ms] [WARNING] You don't have permission to use DEVTOOL!【type = 6】 @ https://yurigarden.com/assets/index-CUTVLur8.js:16
[  502090ms] [WARNING] You don't have permission to use DEVTOOL!【type = 6】 @ https://yurigarden.com/assets/index-CUTVLur8.js:16
[  502587ms] [WARNING] You don't have permission to use DEVTOOL!【type = 6】 @ https://yurigarden.com/assets/index-CUTVLur8.js:16
[  503089ms] [WARNING] You don't have permission to use DEVTOOL!【type = 6】 @ https://yurigarden.com/assets/index-CUTVLur8.js:16
[  503597ms] [WARNING] You don't have permission to use DEVTOOL!【type = 6】 @ https://yurigarden.com/assets/index-CUTVLur8.js:16
[  504087ms] [WARNING] You don't have permission to use DEVTOOL!【type = 6】 @ https://yurigarden.com/assets/index-CUTVLur8.js:16
[  504593ms] [WARNING] You don't have permission to use DEVTOOL!【type = 6】 @ https://yurigarden.com/assets/index-CUTVLur8.js:16
[  505094ms] [WARNING] You don't have permission to use DEVTOOL!【type = 6】 @ https://yurigarden.com/assets/index-CUTVLur8.js:16
[  505593ms] [WARNING] You don't have permission to use DEVTOOL!【type = 6】 @ https://yurigarden.com/assets/index-CUTVLur8.js:16
[  506088ms] [WARNING] You don't have permission to use DEVTOOL!【type = 6】 @ https://yurigarden.com/assets/index-CUTVLur8.js:16
[  506590ms] [WARNING] You don't have permission to use DEVTOOL!【type = 6】 @ https://yurigarden.com/assets/index-CUTVLur8.js:16
[  507088ms] [WARNING] You don't have permission to use DEVTOOL!【type = 6】 @ https://yurigarden.com/assets/index-CUTVLur8.js:16
[  507592ms] [WARNING] You don't have permission to use DEVTOOL!【type = 6】 @ https://yurigarden.com/assets/index-CUTVLur8.js:16
[  508097ms] [WARNING] You don't have permission to use DEVTOOL!【type = 6】 @ https://yurigarden.com/assets/index-CUTVLur8.js:16
[  508587ms] [WARNING] You don't have permission to use DEVTOOL!【type = 6】 @ https://yurigarden.com/assets/index-CUTVLur8.js:16
[  509097ms] [WARNING] You don't have permission to use DEVTOOL!【type = 6】 @ https://yurigarden.com/assets/index-CUTVLur8.js:16
[  509592ms] [WARNING] You don't have permission to use DEVTOOL!【type = 6】 @ https://yurigarden.com/assets/index-CUTVLur8.js:16
[  510088ms] [WARNING] You don't have permission to use DEVTOOL!【type = 6】 @ https://yurigarden.com/assets/index-CUTVLur8.js:16
[  510595ms] [WARNING] You don't have permission to use DEVTOOL!【type = 6】 @ https://yurigarden.com/assets/index-CUTVLur8.js:16
[  511087ms] [WARNING] You don't have permission to use DEVTOOL!【type = 6】 @ https://yurigarden.com/assets/index-CUTVLur8.js:16
[  511596ms] [WARNING] You don't have permission to use DEVTOOL!【type = 6】 @ https://yurigarden.com/assets/index-CUTVLur8.js:16
[  512078ms] [WARNING] You don't have permission to use DEVTOOL!【type = 6】 @ https://yurigarden.com/assets/index-CUTVLur8.js:16
[  512590ms] [WARNING] You don't have permission to use DEVTOOL!【type = 6】 @ https://yurigarden.com/assets/index-CUTVLur8.js:16
[  513092ms] [WARNING] You don't have permission to use DEVTOOL!【type = 6】 @ https://yurigarden.com/assets/index-CUTVLur8.js:16
[  513586ms] [WARNING] You don't have permission to use DEVTOOL!【type = 6】 @ https://yurigarden.com/assets/index-CUTVLur8.js:16
[  514088ms] [WARNING] You don't have permission to use DEVTOOL!【type = 6】 @ https://yurigarden.com/assets/index-CUTVLur8.js:16
[  514593ms] [WARNING] You don't have permission to use DEVTOOL!【type = 6】 @ https://yurigarden.com/assets/index-CUTVLur8.js:16
[  515092ms] [WARNING] You don't have permission to use DEVTOOL!【type = 6】 @ https://yurigarden.com/assets/index-CUTVLur8.js:16
[  515592ms] [WARNING] You don't have permission to use DEVTOOL!【type = 6】 @ https://yurigarden.com/assets/index-CUTVLur8.js:16
[  516099ms] [WARNING] You don't have permission to use DEVTOOL!【type = 6】 @ https://yurigarden.com/assets/index-CUTVLur8.js:16
[  516594ms] [WARNING] You don't have permission to use DEVTOOL!【type = 6】 @ https://yurigarden.com/assets/index-CUTVLur8.js:16
[  517090ms] [WARNING] You don't have permission to use DEVTOOL!【type = 6】 @ https://yurigarden.com/assets/index-CUTVLur8.js:16
[  517593ms] [WARNING] You don't have permission to use DEVTOOL!【type = 6】 @ https://yurigarden.com/assets/index-CUTVLur8.js:16
[  518089ms] [WARNING] You don't have permission to use DEVTOOL!【type = 6】 @ https://yurigarden.com/assets/index-CUTVLur8.js:16
[  518597ms] [WARNING] You don't have permission to use DEVTOOL!【type = 6】 @ https://yurigarden.com/assets/index-CUTVLur8.js:16
[  519087ms] [WARNING] You don't have permission to use DEVTOOL!【type = 6】 @ https://yurigarden.com/assets/index-CUTVLur8.js:16
[  519593ms] [WARNING] You don't have permission to use DEVTOOL!【type = 6】 @ https://yurigarden.com/assets/index-CUTVLur8.js:16
[  520096ms] [WARNING] You don't have permission to use DEVTOOL!【type = 6】 @ https://yurigarden.com/assets/index-CUTVLur8.js:16
[  520590ms] [WARNING] You don't have permission to use DEVTOOL!【type = 6】 @ https://yurigarden.com/assets/index-CUTVLur8.js:16
[  521092ms] [WARNING] You don't have permission to use DEVTOOL!【type = 6】 @ https://yurigarden.com/assets/index-CUTVLur8.js:16
[  521599ms] [WARNING] You don't have permission to use DEVTOOL!【type = 6】 @ https://yurigarden.com/assets/index-CUTVLur8.js:16
[  522098ms] [WARNING] You don't have permission to use DEVTOOL!【type = 6】 @ https://yurigarden.com/assets/index-CUTVLur8.js:16
[  522594ms] [WARNING] You don't have permission to use DEVTOOL!【type = 6】 @ https://yurigarden.com/assets/index-CUTVLur8.js:16
[  523097ms] [WARNING] You don't have permission to use DEVTOOL!【type = 6】 @ https://yurigarden.com/assets/index-CUTVLur8.js:16
[  523597ms] [WARNING] You don't have permission to use DEVTOOL!【type = 6】 @ https://yurigarden.com/assets/index-CUTVLur8.js:16
[  524098ms] [WARNING] You don't have permission to use DEVTOOL!【type = 6】 @ https://yurigarden.com/assets/index-CUTVLur8.js:16
[  524601ms] [WARNING] You don't have permission to use DEVTOOL!【type = 6】 @ https://yurigarden.com/assets/index-CUTVLur8.js:16
[  525096ms] [WARNING] You don't have permission to use DEVTOOL!【type = 6】 @ https://yurigarden.com/assets/index-CUTVLur8.js:16
[  525602ms] [WARNING] You don't have permission to use DEVTOOL!【type = 6】 @ https://yurigarden.com/assets/index-CUTVLur8.js:16
[  526090ms] [WARNING] You don't have permission to use DEVTOOL!【type = 6】 @ https://yurigarden.com/assets/index-CUTVLur8.js:16
[  526588ms] [WARNING] You don't have permission to use DEVTOOL!【type = 6】 @ https://yurigarden.com/assets/index-CUTVLur8.js:16
[  527091ms] [WARNING] You don't have permission to use DEVTOOL!【type = 6】 @ https://yurigarden.com/assets/index-CUTVLur8.js:16
[  527588ms] [WARNING] You don't have permission to use DEVTOOL!【type = 6】 @ https://yurigarden.com/assets/index-CUTVLur8.js:16
[  528095ms] [WARNING] You don't have permission to use DEVTOOL!【type = 6】 @ https://yurigarden.com/assets/index-CUTVLur8.js:16
[  528593ms] [WARNING] You don't have permission to use DEVTOOL!【type = 6】 @ https://yurigarden.com/assets/index-CUTVLur8.js:16
[  529090ms] [WARNING] You don't have permission to use DEVTOOL!【type = 6】 @ https://yurigarden.com/assets/index-CUTVLur8.js:16
[  529597ms] [WARNING] You don't have permission to use DEVTOOL!【type = 6】 @ https://yurigarden.com/assets/index-CUTVLur8.js:16
[  530097ms] [WARNING] You don't have permission to use DEVTOOL!【type = 6】 @ https://yurigarden.com/assets/index-CUTVLur8.js:16
[  530602ms] [WARNING] You don't have permission to use DEVTOOL!【type = 6】 @ https://yurigarden.com/assets/index-CUTVLur8.js:16
[  531108ms] [WARNING] You don't have permission to use DEVTOOL!【type = 6】 @ https://yurigarden.com/assets/index-CUTVLur8.js:16
[  531622ms] [WARNING] You don't have permission to use DEVTOOL!【type = 6】 @ https://yurigarden.com/assets/index-CUTVLur8.js:16
[  532098ms] [WARNING] You don't have permission to use DEVTOOL!【type = 6】 @ https://yurigarden.com/assets/index-CUTVLur8.js:16
[  532602ms] [WARNING] You don't have permission to use DEVTOOL!【type = 6】 @ https://yurigarden.com/assets/index-CUTVLur8.js:16
[  533100ms] [WARNING] You don't have permission to use DEVTOOL!【type = 6】 @ https://yurigarden.com/assets/index-CUTVLur8.js:16
[  533603ms] [WARNING] You don't have permission to use DEVTOOL!【type = 6】 @ https://yurigarden.com/assets/index-CUTVLur8.js:16
[  534101ms] [WARNING] You don't have permission to use DEVTOOL!【type = 6】 @ https://yurigarden.com/assets/index-CUTVLur8.js:16
[  534599ms] [WARNING] You don't have permission to use DEVTOOL!【type = 6】 @ https://yurigarden.com/assets/index-CUTVLur8.js:16
[  535104ms] [WARNING] You don't have permission to use DEVTOOL!【type = 6】 @ https://yurigarden.com/assets/index-CUTVLur8.js:16
[  535597ms] [WARNING] You don't have permission to use DEVTOOL!【type = 6】 @ https://yurigarden.com/assets/index-CUTVLur8.js:16
[  536101ms] [WARNING] You don't have permission to use DEVTOOL!【type = 6】 @ https://yurigarden.com/assets/index-CUTVLur8.js:16
[  536595ms] [WARNING] You don't have permission to use DEVTOOL!【type = 6】 @ https://yurigarden.com/assets/index-CUTVLur8.js:16
[  537105ms] [WARNING] You don't have permission to use DEVTOOL!【type = 6】 @ https://yurigarden.com/assets/index-CUTVLur8.js:16
[  537607ms] [WARNING] You don't have permission to use DEVTOOL!【type = 6】 @ https://yurigarden.com/assets/index-CUTVLur8.js:16
[  538100ms] [WARNING] You don't have permission to use DEVTOOL!【type = 6】 @ https://yurigarden.com/assets/index-CUTVLur8.js:16
[  538595ms] [WARNING] You don't have permission to use DEVTOOL!【type = 6】 @ https://yurigarden.com/assets/index-CUTVLur8.js:16
[  539097ms] [WARNING] You don't have permission to use DEVTOOL!【type = 6】 @ https://yurigarden.com/assets/index-CUTVLur8.js:16
[  539596ms] [WARNING] You don't have permission to use DEVTOOL!【type = 6】 @ https://yurigarden.com/assets/index-CUTVLur8.js:16
[  540088ms] [WARNING] You don't have permission to use DEVTOOL!【type = 6】 @ https://yurigarden.com/assets/index-CUTVLur8.js:16
[  540590ms] [WARNING] You don't have permission to use DEVTOOL!【type = 6】 @ https://yurigarden.com/assets/index-CUTVLur8.js:16
[  541089ms] [WARNING] You don't have permission to use DEVTOOL!【type = 6】 @ https://yurigarden.com/assets/index-CUTVLur8.js:16
[  541587ms] [WARNING] You don't have permission to use DEVTOOL!【type = 6】 @ https://yurigarden.com/assets/index-CUTVLur8.js:16
[  542099ms] [WARNING] You don't have permission to use DEVTOOL!【type = 6】 @ https://yurigarden.com/assets/index-CUTVLur8.js:16
[  542584ms] [WARNING] You don't have permission to use DEVTOOL!【type = 6】 @ https://yurigarden.com/assets/index-CUTVLur8.js:16
[  543091ms] [WARNING] You don't have permission to use DEVTOOL!【type = 6】 @ https://yurigarden.com/assets/index-CUTVLur8.js:16
[  543595ms] [WARNING] You don't have permission to use DEVTOOL!【type = 6】 @ https://yurigarden.com/assets/index-CUTVLur8.js:16
[  544102ms] [WARNING] You don't have permission to use DEVTOOL!【type = 6】 @ https://yurigarden.com/assets/index-CUTVLur8.js:16
[  544589ms] [WARNING] You don't have permission to use DEVTOOL!【type = 6】 @ https://yurigarden.com/assets/index-CUTVLur8.js:16
[  545085ms] [WARNING] You don't have permission to use DEVTOOL!【type = 6】 @ https://yurigarden.com/assets/index-CUTVLur8.js:16
[  545589ms] [WARNING] You don't have permission to use DEVTOOL!【type = 6】 @ https://yurigarden.com/assets/index-CUTVLur8.js:16
[  546090ms] [WARNING] You don't have permission to use DEVTOOL!【type = 6】 @ https://yurigarden.com/assets/index-CUTVLur8.js:16
[  546587ms] [WARNING] You don't have permission to use DEVTOOL!【type = 6】 @ https://yurigarden.com/assets/index-CUTVLur8.js:16
[  547084ms] [WARNING] You don't have permission to use DEVTOOL!【type = 6】 @ https://yurigarden.com/assets/index-CUTVLur8.js:16
[  547592ms] [WARNING] You don't have permission to use DEVTOOL!【type = 6】 @ https://yurigarden.com/assets/index-CUTVLur8.js:16
[  548083ms] [WARNING] You don't have permission to use DEVTOOL!【type = 6】 @ https://yurigarden.com/assets/index-CUTVLur8.js:16
[  548576ms] [WARNING] You don't have permission to use DEVTOOL!【type = 6】 @ https://yurigarden.com/assets/index-CUTVLur8.js:16
[  549088ms] [WARNING] You don't have permission to use DEVTOOL!【type = 6】 @ https://yurigarden.com/assets/index-CUTVLur8.js:16
[  549584ms] [WARNING] You don't have permission to use DEVTOOL!【type = 6】 @ https://yurigarden.com/assets/index-CUTVLur8.js:16
[  550086ms] [WARNING] You don't have permission to use DEVTOOL!【type = 6】 @ https://yurigarden.com/assets/index-CUTVLur8.js:16
[  550589ms] [WARNING] You don't have permission to use DEVTOOL!【type = 6】 @ https://yurigarden.com/assets/index-CUTVLur8.js:16
[  551096ms] [WARNING] You don't have permission to use DEVTOOL!【type = 6】 @ https://yurigarden.com/assets/index-CUTVLur8.js:16
[  551597ms] [WARNING] You don't have permission to use DEVTOOL!【type = 6】 @ https://yurigarden.com/assets/index-CUTVLur8.js:16
[  552103ms] [WARNING] You don't have permission to use DEVTOOL!【type = 6】 @ https://yurigarden.com/assets/index-CUTVLur8.js:16
[  552604ms] [WARNING] You don't have permission to use DEVTOOL!【type = 6】 @ https://yurigarden.com/assets/index-CUTVLur8.js:16
[  553087ms] [WARNING] You don't have permission to use DEVTOOL!【type = 6】 @ https://yurigarden.com/assets/index-CUTVLur8.js:16
[  553594ms] [WARNING] You don't have permission to use DEVTOOL!【type = 6】 @ https://yurigarden.com/assets/index-CUTVLur8.js:16
[  554088ms] [WARNING] You don't have permission to use DEVTOOL!【type = 6】 @ https://yurigarden.com/assets/index-CUTVLur8.js:16
[  554590ms] [WARNING] You don't have permission to use DEVTOOL!【type = 6】 @ https://yurigarden.com/assets/index-CUTVLur8.js:16
[  555082ms] [WARNING] You don't have permission to use DEVTOOL!【type = 6】 @ https://yurigarden.com/assets/index-CUTVLur8.js:16
[  555580ms] [WARNING] You don't have permission to use DEVTOOL!【type = 6】 @ https://yurigarden.com/assets/index-CUTVLur8.js:16
[  556088ms] [WARNING] You don't have permission to use DEVTOOL!【type = 6】 @ https://yurigarden.com/assets/index-CUTVLur8.js:16
[  556583ms] [WARNING] You don't have permission to use DEVTOOL!【type = 6】 @ https://yurigarden.com/assets/index-CUTVLur8.js:16
[  557087ms] [WARNING] You don't have permission to use DEVTOOL!【type = 6】 @ https://yurigarden.com/assets/index-CUTVLur8.js:16
[  557585ms] [WARNING] You don't have permission to use DEVTOOL!【type = 6】 @ https://yurigarden.com/assets/index-CUTVLur8.js:16
[  558084ms] [WARNING] You don't have permission to use DEVTOOL!【type = 6】 @ https://yurigarden.com/assets/index-CUTVLur8.js:16
[  558584ms] [WARNING] You don't have permission to use DEVTOOL!【type = 6】 @ https://yurigarden.com/assets/index-CUTVLur8.js:16
[  559091ms] [WARNING] You don't have permission to use DEVTOOL!【type = 6】 @ https://yurigarden.com/assets/index-CUTVLur8.js:16
[  559602ms] [WARNING] You don't have permission to use DEVTOOL!【type = 6】 @ https://yurigarden.com/assets/index-CUTVLur8.js:16
[  560104ms] [WARNING] You don't have permission to use DEVTOOL!【type = 6】 @ https://yurigarden.com/assets/index-CUTVLur8.js:16
[  560597ms] [WARNING] You don't have permission to use DEVTOOL!【type = 6】 @ https://yurigarden.com/assets/index-CUTVLur8.js:16
[  561098ms] [WARNING] You don't have permission to use DEVTOOL!【type = 6】 @ https://yurigarden.com/assets/index-CUTVLur8.js:16
[  561596ms] [WARNING] You don't have permission to use DEVTOOL!【type = 6】 @ https://yurigarden.com/assets/index-CUTVLur8.js:16
[  562092ms] [WARNING] You don't have permission to use DEVTOOL!【type = 6】 @ https://yurigarden.com/assets/index-CUTVLur8.js:16
[  562591ms] [WARNING] You don't have permission to use DEVTOOL!【type = 6】 @ https://yurigarden.com/assets/index-CUTVLur8.js:16
[  563095ms] [WARNING] You don't have permission to use DEVTOOL!【type = 6】 @ https://yurigarden.com/assets/index-CUTVLur8.js:16
[  563599ms] [WARNING] You don't have permission to use DEVTOOL!【type = 6】 @ https://yurigarden.com/assets/index-CUTVLur8.js:16
[  564095ms] [WARNING] You don't have permission to use DEVTOOL!【type = 6】 @ https://yurigarden.com/assets/index-CUTVLur8.js:16
[  564589ms] [WARNING] You don't have permission to use DEVTOOL!【type = 6】 @ https://yurigarden.com/assets/index-CUTVLur8.js:16
[  565091ms] [WARNING] You don't have permission to use DEVTOOL!【type = 6】 @ https://yurigarden.com/assets/index-CUTVLur8.js:16
[  565594ms] [WARNING] You don't have permission to use DEVTOOL!【type = 6】 @ https://yurigarden.com/assets/index-CUTVLur8.js:16
[  566091ms] [WARNING] You don't have permission to use DEVTOOL!【type = 6】 @ https://yurigarden.com/assets/index-CUTVLur8.js:16
[  566591ms] [WARNING] You don't have permission to use DEVTOOL!【type = 6】 @ https://yurigarden.com/assets/index-CUTVLur8.js:16
[  567088ms] [WARNING] You don't have permission to use DEVTOOL!【type = 6】 @ https://yurigarden.com/assets/index-CUTVLur8.js:16
[  567586ms] [WARNING] You don't have permission to use DEVTOOL!【type = 6】 @ https://yurigarden.com/assets/index-CUTVLur8.js:16
[  568090ms] [WARNING] You don't have permission to use DEVTOOL!【type = 6】 @ https://yurigarden.com/assets/index-CUTVLur8.js:16
[  568587ms] [WARNING] You don't have permission to use DEVTOOL!【type = 6】 @ https://yurigarden.com/assets/index-CUTVLur8.js:16
[  569088ms] [WARNING] You don't have permission to use DEVTOOL!【type = 6】 @ https://yurigarden.com/assets/index-CUTVLur8.js:16
[  569593ms] [WARNING] You don't have permission to use DEVTOOL!【type = 6】 @ https://yurigarden.com/assets/index-CUTVLur8.js:16
[  570099ms] [WARNING] You don't have permission to use DEVTOOL!【type = 6】 @ https://yurigarden.com/assets/index-CUTVLur8.js:16
[  570588ms] [WARNING] You don't have permission to use DEVTOOL!【type = 6】 @ https://yurigarden.com/assets/index-CUTVLur8.js:16
[  571097ms] [WARNING] You don't have permission to use DEVTOOL!【type = 6】 @ https://yurigarden.com/assets/index-CUTVLur8.js:16
[  571589ms] [WARNING] You don't have permission to use DEVTOOL!【type = 6】 @ https://yurigarden.com/assets/index-CUTVLur8.js:16
[  572092ms] [WARNING] You don't have permission to use DEVTOOL!【type = 6】 @ https://yurigarden.com/assets/index-CUTVLur8.js:16
[  572596ms] [WARNING] You don't have permission to use DEVTOOL!【type = 6】 @ https://yurigarden.com/assets/index-CUTVLur8.js:16
[  573094ms] [WARNING] You don't have permission to use DEVTOOL!【type = 6】 @ https://yurigarden.com/assets/index-CUTVLur8.js:16
[  573591ms] [WARNING] You don't have permission to use DEVTOOL!【type = 6】 @ https://yurigarden.com/assets/index-CUTVLur8.js:16
[  574084ms] [WARNING] You don't have permission to use DEVTOOL!【type = 6】 @ https://yurigarden.com/assets/index-CUTVLur8.js:16
[  574589ms] [WARNING] You don't have permission to use DEVTOOL!【type = 6】 @ https://yurigarden.com/assets/index-CUTVLur8.js:16
[  575087ms] [WARNING] You don't have permission to use DEVTOOL!【type = 6】 @ https://yurigarden.com/assets/index-CUTVLur8.js:16
[  575593ms] [WARNING] You don't have permission to use DEVTOOL!【type = 6】 @ https://yurigarden.com/assets/index-CUTVLur8.js:16
[  576084ms] [WARNING] You don't have permission to use DEVTOOL!【type = 6】 @ https://yurigarden.com/assets/index-CUTVLur8.js:16
[  576597ms] [WARNING] You don't have permission to use DEVTOOL!【type = 6】 @ https://yurigarden.com/assets/index-CUTVLur8.js:16
[  577096ms] [WARNING] You don't have permission to use DEVTOOL!【type = 6】 @ https://yurigarden.com/assets/index-CUTVLur8.js:16
[  577597ms] [WARNING] You don't have permission to use DEVTOOL!【type = 6】 @ https://yurigarden.com/assets/index-CUTVLur8.js:16
[  578086ms] [WARNING] You don't have permission to use DEVTOOL!【type = 6】 @ https://yurigarden.com/assets/index-CUTVLur8.js:16
[  578591ms] [WARNING] You don't have permission to use DEVTOOL!【type = 6】 @ https://yurigarden.com/assets/index-CUTVLur8.js:16
[  579088ms] [WARNING] You don't have permission to use DEVTOOL!【type = 6】 @ https://yurigarden.com/assets/index-CUTVLur8.js:16
[  579592ms] [WARNING] You don't have permission to use DEVTOOL!【type = 6】 @ https://yurigarden.com/assets/index-CUTVLur8.js:16
[  580088ms] [WARNING] You don't have permission to use DEVTOOL!【type = 6】 @ https://yurigarden.com/assets/index-CUTVLur8.js:16
[  580597ms] [WARNING] You don't have permission to use DEVTOOL!【type = 6】 @ https://yurigarden.com/assets/index-CUTVLur8.js:16
[  581084ms] [WARNING] You don't have permission to use DEVTOOL!【type = 6】 @ https://yurigarden.com/assets/index-CUTVLur8.js:16
[  581583ms] [WARNING] You don't have permission to use DEVTOOL!【type = 6】 @ https://yurigarden.com/assets/index-CUTVLur8.js:16
[  582083ms] [WARNING] You don't have permission to use DEVTOOL!【type = 6】 @ https://yurigarden.com/assets/index-CUTVLur8.js:16
[  582584ms] [WARNING] You don't have permission to use DEVTOOL!【type = 6】 @ https://yurigarden.com/assets/index-CUTVLur8.js:16
[  583091ms] [WARNING] You don't have permission to use DEVTOOL!【type = 6】 @ https://yurigarden.com/assets/index-CUTVLur8.js:16
[  583602ms] [WARNING] You don't have permission to use DEVTOOL!【type = 6】 @ https://yurigarden.com/assets/index-CUTVLur8.js:16
[  584094ms] [WARNING] You don't have permission to use DEVTOOL!【type = 6】 @ https://yurigarden.com/assets/index-CUTVLur8.js:16
[  584585ms] [WARNING] You don't have permission to use DEVTOOL!【type = 6】 @ https://yurigarden.com/assets/index-CUTVLur8.js:16
[  585086ms] [WARNING] You don't have permission to use DEVTOOL!【type = 6】 @ https://yurigarden.com/assets/index-CUTVLur8.js:16
[  585589ms] [WARNING] You don't have permission to use DEVTOOL!【type = 6】 @ https://yurigarden.com/assets/index-CUTVLur8.js:16
[  586091ms] [WARNING] You don't have permission to use DEVTOOL!【type = 6】 @ https://yurigarden.com/assets/index-CUTVLur8.js:16
[  586591ms] [WARNING] You don't have permission to use DEVTOOL!【type = 6】 @ https://yurigarden.com/assets/index-CUTVLur8.js:16
[  587088ms] [WARNING] You don't have permission to use DEVTOOL!【type = 6】 @ https://yurigarden.com/assets/index-CUTVLur8.js:16
[  587609ms] [WARNING] You don't have permission to use DEVTOOL!【type = 6】 @ https://yurigarden.com/assets/index-CUTVLur8.js:16
[  588093ms] [WARNING] You don't have permission to use DEVTOOL!【type = 6】 @ https://yurigarden.com/assets/index-CUTVLur8.js:16
[  588599ms] [WARNING] You don't have permission to use DEVTOOL!【type = 6】 @ https://yurigarden.com/assets/index-CUTVLur8.js:16
[  589095ms] [WARNING] You don't have permission to use DEVTOOL!【type = 6】 @ https://yurigarden.com/assets/index-CUTVLur8.js:16
[  589595ms] [WARNING] You don't have permission to use DEVTOOL!【type = 6】 @ https://yurigarden.com/assets/index-CUTVLur8.js:16
[  590080ms] [WARNING] You don't have permission to use DEVTOOL!【type = 6】 @ https://yurigarden.com/assets/index-CUTVLur8.js:16
[  590593ms] [WARNING] You don't have permission to use DEVTOOL!【type = 6】 @ https://yurigarden.com/assets/index-CUTVLur8.js:16
[  591091ms] [WARNING] You don't have permission to use DEVTOOL!【type = 6】 @ https://yurigarden.com/assets/index-CUTVLur8.js:16
[  591587ms] [WARNING] You don't have permission to use DEVTOOL!【type = 6】 @ https://yurigarden.com/assets/index-CUTVLur8.js:16
[  592099ms] [WARNING] You don't have permission to use DEVTOOL!【type = 6】 @ https://yurigarden.com/assets/index-CUTVLur8.js:16
[  592591ms] [WARNING] You don't have permission to use DEVTOOL!【type = 6】 @ https://yurigarden.com/assets/index-CUTVLur8.js:16
[  593092ms] [WARNING] You don't have permission to use DEVTOOL!【type = 6】 @ https://yurigarden.com/assets/index-CUTVLur8.js:16
[  593597ms] [WARNING] You don't have permission to use DEVTOOL!【type = 6】 @ https://yurigarden.com/assets/index-CUTVLur8.js:16
[  594091ms] [WARNING] You don't have permission to use DEVTOOL!【type = 6】 @ https://yurigarden.com/assets/index-CUTVLur8.js:16
[  594584ms] [WARNING] You don't have permission to use DEVTOOL!【type = 6】 @ https://yurigarden.com/assets/index-CUTVLur8.js:16
[  595097ms] [WARNING] You don't have permission to use DEVTOOL!【type = 6】 @ https://yurigarden.com/assets/index-CUTVLur8.js:16
[  595592ms] [WARNING] You don't have permission to use DEVTOOL!【type = 6】 @ https://yurigarden.com/assets/index-CUTVLur8.js:16
[  596089ms] [WARNING] You don't have permission to use DEVTOOL!【type = 6】 @ https://yurigarden.com/assets/index-CUTVLur8.js:16
[  596591ms] [WARNING] You don't have permission to use DEVTOOL!【type = 6】 @ https://yurigarden.com/assets/index-CUTVLur8.js:16
[  597087ms] [WARNING] You don't have permission to use DEVTOOL!【type = 6】 @ https://yurigarden.com/assets/index-CUTVLur8.js:16
[  597598ms] [WARNING] You don't have permission to use DEVTOOL!【type = 6】 @ https://yurigarden.com/assets/index-CUTVLur8.js:16
[  598089ms] [WARNING] You don't have permission to use DEVTOOL!【type = 6】 @ https://yurigarden.com/assets/index-CUTVLur8.js:16
[  598588ms] [WARNING] You don't have permission to use DEVTOOL!【type = 6】 @ https://yurigarden.com/assets/index-CUTVLur8.js:16
[  599085ms] [WARNING] You don't have permission to use DEVTOOL!【type = 6】 @ https://yurigarden.com/assets/index-CUTVLur8.js:16
[  599585ms] [WARNING] You don't have permission to use DEVTOOL!【type = 6】 @ https://yurigarden.com/assets/index-CUTVLur8.js:16
[  600078ms] [WARNING] You don't have permission to use DEVTOOL!【type = 6】 @ https://yurigarden.com/assets/index-CUTVLur8.js:16
[  600585ms] [WARNING] You don't have permission to use DEVTOOL!【type = 6】 @ https://yurigarden.com/assets/index-CUTVLur8.js:16
[  601090ms] [WARNING] You don't have permission to use DEVTOOL!【type = 6】 @ https://yurigarden.com/assets/index-CUTVLur8.js:16
[  601586ms] [WARNING] You don't have permission to use DEVTOOL!【type = 6】 @ https://yurigarden.com/assets/index-CUTVLur8.js:16
[  602097ms] [WARNING] You don't have permission to use DEVTOOL!【type = 6】 @ https://yurigarden.com/assets/index-CUTVLur8.js:16
[  602585ms] [WARNING] You don't have permission to use DEVTOOL!【type = 6】 @ https://yurigarden.com/assets/index-CUTVLur8.js:16
[  603087ms] [WARNING] You don't have permission to use DEVTOOL!【type = 6】 @ https://yurigarden.com/assets/index-CUTVLur8.js:16
[  603591ms] [WARNING] You don't have permission to use DEVTOOL!【type = 6】 @ https://yurigarden.com/assets/index-CUTVLur8.js:16
[  604092ms] [WARNING] You don't have permission to use DEVTOOL!【type = 6】 @ https://yurigarden.com/assets/index-CUTVLur8.js:16
[  604589ms] [WARNING] You don't have permission to use DEVTOOL!【type = 6】 @ https://yurigarden.com/assets/index-CUTVLur8.js:16
[  605088ms] [WARNING] You don't have permission to use DEVTOOL!【type = 6】 @ https://yurigarden.com/assets/index-CUTVLur8.js:16
[  605591ms] [WARNING] You don't have permission to use DEVTOOL!【type = 6】 @ https://yurigarden.com/assets/index-CUTVLur8.js:16
[  606088ms] [WARNING] You don't have permission to use DEVTOOL!【type = 6】 @ https://yurigarden.com/assets/index-CUTVLur8.js:16
[  606593ms] [WARNING] You don't have permission to use DEVTOOL!【type = 6】 @ https://yurigarden.com/assets/index-CUTVLur8.js:16
[  607094ms] [WARNING] You don't have permission to use DEVTOOL!【type = 6】 @ https://yurigarden.com/assets/index-CUTVLur8.js:16
[  607591ms] [WARNING] You don't have permission to use DEVTOOL!【type = 6】 @ https://yurigarden.com/assets/index-CUTVLur8.js:16
[  608098ms] [WARNING] You don't have permission to use DEVTOOL!【type = 6】 @ https://yurigarden.com/assets/index-CUTVLur8.js:16
[  608592ms] [WARNING] You don't have permission to use DEVTOOL!【type = 6】 @ https://yurigarden.com/assets/index-CUTVLur8.js:16
[  609080ms] [WARNING] You don't have permission to use DEVTOOL!【type = 6】 @ https://yurigarden.com/assets/index-CUTVLur8.js:16
[  609587ms] [WARNING] You don't have permission to use DEVTOOL!【type = 6】 @ https://yurigarden.com/assets/index-CUTVLur8.js:16
[  610099ms] [WARNING] You don't have permission to use DEVTOOL!【type = 6】 @ https://yurigarden.com/assets/index-CUTVLur8.js:16
[  610589ms] [WARNING] You don't have permission to use DEVTOOL!【type = 6】 @ https://yurigarden.com/assets/index-CUTVLur8.js:16
[  611089ms] [WARNING] You don't have permission to use DEVTOOL!【type = 6】 @ https://yurigarden.com/assets/index-CUTVLur8.js:16
[  611583ms] [WARNING] You don't have permission to use DEVTOOL!【type = 6】 @ https://yurigarden.com/assets/index-CUTVLur8.js:16
[  612092ms] [WARNING] You don't have permission to use DEVTOOL!【type = 6】 @ https://yurigarden.com/assets/index-CUTVLur8.js:16
[  612594ms] [WARNING] You don't have permission to use DEVTOOL!【type = 6】 @ https://yurigarden.com/assets/index-CUTVLur8.js:16
[  613092ms] [WARNING] You don't have permission to use DEVTOOL!【type = 6】 @ https://yurigarden.com/assets/index-CUTVLur8.js:16
[  613595ms] [WARNING] You don't have permission to use DEVTOOL!【type = 6】 @ https://yurigarden.com/assets/index-CUTVLur8.js:16
[  614086ms] [WARNING] You don't have permission to use DEVTOOL!【type = 6】 @ https://yurigarden.com/assets/index-CUTVLur8.js:16
[  614591ms] [WARNING] You don't have permission to use DEVTOOL!【type = 6】 @ https://yurigarden.com/assets/index-CUTVLur8.js:16
[  615083ms] [WARNING] You don't have permission to use DEVTOOL!【type = 6】 @ https://yurigarden.com/assets/index-CUTVLur8.js:16
[  615583ms] [WARNING] You don't have permission to use DEVTOOL!【type = 6】 @ https://yurigarden.com/assets/index-CUTVLur8.js:16
[  616092ms] [WARNING] You don't have permission to use DEVTOOL!【type = 6】 @ https://yurigarden.com/assets/index-CUTVLur8.js:16
[  616590ms] [WARNING] You don't have permission to use DEVTOOL!【type = 6】 @ https://yurigarden.com/assets/index-CUTVLur8.js:16
[  617088ms] [WARNING] You don't have permission to use DEVTOOL!【type = 6】 @ https://yurigarden.com/assets/index-CUTVLur8.js:16
[  617594ms] [WARNING] You don't have permission to use DEVTOOL!【type = 6】 @ https://yurigarden.com/assets/index-CUTVLur8.js:16
[  618091ms] [WARNING] You don't have permission to use DEVTOOL!【type = 6】 @ https://yurigarden.com/assets/index-CUTVLur8.js:16
[  618585ms] [WARNING] You don't have permission to use DEVTOOL!【type = 6】 @ https://yurigarden.com/assets/index-CUTVLur8.js:16
[  619101ms] [WARNING] You don't have permission to use DEVTOOL!【type = 6】 @ https://yurigarden.com/assets/index-CUTVLur8.js:16
[  619599ms] [WARNING] You don't have permission to use DEVTOOL!【type = 6】 @ https://yurigarden.com/assets/index-CUTVLur8.js:16
[  620092ms] [WARNING] You don't have permission to use DEVTOOL!【type = 6】 @ https://yurigarden.com/assets/index-CUTVLur8.js:16
[  620591ms] [WARNING] You don't have permission to use DEVTOOL!【type = 6】 @ https://yurigarden.com/assets/index-CUTVLur8.js:16
[  621089ms] [WARNING] You don't have permission to use DEVTOOL!【type = 6】 @ https://yurigarden.com/assets/index-CUTVLur8.js:16
[  621583ms] [WARNING] You don't have permission to use DEVTOOL!【type = 6】 @ https://yurigarden.com/assets/index-CUTVLur8.js:16
[  622085ms] [WARNING] You don't have permission to use DEVTOOL!【type = 6】 @ https://yurigarden.com/assets/index-CUTVLur8.js:16
[  622602ms] [WARNING] You don't have permission to use DEVTOOL!【type = 6】 @ https://yurigarden.com/assets/index-CUTVLur8.js:16
[  623086ms] [WARNING] You don't have permission to use DEVTOOL!【type = 6】 @ https://yurigarden.com/assets/index-CUTVLur8.js:16
[  623583ms] [WARNING] You don't have permission to use DEVTOOL!【type = 6】 @ https://yurigarden.com/assets/index-CUTVLur8.js:16
[  624089ms] [WARNING] You don't have permission to use DEVTOOL!【type = 6】 @ https://yurigarden.com/assets/index-CUTVLur8.js:16
[  624584ms] [WARNING] You don't have permission to use DEVTOOL!【type = 6】 @ https://yurigarden.com/assets/index-CUTVLur8.js:16
[  625085ms] [WARNING] You don't have permission to use DEVTOOL!【type = 6】 @ https://yurigarden.com/assets/index-CUTVLur8.js:16
[  625580ms] [WARNING] You don't have permission to use DEVTOOL!【type = 6】 @ https://yurigarden.com/assets/index-CUTVLur8.js:16
[  626093ms] [WARNING] You don't have permission to use DEVTOOL!【type = 6】 @ https://yurigarden.com/assets/index-CUTVLur8.js:16
[  626577ms] [WARNING] You don't have permission to use DEVTOOL!【type = 6】 @ https://yurigarden.com/assets/index-CUTVLur8.js:16
[  627093ms] [WARNING] You don't have permission to use DEVTOOL!【type = 6】 @ https://yurigarden.com/assets/index-CUTVLur8.js:16
[  627595ms] [WARNING] You don't have permission to use DEVTOOL!【type = 6】 @ https://yurigarden.com/assets/index-CUTVLur8.js:16
[  628096ms] [WARNING] You don't have permission to use DEVTOOL!【type = 6】 @ https://yurigarden.com/assets/index-CUTVLur8.js:16
[  628581ms] [WARNING] You don't have permission to use DEVTOOL!【type = 6】 @ https://yurigarden.com/assets/index-CUTVLur8.js:16
[  629084ms] [WARNING] You don't have permission to use DEVTOOL!【type = 6】 @ https://yurigarden.com/assets/index-CUTVLur8.js:16
[  629593ms] [WARNING] You don't have permission to use DEVTOOL!【type = 6】 @ https://yurigarden.com/assets/index-CUTVLur8.js:16
[  630091ms] [WARNING] You don't have permission to use DEVTOOL!【type = 6】 @ https://yurigarden.com/assets/index-CUTVLur8.js:16
[  630583ms] [WARNING] You don't have permission to use DEVTOOL!【type = 6】 @ https://yurigarden.com/assets/index-CUTVLur8.js:16
[  631083ms] [WARNING] You don't have permission to use DEVTOOL!【type = 6】 @ https://yurigarden.com/assets/index-CUTVLur8.js:16
[  631586ms] [WARNING] You don't have permission to use DEVTOOL!【type = 6】 @ https://yurigarden.com/assets/index-CUTVLur8.js:16
[  632089ms] [WARNING] You don't have permission to use DEVTOOL!【type = 6】 @ https://yurigarden.com/assets/index-CUTVLur8.js:16
[  632594ms] [WARNING] You don't have permission to use DEVTOOL!【type = 6】 @ https://yurigarden.com/assets/index-CUTVLur8.js:16
[  633087ms] [WARNING] You don't have permission to use DEVTOOL!【type = 6】 @ https://yurigarden.com/assets/index-CUTVLur8.js:16
[  633583ms] [WARNING] You don't have permission to use DEVTOOL!【type = 6】 @ https://yurigarden.com/assets/index-CUTVLur8.js:16
[  634089ms] [WARNING] You don't have permission to use DEVTOOL!【type = 6】 @ https://yurigarden.com/assets/index-CUTVLur8.js:16
[  634594ms] [WARNING] You don't have permission to use DEVTOOL!【type = 6】 @ https://yurigarden.com/assets/index-CUTVLur8.js:16
[  635093ms] [WARNING] You don't have permission to use DEVTOOL!【type = 6】 @ https://yurigarden.com/assets/index-CUTVLur8.js:16
[  635594ms] [WARNING] You don't have permission to use DEVTOOL!【type = 6】 @ https://yurigarden.com/assets/index-CUTVLur8.js:16
[  636091ms] [WARNING] You don't have permission to use DEVTOOL!【type = 6】 @ https://yurigarden.com/assets/index-CUTVLur8.js:16
[  636596ms] [WARNING] You don't have permission to use DEVTOOL!【type = 6】 @ https://yurigarden.com/assets/index-CUTVLur8.js:16
[  637093ms] [WARNING] You don't have permission to use DEVTOOL!【type = 6】 @ https://yurigarden.com/assets/index-CUTVLur8.js:16
[  637588ms] [WARNING] You don't have permission to use DEVTOOL!【type = 6】 @ https://yurigarden.com/assets/index-CUTVLur8.js:16
[  638092ms] [WARNING] You don't have permission to use DEVTOOL!【type = 6】 @ https://yurigarden.com/assets/index-CUTVLur8.js:16
[  638592ms] [WARNING] You don't have permission to use DEVTOOL!【type = 6】 @ https://yurigarden.com/assets/index-CUTVLur8.js:16
[  639092ms] [WARNING] You don't have permission to use DEVTOOL!【type = 6】 @ https://yurigarden.com/assets/index-CUTVLur8.js:16
[  639584ms] [WARNING] You don't have permission to use DEVTOOL!【type = 6】 @ https://yurigarden.com/assets/index-CUTVLur8.js:16
[  640085ms] [WARNING] You don't have permission to use DEVTOOL!【type = 6】 @ https://yurigarden.com/assets/index-CUTVLur8.js:16
[  640597ms] [WARNING] You don't have permission to use DEVTOOL!【type = 6】 @ https://yurigarden.com/assets/index-CUTVLur8.js:16
[  641088ms] [WARNING] You don't have permission to use DEVTOOL!【type = 6】 @ https://yurigarden.com/assets/index-CUTVLur8.js:16
[  641585ms] [WARNING] You don't have permission to use DEVTOOL!【type = 6】 @ https://yurigarden.com/assets/index-CUTVLur8.js:16
[  642090ms] [WARNING] You don't have permission to use DEVTOOL!【type = 6】 @ https://yurigarden.com/assets/index-CUTVLur8.js:16
[  642587ms] [WARNING] You don't have permission to use DEVTOOL!【type = 6】 @ https://yurigarden.com/assets/index-CUTVLur8.js:16
[  643089ms] [WARNING] You don't have permission to use DEVTOOL!【type = 6】 @ https://yurigarden.com/assets/index-CUTVLur8.js:16
[  643585ms] [WARNING] You don't have permission to use DEVTOOL!【type = 6】 @ https://yurigarden.com/assets/index-CUTVLur8.js:16
[  644092ms] [WARNING] You don't have permission to use DEVTOOL!【type = 6】 @ https://yurigarden.com/assets/index-CUTVLur8.js:16
[  644595ms] [WARNING] You don't have permission to use DEVTOOL!【type = 6】 @ https://yurigarden.com/assets/index-CUTVLur8.js:16
[  645098ms] [WARNING] You don't have permission to use DEVTOOL!【type = 6】 @ https://yurigarden.com/assets/index-CUTVLur8.js:16
[  645585ms] [WARNING] You don't have permission to use DEVTOOL!【type = 6】 @ https://yurigarden.com/assets/index-CUTVLur8.js:16
[  646090ms] [WARNING] You don't have permission to use DEVTOOL!【type = 6】 @ https://yurigarden.com/assets/index-CUTVLur8.js:16
[  646587ms] [WARNING] You don't have permission to use DEVTOOL!【type = 6】 @ https://yurigarden.com/assets/index-CUTVLur8.js:16
[  647087ms] [WARNING] You don't have permission to use DEVTOOL!【type = 6】 @ https://yurigarden.com/assets/index-CUTVLur8.js:16
[  647589ms] [WARNING] You don't have permission to use DEVTOOL!【type = 6】 @ https://yurigarden.com/assets/index-CUTVLur8.js:16
[  648081ms] [WARNING] You don't have permission to use DEVTOOL!【type = 6】 @ https://yurigarden.com/assets/index-CUTVLur8.js:16
[  648583ms] [WARNING] You don't have permission to use DEVTOOL!【type = 6】 @ https://yurigarden.com/assets/index-CUTVLur8.js:16
[  649088ms] [WARNING] You don't have permission to use DEVTOOL!【type = 6】 @ https://yurigarden.com/assets/index-CUTVLur8.js:16
[  649597ms] [WARNING] You don't have permission to use DEVTOOL!【type = 6】 @ https://yurigarden.com/assets/index-CUTVLur8.js:16
[  650085ms] [WARNING] You don't have permission to use DEVTOOL!【type = 6】 @ https://yurigarden.com/assets/index-CUTVLur8.js:16
[  650588ms] [WARNING] You don't have permission to use DEVTOOL!【type = 6】 @ https://yurigarden.com/assets/index-CUTVLur8.js:16
[  651095ms] [WARNING] You don't have permission to use DEVTOOL!【type = 6】 @ https://yurigarden.com/assets/index-CUTVLur8.js:16
[  651582ms] [WARNING] You don't have permission to use DEVTOOL!【type = 6】 @ https://yurigarden.com/assets/index-CUTVLur8.js:16
[  652089ms] [WARNING] You don't have permission to use DEVTOOL!【type = 6】 @ https://yurigarden.com/assets/index-CUTVLur8.js:16
[  652578ms] [WARNING] You don't have permission to use DEVTOOL!【type = 6】 @ https://yurigarden.com/assets/index-CUTVLur8.js:16
[  653089ms] [WARNING] You don't have permission to use DEVTOOL!【type = 6】 @ https://yurigarden.com/assets/index-CUTVLur8.js:16
[  653592ms] [WARNING] You don't have permission to use DEVTOOL!【type = 6】 @ https://yurigarden.com/assets/index-CUTVLur8.js:16
[  654087ms] [WARNING] You don't have permission to use DEVTOOL!【type = 6】 @ https://yurigarden.com/assets/index-CUTVLur8.js:16
[  654592ms] [WARNING] You don't have permission to use DEVTOOL!【type = 6】 @ https://yurigarden.com/assets/index-CUTVLur8.js:16
[  655092ms] [WARNING] You don't have permission to use DEVTOOL!【type = 6】 @ https://yurigarden.com/assets/index-CUTVLur8.js:16
[  655594ms] [WARNING] You don't have permission to use DEVTOOL!【type = 6】 @ https://yurigarden.com/assets/index-CUTVLur8.js:16
[  656088ms] [WARNING] You don't have permission to use DEVTOOL!【type = 6】 @ https://yurigarden.com/assets/index-CUTVLur8.js:16
[  656595ms] [WARNING] You don't have permission to use DEVTOOL!【type = 6】 @ https://yurigarden.com/assets/index-CUTVLur8.js:16
[  657102ms] [WARNING] You don't have permission to use DEVTOOL!【type = 6】 @ https://yurigarden.com/assets/index-CUTVLur8.js:16
[  657592ms] [WARNING] You don't have permission to use DEVTOOL!【type = 6】 @ https://yurigarden.com/assets/index-CUTVLur8.js:16
[  658102ms] [WARNING] You don't have permission to use DEVTOOL!【type = 6】 @ https://yurigarden.com/assets/index-CUTVLur8.js:16
[  658589ms] [WARNING] You don't have permission to use DEVTOOL!【type = 6】 @ https://yurigarden.com/assets/index-CUTVLur8.js:16
[  659084ms] [WARNING] You don't have permission to use DEVTOOL!【type = 6】 @ https://yurigarden.com/assets/index-CUTVLur8.js:16
[  659593ms] [WARNING] You don't have permission to use DEVTOOL!【type = 6】 @ https://yurigarden.com/assets/index-CUTVLur8.js:16
[  660100ms] [WARNING] You don't have permission to use DEVTOOL!【type = 6】 @ https://yurigarden.com/assets/index-CUTVLur8.js:16
[  660597ms] [WARNING] You don't have permission to use DEVTOOL!【type = 6】 @ https://yurigarden.com/assets/index-CUTVLur8.js:16
[  661103ms] [WARNING] You don't have permission to use DEVTOOL!【type = 6】 @ https://yurigarden.com/assets/index-CUTVLur8.js:16
[  661602ms] [WARNING] You don't have permission to use DEVTOOL!【type = 6】 @ https://yurigarden.com/assets/index-CUTVLur8.js:16
[  662100ms] [WARNING] You don't have permission to use DEVTOOL!【type = 6】 @ https://yurigarden.com/assets/index-CUTVLur8.js:16
[  662597ms] [WARNING] You don't have permission to use DEVTOOL!【type = 6】 @ https://yurigarden.com/assets/index-CUTVLur8.js:16
[  663095ms] [WARNING] You don't have permission to use DEVTOOL!【type = 6】 @ https://yurigarden.com/assets/index-CUTVLur8.js:16
[  663604ms] [WARNING] You don't have permission to use DEVTOOL!【type = 6】 @ https://yurigarden.com/assets/index-CUTVLur8.js:16
[  664098ms] [WARNING] You don't have permission to use DEVTOOL!【type = 6】 @ https://yurigarden.com/assets/index-CUTVLur8.js:16
[  664603ms] [WARNING] You don't have permission to use DEVTOOL!【type = 6】 @ https://yurigarden.com/assets/index-CUTVLur8.js:16
[  665097ms] [WARNING] You don't have permission to use DEVTOOL!【type = 6】 @ https://yurigarden.com/assets/index-CUTVLur8.js:16
[  665600ms] [WARNING] You don't have permission to use DEVTOOL!【type = 6】 @ https://yurigarden.com/assets/index-CUTVLur8.js:16
[  666093ms] [WARNING] You don't have permission to use DEVTOOL!【type = 6】 @ https://yurigarden.com/assets/index-CUTVLur8.js:16
[  666593ms] [WARNING] You don't have permission to use DEVTOOL!【type = 6】 @ https://yurigarden.com/assets/index-CUTVLur8.js:16
[  667086ms] [WARNING] You don't have permission to use DEVTOOL!【type = 6】 @ https://yurigarden.com/assets/index-CUTVLur8.js:16
[  667593ms] [WARNING] You don't have permission to use DEVTOOL!【type = 6】 @ https://yurigarden.com/assets/index-CUTVLur8.js:16
[  668095ms] [WARNING] You don't have permission to use DEVTOOL!【type = 6】 @ https://yurigarden.com/assets/index-CUTVLur8.js:16
[  668591ms] [WARNING] You don't have permission to use DEVTOOL!【type = 6】 @ https://yurigarden.com/assets/index-CUTVLur8.js:16
[  669097ms] [WARNING] You don't have permission to use DEVTOOL!【type = 6】 @ https://yurigarden.com/assets/index-CUTVLur8.js:16
[  669595ms] [WARNING] You don't have permission to use DEVTOOL!【type = 6】 @ https://yurigarden.com/assets/index-CUTVLur8.js:16
[  670092ms] [WARNING] You don't have permission to use DEVTOOL!【type = 6】 @ https://yurigarden.com/assets/index-CUTVLur8.js:16
[  670585ms] [WARNING] You don't have permission to use DEVTOOL!【type = 6】 @ https://yurigarden.com/assets/index-CUTVLur8.js:16
[  671091ms] [WARNING] You don't have permission to use DEVTOOL!【type = 6】 @ https://yurigarden.com/assets/index-CUTVLur8.js:16
[  671588ms] [WARNING] You don't have permission to use DEVTOOL!【type = 6】 @ https://yurigarden.com/assets/index-CUTVLur8.js:16
[  672100ms] [WARNING] You don't have permission to use DEVTOOL!【type = 6】 @ https://yurigarden.com/assets/index-CUTVLur8.js:16
[  672598ms] [WARNING] You don't have permission to use DEVTOOL!【type = 6】 @ https://yurigarden.com/assets/index-CUTVLur8.js:16
[  673095ms] [WARNING] You don't have permission to use DEVTOOL!【type = 6】 @ https://yurigarden.com/assets/index-CUTVLur8.js:16
[  673596ms] [WARNING] You don't have permission to use DEVTOOL!【type = 6】 @ https://yurigarden.com/assets/index-CUTVLur8.js:16
[  674099ms] [WARNING] You don't have permission to use DEVTOOL!【type = 6】 @ https://yurigarden.com/assets/index-CUTVLur8.js:16
[  674599ms] [WARNING] You don't have permission to use DEVTOOL!【type = 6】 @ https://yurigarden.com/assets/index-CUTVLur8.js:16
[  675088ms] [WARNING] You don't have permission to use DEVTOOL!【type = 6】 @ https://yurigarden.com/assets/index-CUTVLur8.js:16
[  675595ms] [WARNING] You don't have permission to use DEVTOOL!【type = 6】 @ https://yurigarden.com/assets/index-CUTVLur8.js:16
[  676085ms] [WARNING] You don't have permission to use DEVTOOL!【type = 6】 @ https://yurigarden.com/assets/index-CUTVLur8.js:16
[  676589ms] [WARNING] You don't have permission to use DEVTOOL!【type = 6】 @ https://yurigarden.com/assets/index-CUTVLur8.js:16
[  677093ms] [WARNING] You don't have permission to use DEVTOOL!【type = 6】 @ https://yurigarden.com/assets/index-CUTVLur8.js:16
[  677598ms] [WARNING] You don't have permission to use DEVTOOL!【type = 6】 @ https://yurigarden.com/assets/index-CUTVLur8.js:16
[  678087ms] [WARNING] You don't have permission to use DEVTOOL!【type = 6】 @ https://yurigarden.com/assets/index-CUTVLur8.js:16
[  678587ms] [WARNING] You don't have permission to use DEVTOOL!【type = 6】 @ https://yurigarden.com/assets/index-CUTVLur8.js:16
[  679090ms] [WARNING] You don't have permission to use DEVTOOL!【type = 6】 @ https://yurigarden.com/assets/index-CUTVLur8.js:16
[  679582ms] [WARNING] You don't have permission to use DEVTOOL!【type = 6】 @ https://yurigarden.com/assets/index-CUTVLur8.js:16
[  680080ms] [WARNING] You don't have permission to use DEVTOOL!【type = 6】 @ https://yurigarden.com/assets/index-CUTVLur8.js:16
[  680590ms] [WARNING] You don't have permission to use DEVTOOL!【type = 6】 @ https://yurigarden.com/assets/index-CUTVLur8.js:16
[  681082ms] [WARNING] You don't have permission to use DEVTOOL!【type = 6】 @ https://yurigarden.com/assets/index-CUTVLur8.js:16
[  681581ms] [WARNING] You don't have permission to use DEVTOOL!【type = 6】 @ https://yurigarden.com/assets/index-CUTVLur8.js:16
[  682083ms] [WARNING] You don't have permission to use DEVTOOL!【type = 6】 @ https://yurigarden.com/assets/index-CUTVLur8.js:16
[  682586ms] [WARNING] You don't have permission to use DEVTOOL!【type = 6】 @ https://yurigarden.com/assets/index-CUTVLur8.js:16
[  683085ms] [WARNING] You don't have permission to use DEVTOOL!【type = 6】 @ https://yurigarden.com/assets/index-CUTVLur8.js:16
[  683591ms] [WARNING] You don't have permission to use DEVTOOL!【type = 6】 @ https://yurigarden.com/assets/index-CUTVLur8.js:16
[  684090ms] [WARNING] You don't have permission to use DEVTOOL!【type = 6】 @ https://yurigarden.com/assets/index-CUTVLur8.js:16
[  684579ms] [WARNING] You don't have permission to use DEVTOOL!【type = 6】 @ https://yurigarden.com/assets/index-CUTVLur8.js:16
[  685081ms] [WARNING] You don't have permission to use DEVTOOL!【type = 6】 @ https://yurigarden.com/assets/index-CUTVLur8.js:16
[  685588ms] [WARNING] You don't have permission to use DEVTOOL!【type = 6】 @ https://yurigarden.com/assets/index-CUTVLur8.js:16
[  686092ms] [WARNING] You don't have permission to use DEVTOOL!【type = 6】 @ https://yurigarden.com/assets/index-CUTVLur8.js:16
[  686589ms] [WARNING] You don't have permission to use DEVTOOL!【type = 6】 @ https://yurigarden.com/assets/index-CUTVLur8.js:16
[  687086ms] [WARNING] You don't have permission to use DEVTOOL!【type = 6】 @ https://yurigarden.com/assets/index-CUTVLur8.js:16
[  687588ms] [WARNING] You don't have permission to use DEVTOOL!【type = 6】 @ https://yurigarden.com/assets/index-CUTVLur8.js:16
[  688084ms] [WARNING] You don't have permission to use DEVTOOL!【type = 6】 @ https://yurigarden.com/assets/index-CUTVLur8.js:16
[  688582ms] [WARNING] You don't have permission to use DEVTOOL!【type = 6】 @ https://yurigarden.com/assets/index-CUTVLur8.js:16
[  689086ms] [WARNING] You don't have permission to use DEVTOOL!【type = 6】 @ https://yurigarden.com/assets/index-CUTVLur8.js:16
[  689584ms] [WARNING] You don't have permission to use DEVTOOL!【type = 6】 @ https://yurigarden.com/assets/index-CUTVLur8.js:16
[  690083ms] [WARNING] You don't have permission to use DEVTOOL!【type = 6】 @ https://yurigarden.com/assets/index-CUTVLur8.js:16
[  690585ms] [WARNING] You don't have permission to use DEVTOOL!【type = 6】 @ https://yurigarden.com/assets/index-CUTVLur8.js:16
[  691093ms] [WARNING] You don't have permission to use DEVTOOL!【type = 6】 @ https://yurigarden.com/assets/index-CUTVLur8.js:16
[  691588ms] [WARNING] You don't have permission to use DEVTOOL!【type = 6】 @ https://yurigarden.com/assets/index-CUTVLur8.js:16
[  692086ms] [WARNING] You don't have permission to use DEVTOOL!【type = 6】 @ https://yurigarden.com/assets/index-CUTVLur8.js:16
[  692590ms] [WARNING] You don't have permission to use DEVTOOL!【type = 6】 @ https://yurigarden.com/assets/index-CUTVLur8.js:16
[  693096ms] [WARNING] You don't have permission to use DEVTOOL!【type = 6】 @ https://yurigarden.com/assets/index-CUTVLur8.js:16
[  693595ms] [WARNING] You don't have permission to use DEVTOOL!【type = 6】 @ https://yurigarden.com/assets/index-CUTVLur8.js:16
[  694095ms] [WARNING] You don't have permission to use DEVTOOL!【type = 6】 @ https://yurigarden.com/assets/index-CUTVLur8.js:16
[  694593ms] [WARNING] You don't have permission to use DEVTOOL!【type = 6】 @ https://yurigarden.com/assets/index-CUTVLur8.js:16
[  695080ms] [WARNING] You don't have permission to use DEVTOOL!【type = 6】 @ https://yurigarden.com/assets/index-CUTVLur8.js:16
[  695594ms] [WARNING] You don't have permission to use DEVTOOL!【type = 6】 @ https://yurigarden.com/assets/index-CUTVLur8.js:16
[  696083ms] [WARNING] You don't have permission to use DEVTOOL!【type = 6】 @ https://yurigarden.com/assets/index-CUTVLur8.js:16
[  696589ms] [WARNING] You don't have permission to use DEVTOOL!【type = 6】 @ https://yurigarden.com/assets/index-CUTVLur8.js:16
[  697089ms] [WARNING] You don't have permission to use DEVTOOL!【type = 6】 @ https://yurigarden.com/assets/index-CUTVLur8.js:16
[  697587ms] [WARNING] You don't have permission to use DEVTOOL!【type = 6】 @ https://yurigarden.com/assets/index-CUTVLur8.js:16
[  698083ms] [WARNING] You don't have permission to use DEVTOOL!【type = 6】 @ https://yurigarden.com/assets/index-CUTVLur8.js:16
[  698589ms] [WARNING] You don't have permission to use DEVTOOL!【type = 6】 @ https://yurigarden.com/assets/index-CUTVLur8.js:16
[  699096ms] [WARNING] You don't have permission to use DEVTOOL!【type = 6】 @ https://yurigarden.com/assets/index-CUTVLur8.js:16
[  699591ms] [WARNING] You don't have permission to use DEVTOOL!【type = 6】 @ https://yurigarden.com/assets/index-CUTVLur8.js:16
[  700105ms] [WARNING] You don't have permission to use DEVTOOL!【type = 6】 @ https://yurigarden.com/assets/index-CUTVLur8.js:16
[  700595ms] [WARNING] You don't have permission to use DEVTOOL!【type = 6】 @ https://yurigarden.com/assets/index-CUTVLur8.js:16
[  701098ms] [WARNING] You don't have permission to use DEVTOOL!【type = 6】 @ https://yurigarden.com/assets/index-CUTVLur8.js:16
[  701587ms] [WARNING] You don't have permission to use DEVTOOL!【type = 6】 @ https://yurigarden.com/assets/index-CUTVLur8.js:16
[  702093ms] [WARNING] You don't have permission to use DEVTOOL!【type = 6】 @ https://yurigarden.com/assets/index-CUTVLur8.js:16
[  702596ms] [WARNING] You don't have permission to use DEVTOOL!【type = 6】 @ https://yurigarden.com/assets/index-CUTVLur8.js:16
[  703091ms] [WARNING] You don't have permission to use DEVTOOL!【type = 6】 @ https://yurigarden.com/assets/index-CUTVLur8.js:16
[  703591ms] [WARNING] You don't have permission to use DEVTOOL!【type = 6】 @ https://yurigarden.com/assets/index-CUTVLur8.js:16
[  704097ms] [WARNING] You don't have permission to use DEVTOOL!【type = 6】 @ https://yurigarden.com/assets/index-CUTVLur8.js:16
[  704593ms] [WARNING] You don't have permission to use DEVTOOL!【type = 6】 @ https://yurigarden.com/assets/index-CUTVLur8.js:16
[  705093ms] [WARNING] You don't have permission to use DEVTOOL!【type = 6】 @ https://yurigarden.com/assets/index-CUTVLur8.js:16
[  705580ms] [WARNING] You don't have permission to use DEVTOOL!【type = 6】 @ https://yurigarden.com/assets/index-CUTVLur8.js:16
[  706080ms] [WARNING] You don't have permission to use DEVTOOL!【type = 6】 @ https://yurigarden.com/assets/index-CUTVLur8.js:16
[  706584ms] [WARNING] You don't have permission to use DEVTOOL!【type = 6】 @ https://yurigarden.com/assets/index-CUTVLur8.js:16
[  707093ms] [WARNING] You don't have permission to use DEVTOOL!【type = 6】 @ https://yurigarden.com/assets/index-CUTVLur8.js:16
[  707582ms] [WARNING] You don't have permission to use DEVTOOL!【type = 6】 @ https://yurigarden.com/assets/index-CUTVLur8.js:16
[  708087ms] [WARNING] You don't have permission to use DEVTOOL!【type = 6】 @ https://yurigarden.com/assets/index-CUTVLur8.js:16
[  708587ms] [WARNING] You don't have permission to use DEVTOOL!【type = 6】 @ https://yurigarden.com/assets/index-CUTVLur8.js:16
[  709081ms] [WARNING] You don't have permission to use DEVTOOL!【type = 6】 @ https://yurigarden.com/assets/index-CUTVLur8.js:16
[  709584ms] [WARNING] You don't have permission to use DEVTOOL!【type = 6】 @ https://yurigarden.com/assets/index-CUTVLur8.js:16
[  710079ms] [WARNING] You don't have permission to use DEVTOOL!【type = 6】 @ https://yurigarden.com/assets/index-CUTVLur8.js:16
[  710585ms] [WARNING] You don't have permission to use DEVTOOL!【type = 6】 @ https://yurigarden.com/assets/index-CUTVLur8.js:16
[  711084ms] [WARNING] You don't have permission to use DEVTOOL!【type = 6】 @ https://yurigarden.com/assets/index-CUTVLur8.js:16
[  711588ms] [WARNING] You don't have permission to use DEVTOOL!【type = 6】 @ https://yurigarden.com/assets/index-CUTVLur8.js:16
[  712091ms] [WARNING] You don't have permission to use DEVTOOL!【type = 6】 @ https://yurigarden.com/assets/index-CUTVLur8.js:16
[  712599ms] [WARNING] You don't have permission to use DEVTOOL!【type = 6】 @ https://yurigarden.com/assets/index-CUTVLur8.js:16
[  713100ms] [WARNING] You don't have permission to use DEVTOOL!【type = 6】 @ https://yurigarden.com/assets/index-CUTVLur8.js:16
[  713588ms] [WARNING] You don't have permission to use DEVTOOL!【type = 6】 @ https://yurigarden.com/assets/index-CUTVLur8.js:16
[  714087ms] [WARNING] You don't have permission to use DEVTOOL!【type = 6】 @ https://yurigarden.com/assets/index-CUTVLur8.js:16
[  714589ms] [WARNING] You don't have permission to use DEVTOOL!【type = 6】 @ https://yurigarden.com/assets/index-CUTVLur8.js:16
[  715093ms] [WARNING] You don't have permission to use DEVTOOL!【type = 6】 @ https://yurigarden.com/assets/index-CUTVLur8.js:16
[  715598ms] [WARNING] You don't have permission to use DEVTOOL!【type = 6】 @ https://yurigarden.com/assets/index-CUTVLur8.js:16
[  716095ms] [WARNING] You don't have permission to use DEVTOOL!【type = 6】 @ https://yurigarden.com/assets/index-CUTVLur8.js:16
[  716598ms] [WARNING] You don't have permission to use DEVTOOL!【type = 6】 @ https://yurigarden.com/assets/index-CUTVLur8.js:16
[  717091ms] [WARNING] You don't have permission to use DEVTOOL!【type = 6】 @ https://yurigarden.com/assets/index-CUTVLur8.js:16
[  717588ms] [WARNING] You don't have permission to use DEVTOOL!【type = 6】 @ https://yurigarden.com/assets/index-CUTVLur8.js:16
[  718087ms] [WARNING] You don't have permission to use DEVTOOL!【type = 6】 @ https://yurigarden.com/assets/index-CUTVLur8.js:16
[  718594ms] [WARNING] You don't have permission to use DEVTOOL!【type = 6】 @ https://yurigarden.com/assets/index-CUTVLur8.js:16
[  719086ms] [WARNING] You don't have permission to use DEVTOOL!【type = 6】 @ https://yurigarden.com/assets/index-CUTVLur8.js:16
[  719593ms] [WARNING] You don't have permission to use DEVTOOL!【type = 6】 @ https://yurigarden.com/assets/index-CUTVLur8.js:16
[  720090ms] [WARNING] You don't have permission to use DEVTOOL!【type = 6】 @ https://yurigarden.com/assets/index-CUTVLur8.js:16
[  720596ms] [WARNING] You don't have permission to use DEVTOOL!【type = 6】 @ https://yurigarden.com/assets/index-CUTVLur8.js:16
[  721087ms] [WARNING] You don't have permission to use DEVTOOL!【type = 6】 @ https://yurigarden.com/assets/index-CUTVLur8.js:16
[  721589ms] [WARNING] You don't have permission to use DEVTOOL!【type = 6】 @ https://yurigarden.com/assets/index-CUTVLur8.js:16
[  722095ms] [WARNING] You don't have permission to use DEVTOOL!【type = 6】 @ https://yurigarden.com/assets/index-CUTVLur8.js:16
[  722585ms] [WARNING] You don't have permission to use DEVTOOL!【type = 6】 @ https://yurigarden.com/assets/index-CUTVLur8.js:16
[  723087ms] [WARNING] You don't have permission to use DEVTOOL!【type = 6】 @ https://yurigarden.com/assets/index-CUTVLur8.js:16
[  723592ms] [WARNING] You don't have permission to use DEVTOOL!【type = 6】 @ https://yurigarden.com/assets/index-CUTVLur8.js:16
[  724092ms] [WARNING] You don't have permission to use DEVTOOL!【type = 6】 @ https://yurigarden.com/assets/index-CUTVLur8.js:16
[  724589ms] [WARNING] You don't have permission to use DEVTOOL!【type = 6】 @ https://yurigarden.com/assets/index-CUTVLur8.js:16
[  725088ms] [WARNING] You don't have permission to use DEVTOOL!【type = 6】 @ https://yurigarden.com/assets/index-CUTVLur8.js:16
[  725590ms] [WARNING] You don't have permission to use DEVTOOL!【type = 6】 @ https://yurigarden.com/assets/index-CUTVLur8.js:16
[  726092ms] [WARNING] You don't have permission to use DEVTOOL!【type = 6】 @ https://yurigarden.com/assets/index-CUTVLur8.js:16
[  726596ms] [WARNING] You don't have permission to use DEVTOOL!【type = 6】 @ https://yurigarden.com/assets/index-CUTVLur8.js:16
[  727094ms] [WARNING] You don't have permission to use DEVTOOL!【type = 6】 @ https://yurigarden.com/assets/index-CUTVLur8.js:16
[  727590ms] [WARNING] You don't have permission to use DEVTOOL!【type = 6】 @ https://yurigarden.com/assets/index-CUTVLur8.js:16
[  728090ms] [WARNING] You don't have permission to use DEVTOOL!【type = 6】 @ https://yurigarden.com/assets/index-CUTVLur8.js:16
[  728586ms] [WARNING] You don't have permission to use DEVTOOL!【type = 6】 @ https://yurigarden.com/assets/index-CUTVLur8.js:16
[  729096ms] [WARNING] You don't have permission to use DEVTOOL!【type = 6】 @ https://yurigarden.com/assets/index-CUTVLur8.js:16
[  729609ms] [WARNING] You don't have permission to use DEVTOOL!【type = 6】 @ https://yurigarden.com/assets/index-CUTVLur8.js:16
[  730081ms] [WARNING] You don't have permission to use DEVTOOL!【type = 6】 @ https://yurigarden.com/assets/index-CUTVLur8.js:16
[  730580ms] [WARNING] You don't have permission to use DEVTOOL!【type = 6】 @ https://yurigarden.com/assets/index-CUTVLur8.js:16
[  731100ms] [WARNING] You don't have permission to use DEVTOOL!【type = 6】 @ https://yurigarden.com/assets/index-CUTVLur8.js:16
[  731586ms] [WARNING] You don't have permission to use DEVTOOL!【type = 6】 @ https://yurigarden.com/assets/index-CUTVLur8.js:16
[  732081ms] [WARNING] You don't have permission to use DEVTOOL!【type = 6】 @ https://yurigarden.com/assets/index-CUTVLur8.js:16
[  732580ms] [WARNING] You don't have permission to use DEVTOOL!【type = 6】 @ https://yurigarden.com/assets/index-CUTVLur8.js:16
[  733077ms] [WARNING] You don't have permission to use DEVTOOL!【type = 6】 @ https://yurigarden.com/assets/index-CUTVLur8.js:16
[  733590ms] [WARNING] You don't have permission to use DEVTOOL!【type = 6】 @ https://yurigarden.com/assets/index-CUTVLur8.js:16
[  734098ms] [WARNING] You don't have permission to use DEVTOOL!【type = 6】 @ https://yurigarden.com/assets/index-CUTVLur8.js:16
[  734590ms] [WARNING] You don't have permission to use DEVTOOL!【type = 6】 @ https://yurigarden.com/assets/index-CUTVLur8.js:16
[  735095ms] [WARNING] You don't have permission to use DEVTOOL!【type = 6】 @ https://yurigarden.com/assets/index-CUTVLur8.js:16
[  735599ms] [WARNING] You don't have permission to use DEVTOOL!【type = 6】 @ https://yurigarden.com/assets/index-CUTVLur8.js:16
[  736089ms] [WARNING] You don't have permission to use DEVTOOL!【type = 6】 @ https://yurigarden.com/assets/index-CUTVLur8.js:16
[  736599ms] [WARNING] You don't have permission to use DEVTOOL!【type = 6】 @ https://yurigarden.com/assets/index-CUTVLur8.js:16
[  737093ms] [WARNING] You don't have permission to use DEVTOOL!【type = 6】 @ https://yurigarden.com/assets/index-CUTVLur8.js:16
[  737602ms] [WARNING] You don't have permission to use DEVTOOL!【type = 6】 @ https://yurigarden.com/assets/index-CUTVLur8.js:16
[  738089ms] [WARNING] You don't have permission to use DEVTOOL!【type = 6】 @ https://yurigarden.com/assets/index-CUTVLur8.js:16
[  738590ms] [WARNING] You don't have permission to use DEVTOOL!【type = 6】 @ https://yurigarden.com/assets/index-CUTVLur8.js:16
[  739092ms] [WARNING] You don't have permission to use DEVTOOL!【type = 6】 @ https://yurigarden.com/assets/index-CUTVLur8.js:16
[  739593ms] [WARNING] You don't have permission to use DEVTOOL!【type = 6】 @ https://yurigarden.com/assets/index-CUTVLur8.js:16
[  740095ms] [WARNING] You don't have permission to use DEVTOOL!【type = 6】 @ https://yurigarden.com/assets/index-CUTVLur8.js:16
[  740596ms] [WARNING] You don't have permission to use DEVTOOL!【type = 6】 @ https://yurigarden.com/assets/index-CUTVLur8.js:16
[  741096ms] [WARNING] You don't have permission to use DEVTOOL!【type = 6】 @ https://yurigarden.com/assets/index-CUTVLur8.js:16
[  741596ms] [WARNING] You don't have permission to use DEVTOOL!【type = 6】 @ https://yurigarden.com/assets/index-CUTVLur8.js:16
[  742099ms] [WARNING] You don't have permission to use DEVTOOL!【type = 6】 @ https://yurigarden.com/assets/index-CUTVLur8.js:16
[  742591ms] [WARNING] You don't have permission to use DEVTOOL!【type = 6】 @ https://yurigarden.com/assets/index-CUTVLur8.js:16
[  743093ms] [WARNING] You don't have permission to use DEVTOOL!【type = 6】 @ https://yurigarden.com/assets/index-CUTVLur8.js:16
[  743586ms] [WARNING] You don't have permission to use DEVTOOL!【type = 6】 @ https://yurigarden.com/assets/index-CUTVLur8.js:16
[  744085ms] [WARNING] You don't have permission to use DEVTOOL!【type = 6】 @ https://yurigarden.com/assets/index-CUTVLur8.js:16
[  744587ms] [WARNING] You don't have permission to use DEVTOOL!【type = 6】 @ https://yurigarden.com/assets/index-CUTVLur8.js:16
[  745089ms] [WARNING] You don't have permission to use DEVTOOL!【type = 6】 @ https://yurigarden.com/assets/index-CUTVLur8.js:16
[  745591ms] [WARNING] You don't have permission to use DEVTOOL!【type = 6】 @ https://yurigarden.com/assets/index-CUTVLur8.js:16
[  746094ms] [WARNING] You don't have permission to use DEVTOOL!【type = 6】 @ https://yurigarden.com/assets/index-CUTVLur8.js:16
[  746596ms] [WARNING] You don't have permission to use DEVTOOL!【type = 6】 @ https://yurigarden.com/assets/index-CUTVLur8.js:16
[  747102ms] [WARNING] You don't have permission to use DEVTOOL!【type = 6】 @ https://yurigarden.com/assets/index-CUTVLur8.js:16
[  747606ms] [WARNING] You don't have permission to use DEVTOOL!【type = 6】 @ https://yurigarden.com/assets/index-CUTVLur8.js:16
[  748099ms] [WARNING] You don't have permission to use DEVTOOL!【type = 6】 @ https://yurigarden.com/assets/index-CUTVLur8.js:16
[  748587ms] [WARNING] You don't have permission to use DEVTOOL!【type = 6】 @ https://yurigarden.com/assets/index-CUTVLur8.js:16
[  749087ms] [WARNING] You don't have permission to use DEVTOOL!【type = 6】 @ https://yurigarden.com/assets/index-CUTVLur8.js:16
[  749600ms] [WARNING] You don't have permission to use DEVTOOL!【type = 6】 @ https://yurigarden.com/assets/index-CUTVLur8.js:16
[  750090ms] [WARNING] You don't have permission to use DEVTOOL!【type = 6】 @ https://yurigarden.com/assets/index-CUTVLur8.js:16
[  750587ms] [WARNING] You don't have permission to use DEVTOOL!【type = 6】 @ https://yurigarden.com/assets/index-CUTVLur8.js:16
[  751088ms] [WARNING] You don't have permission to use DEVTOOL!【type = 6】 @ https://yurigarden.com/assets/index-CUTVLur8.js:16
[  751596ms] [WARNING] You don't have permission to use DEVTOOL!【type = 6】 @ https://yurigarden.com/assets/index-CUTVLur8.js:16
[  752089ms] [WARNING] You don't have permission to use DEVTOOL!【type = 6】 @ https://yurigarden.com/assets/index-CUTVLur8.js:16
[  752591ms] [WARNING] You don't have permission to use DEVTOOL!【type = 6】 @ https://yurigarden.com/assets/index-CUTVLur8.js:16
[  753094ms] [WARNING] You don't have permission to use DEVTOOL!【type = 6】 @ https://yurigarden.com/assets/index-CUTVLur8.js:16
[  753592ms] [WARNING] You don't have permission to use DEVTOOL!【type = 6】 @ https://yurigarden.com/assets/index-CUTVLur8.js:16
[  754103ms] [WARNING] You don't have permission to use DEVTOOL!【type = 6】 @ https://yurigarden.com/assets/index-CUTVLur8.js:16
[  754601ms] [WARNING] You don't have permission to use DEVTOOL!【type = 6】 @ https://yurigarden.com/assets/index-CUTVLur8.js:16
[  755085ms] [WARNING] You don't have permission to use DEVTOOL!【type = 6】 @ https://yurigarden.com/assets/index-CUTVLur8.js:16
[  755594ms] [WARNING] You don't have permission to use DEVTOOL!【type = 6】 @ https://yurigarden.com/assets/index-CUTVLur8.js:16
[  756095ms] [WARNING] You don't have permission to use DEVTOOL!【type = 6】 @ https://yurigarden.com/assets/index-CUTVLur8.js:16
[  756602ms] [WARNING] You don't have permission to use DEVTOOL!【type = 6】 @ https://yurigarden.com/assets/index-CUTVLur8.js:16
[  757097ms] [WARNING] You don't have permission to use DEVTOOL!【type = 6】 @ https://yurigarden.com/assets/index-CUTVLur8.js:16
[  757595ms] [WARNING] You don't have permission to use DEVTOOL!【type = 6】 @ https://yurigarden.com/assets/index-CUTVLur8.js:16
[  758092ms] [WARNING] You don't have permission to use DEVTOOL!【type = 6】 @ https://yurigarden.com/assets/index-CUTVLur8.js:16
[  758586ms] [WARNING] You don't have permission to use DEVTOOL!【type = 6】 @ https://yurigarden.com/assets/index-CUTVLur8.js:16
[  759097ms] [WARNING] You don't have permission to use DEVTOOL!【type = 6】 @ https://yurigarden.com/assets/index-CUTVLur8.js:16
[  759594ms] [WARNING] You don't have permission to use DEVTOOL!【type = 6】 @ https://yurigarden.com/assets/index-CUTVLur8.js:16
[  760094ms] [WARNING] You don't have permission to use DEVTOOL!【type = 6】 @ https://yurigarden.com/assets/index-CUTVLur8.js:16
[  760584ms] [WARNING] You don't have permission to use DEVTOOL!【type = 6】 @ https://yurigarden.com/assets/index-CUTVLur8.js:16
[  761085ms] [WARNING] You don't have permission to use DEVTOOL!【type = 6】 @ https://yurigarden.com/assets/index-CUTVLur8.js:16
[  761588ms] [WARNING] You don't have permission to use DEVTOOL!【type = 6】 @ https://yurigarden.com/assets/index-CUTVLur8.js:16
[  762088ms] [WARNING] You don't have permission to use DEVTOOL!【type = 6】 @ https://yurigarden.com/assets/index-CUTVLur8.js:16
[  762589ms] [WARNING] You don't have permission to use DEVTOOL!【type = 6】 @ https://yurigarden.com/assets/index-CUTVLur8.js:16
[  763085ms] [WARNING] You don't have permission to use DEVTOOL!【type = 6】 @ https://yurigarden.com/assets/index-CUTVLur8.js:16
[  763597ms] [WARNING] You don't have permission to use DEVTOOL!【type = 6】 @ https://yurigarden.com/assets/index-CUTVLur8.js:16
[  764096ms] [WARNING] You don't have permission to use DEVTOOL!【type = 6】 @ https://yurigarden.com/assets/index-CUTVLur8.js:16
[  764595ms] [WARNING] You don't have permission to use DEVTOOL!【type = 6】 @ https://yurigarden.com/assets/index-CUTVLur8.js:16
[  765093ms] [WARNING] You don't have permission to use DEVTOOL!【type = 6】 @ https://yurigarden.com/assets/index-CUTVLur8.js:16
[  765587ms] [WARNING] You don't have permission to use DEVTOOL!【type = 6】 @ https://yurigarden.com/assets/index-CUTVLur8.js:16
[  766089ms] [WARNING] You don't have permission to use DEVTOOL!【type = 6】 @ https://yurigarden.com/assets/index-CUTVLur8.js:16
[  766594ms] [WARNING] You don't have permission to use DEVTOOL!【type = 6】 @ https://yurigarden.com/assets/index-CUTVLur8.js:16
[  767085ms] [WARNING] You don't have permission to use DEVTOOL!【type = 6】 @ https://yurigarden.com/assets/index-CUTVLur8.js:16
[  767593ms] [WARNING] You don't have permission to use DEVTOOL!【type = 6】 @ https://yurigarden.com/assets/index-CUTVLur8.js:16
[  768095ms] [WARNING] You don't have permission to use DEVTOOL!【type = 6】 @ https://yurigarden.com/assets/index-CUTVLur8.js:16
[  768594ms] [WARNING] You don't have permission to use DEVTOOL!【type = 6】 @ https://yurigarden.com/assets/index-CUTVLur8.js:16
[  769096ms] [WARNING] You don't have permission to use DEVTOOL!【type = 6】 @ https://yurigarden.com/assets/index-CUTVLur8.js:16
[  769593ms] [WARNING] You don't have permission to use DEVTOOL!【type = 6】 @ https://yurigarden.com/assets/index-CUTVLur8.js:16
[  770089ms] [WARNING] You don't have permission to use DEVTOOL!【type = 6】 @ https://yurigarden.com/assets/index-CUTVLur8.js:16
[  770593ms] [WARNING] You don't have permission to use DEVTOOL!【type = 6】 @ https://yurigarden.com/assets/index-CUTVLur8.js:16
[  771089ms] [WARNING] You don't have permission to use DEVTOOL!【type = 6】 @ https://yurigarden.com/assets/index-CUTVLur8.js:16
[  771591ms] [WARNING] You don't have permission to use DEVTOOL!【type = 6】 @ https://yurigarden.com/assets/index-CUTVLur8.js:16
[  772093ms] [WARNING] You don't have permission to use DEVTOOL!【type = 6】 @ https://yurigarden.com/assets/index-CUTVLur8.js:16
[  772584ms] [WARNING] You don't have permission to use DEVTOOL!【type = 6】 @ https://yurigarden.com/assets/index-CUTVLur8.js:16
[  773093ms] [WARNING] You don't have permission to use DEVTOOL!【type = 6】 @ https://yurigarden.com/assets/index-CUTVLur8.js:16
[  773592ms] [WARNING] You don't have permission to use DEVTOOL!【type = 6】 @ https://yurigarden.com/assets/index-CUTVLur8.js:16
[  774093ms] [WARNING] You don't have permission to use DEVTOOL!【type = 6】 @ https://yurigarden.com/assets/index-CUTVLur8.js:16
[  774595ms] [WARNING] You don't have permission to use DEVTOOL!【type = 6】 @ https://yurigarden.com/assets/index-CUTVLur8.js:16
[  775098ms] [WARNING] You don't have permission to use DEVTOOL!【type = 6】 @ https://yurigarden.com/assets/index-CUTVLur8.js:16
[  775600ms] [WARNING] You don't have permission to use DEVTOOL!【type = 6】 @ https://yurigarden.com/assets/index-CUTVLur8.js:16
[  776090ms] [WARNING] You don't have permission to use DEVTOOL!【type = 6】 @ https://yurigarden.com/assets/index-CUTVLur8.js:16
[  776593ms] [WARNING] You don't have permission to use DEVTOOL!【type = 6】 @ https://yurigarden.com/assets/index-CUTVLur8.js:16
[  777095ms] [WARNING] You don't have permission to use DEVTOOL!【type = 6】 @ https://yurigarden.com/assets/index-CUTVLur8.js:16
[  777588ms] [WARNING] You don't have permission to use DEVTOOL!【type = 6】 @ https://yurigarden.com/assets/index-CUTVLur8.js:16
[  778099ms] [WARNING] You don't have permission to use DEVTOOL!【type = 6】 @ https://yurigarden.com/assets/index-CUTVLur8.js:16
[  778593ms] [WARNING] You don't have permission to use DEVTOOL!【type = 6】 @ https://yurigarden.com/assets/index-CUTVLur8.js:16
[  779091ms] [WARNING] You don't have permission to use DEVTOOL!【type = 6】 @ https://yurigarden.com/assets/index-CUTVLur8.js:16
[  779584ms] [WARNING] You don't have permission to use DEVTOOL!【type = 6】 @ https://yurigarden.com/assets/index-CUTVLur8.js:16
[  780095ms] [WARNING] You don't have permission to use DEVTOOL!【type = 6】 @ https://yurigarden.com/assets/index-CUTVLur8.js:16
[  780592ms] [WARNING] You don't have permission to use DEVTOOL!【type = 6】 @ https://yurigarden.com/assets/index-CUTVLur8.js:16
[  781095ms] [WARNING] You don't have permission to use DEVTOOL!【type = 6】 @ https://yurigarden.com/assets/index-CUTVLur8.js:16
[  781578ms] [WARNING] You don't have permission to use DEVTOOL!【type = 6】 @ https://yurigarden.com/assets/index-CUTVLur8.js:16
[  782090ms] [WARNING] You don't have permission to use DEVTOOL!【type = 6】 @ https://yurigarden.com/assets/index-CUTVLur8.js:16
[  782595ms] [WARNING] You don't have permission to use DEVTOOL!【type = 6】 @ https://yurigarden.com/assets/index-CUTVLur8.js:16
[  783098ms] [WARNING] You don't have permission to use DEVTOOL!【type = 6】 @ https://yurigarden.com/assets/index-CUTVLur8.js:16
[  783590ms] [WARNING] You don't have permission to use DEVTOOL!【type = 6】 @ https://yurigarden.com/assets/index-CUTVLur8.js:16
[  784100ms] [WARNING] You don't have permission to use DEVTOOL!【type = 6】 @ https://yurigarden.com/assets/index-CUTVLur8.js:16
[  784594ms] [WARNING] You don't have permission to use DEVTOOL!【type = 6】 @ https://yurigarden.com/assets/index-CUTVLur8.js:16
[  785098ms] [WARNING] You don't have permission to use DEVTOOL!【type = 6】 @ https://yurigarden.com/assets/index-CUTVLur8.js:16
[  785583ms] [WARNING] You don't have permission to use DEVTOOL!【type = 6】 @ https://yurigarden.com/assets/index-CUTVLur8.js:16
[  786085ms] [WARNING] You don't have permission to use DEVTOOL!【type = 6】 @ https://yurigarden.com/assets/index-CUTVLur8.js:16
[  786592ms] [WARNING] You don't have permission to use DEVTOOL!【type = 6】 @ https://yurigarden.com/assets/index-CUTVLur8.js:16
[  787093ms] [WARNING] You don't have permission to use DEVTOOL!【type = 6】 @ https://yurigarden.com/assets/index-CUTVLur8.js:16
[  787594ms] [WARNING] You don't have permission to use DEVTOOL!【type = 6】 @ https://yurigarden.com/assets/index-CUTVLur8.js:16
[  788095ms] [WARNING] You don't have permission to use DEVTOOL!【type = 6】 @ https://yurigarden.com/assets/index-CUTVLur8.js:16
[  788590ms] [WARNING] You don't have permission to use DEVTOOL!【type = 6】 @ https://yurigarden.com/assets/index-CUTVLur8.js:16
[  789093ms] [WARNING] You don't have permission to use DEVTOOL!【type = 6】 @ https://yurigarden.com/assets/index-CUTVLur8.js:16
[  789595ms] [WARNING] You don't have permission to use DEVTOOL!【type = 6】 @ https://yurigarden.com/assets/index-CUTVLur8.js:16
[  790110ms] [WARNING] You don't have permission to use DEVTOOL!【type = 6】 @ https://yurigarden.com/assets/index-CUTVLur8.js:16
[  790594ms] [WARNING] You don't have permission to use DEVTOOL!【type = 6】 @ https://yurigarden.com/assets/index-CUTVLur8.js:16
[  791086ms] [WARNING] You don't have permission to use DEVTOOL!【type = 6】 @ https://yurigarden.com/assets/index-CUTVLur8.js:16
[  791598ms] [WARNING] You don't have permission to use DEVTOOL!【type = 6】 @ https://yurigarden.com/assets/index-CUTVLur8.js:16
[  792098ms] [WARNING] You don't have permission to use DEVTOOL!【type = 6】 @ https://yurigarden.com/assets/index-CUTVLur8.js:16
[  792590ms] [WARNING] You don't have permission to use DEVTOOL!【type = 6】 @ https://yurigarden.com/assets/index-CUTVLur8.js:16
[  793097ms] [WARNING] You don't have permission to use DEVTOOL!【type = 6】 @ https://yurigarden.com/assets/index-CUTVLur8.js:16
[  793598ms] [WARNING] You don't have permission to use DEVTOOL!【type = 6】 @ https://yurigarden.com/assets/index-CUTVLur8.js:16
[  794096ms] [WARNING] You don't have permission to use DEVTOOL!【type = 6】 @ https://yurigarden.com/assets/index-CUTVLur8.js:16
[  794596ms] [WARNING] You don't have permission to use DEVTOOL!【type = 6】 @ https://yurigarden.com/assets/index-CUTVLur8.js:16
[  795095ms] [WARNING] You don't have permission to use DEVTOOL!【type = 6】 @ https://yurigarden.com/assets/index-CUTVLur8.js:16
[  795591ms] [WARNING] You don't have permission to use DEVTOOL!【type = 6】 @ https://yurigarden.com/assets/index-CUTVLur8.js:16
[  796085ms] [WARNING] You don't have permission to use DEVTOOL!【type = 6】 @ https://yurigarden.com/assets/index-CUTVLur8.js:16
[  796594ms] [WARNING] You don't have permission to use DEVTOOL!【type = 6】 @ https://yurigarden.com/assets/index-CUTVLur8.js:16
[  797088ms] [WARNING] You don't have permission to use DEVTOOL!【type = 6】 @ https://yurigarden.com/assets/index-CUTVLur8.js:16
[  797588ms] [WARNING] You don't have permission to use DEVTOOL!【type = 6】 @ https://yurigarden.com/assets/index-CUTVLur8.js:16
[  798091ms] [WARNING] You don't have permission to use DEVTOOL!【type = 6】 @ https://yurigarden.com/assets/index-CUTVLur8.js:16
[  798585ms] [WARNING] You don't have permission to use DEVTOOL!【type = 6】 @ https://yurigarden.com/assets/index-CUTVLur8.js:16
[  799088ms] [WARNING] You don't have permission to use DEVTOOL!【type = 6】 @ https://yurigarden.com/assets/index-CUTVLur8.js:16
[  799585ms] [WARNING] You don't have permission to use DEVTOOL!【type = 6】 @ https://yurigarden.com/assets/index-CUTVLur8.js:16
[  800090ms] [WARNING] You don't have permission to use DEVTOOL!【type = 6】 @ https://yurigarden.com/assets/index-CUTVLur8.js:16
[  800584ms] [WARNING] You don't have permission to use DEVTOOL!【type = 6】 @ https://yurigarden.com/assets/index-CUTVLur8.js:16
[  801085ms] [WARNING] You don't have permission to use DEVTOOL!【type = 6】 @ https://yurigarden.com/assets/index-CUTVLur8.js:16
[  801587ms] [WARNING] You don't have permission to use DEVTOOL!【type = 6】 @ https://yurigarden.com/assets/index-CUTVLur8.js:16
[  802087ms] [WARNING] You don't have permission to use DEVTOOL!【type = 6】 @ https://yurigarden.com/assets/index-CUTVLur8.js:16
[  802587ms] [WARNING] You don't have permission to use DEVTOOL!【type = 6】 @ https://yurigarden.com/assets/index-CUTVLur8.js:16
[  803087ms] [WARNING] You don't have permission to use DEVTOOL!【type = 6】 @ https://yurigarden.com/assets/index-CUTVLur8.js:16
[  803590ms] [WARNING] You don't have permission to use DEVTOOL!【type = 6】 @ https://yurigarden.com/assets/index-CUTVLur8.js:16
[  804079ms] [WARNING] You don't have permission to use DEVTOOL!【type = 6】 @ https://yurigarden.com/assets/index-CUTVLur8.js:16
[  804584ms] [WARNING] You don't have permission to use DEVTOOL!【type = 6】 @ https://yurigarden.com/assets/index-CUTVLur8.js:16
[  805085ms] [WARNING] You don't have permission to use DEVTOOL!【type = 6】 @ https://yurigarden.com/assets/index-CUTVLur8.js:16
[  805582ms] [WARNING] You don't have permission to use DEVTOOL!【type = 6】 @ https://yurigarden.com/assets/index-CUTVLur8.js:16
[  806095ms] [WARNING] You don't have permission to use DEVTOOL!【type = 6】 @ https://yurigarden.com/assets/index-CUTVLur8.js:16
[  806586ms] [WARNING] You don't have permission to use DEVTOOL!【type = 6】 @ https://yurigarden.com/assets/index-CUTVLur8.js:16
[  807094ms] [WARNING] You don't have permission to use DEVTOOL!【type = 6】 @ https://yurigarden.com/assets/index-CUTVLur8.js:16
[  807593ms] [WARNING] You don't have permission to use DEVTOOL!【type = 6】 @ https://yurigarden.com/assets/index-CUTVLur8.js:16
[  808093ms] [WARNING] You don't have permission to use DEVTOOL!【type = 6】 @ https://yurigarden.com/assets/index-CUTVLur8.js:16
[  808593ms] [WARNING] You don't have permission to use DEVTOOL!【type = 6】 @ https://yurigarden.com/assets/index-CUTVLur8.js:16
[  809094ms] [WARNING] You don't have permission to use DEVTOOL!【type = 6】 @ https://yurigarden.com/assets/index-CUTVLur8.js:16
[  809593ms] [WARNING] You don't have permission to use DEVTOOL!【type = 6】 @ https://yurigarden.com/assets/index-CUTVLur8.js:16
[  810093ms] [WARNING] You don't have permission to use DEVTOOL!【type = 6】 @ https://yurigarden.com/assets/index-CUTVLur8.js:16
[  810595ms] [WARNING] You don't have permission to use DEVTOOL!【type = 6】 @ https://yurigarden.com/assets/index-CUTVLur8.js:16
[  811094ms] [WARNING] You don't have permission to use DEVTOOL!【type = 6】 @ https://yurigarden.com/assets/index-CUTVLur8.js:16
[  811594ms] [WARNING] You don't have permission to use DEVTOOL!【type = 6】 @ https://yurigarden.com/assets/index-CUTVLur8.js:16
[  812096ms] [WARNING] You don't have permission to use DEVTOOL!【type = 6】 @ https://yurigarden.com/assets/index-CUTVLur8.js:16
[  812599ms] [WARNING] You don't have permission to use DEVTOOL!【type = 6】 @ https://yurigarden.com/assets/index-CUTVLur8.js:16
[  813093ms] [WARNING] You don't have permission to use DEVTOOL!【type = 6】 @ https://yurigarden.com/assets/index-CUTVLur8.js:16
[  813596ms] [WARNING] You don't have permission to use DEVTOOL!【type = 6】 @ https://yurigarden.com/assets/index-CUTVLur8.js:16
[  814094ms] [WARNING] You don't have permission to use DEVTOOL!【type = 6】 @ https://yurigarden.com/assets/index-CUTVLur8.js:16
[  814583ms] [WARNING] You don't have permission to use DEVTOOL!【type = 6】 @ https://yurigarden.com/assets/index-CUTVLur8.js:16
[  815083ms] [WARNING] You don't have permission to use DEVTOOL!【type = 6】 @ https://yurigarden.com/assets/index-CUTVLur8.js:16
[  815592ms] [WARNING] You don't have permission to use DEVTOOL!【type = 6】 @ https://yurigarden.com/assets/index-CUTVLur8.js:16
[  816089ms] [WARNING] You don't have permission to use DEVTOOL!【type = 6】 @ https://yurigarden.com/assets/index-CUTVLur8.js:16
[  816591ms] [WARNING] You don't have permission to use DEVTOOL!【type = 6】 @ https://yurigarden.com/assets/index-CUTVLur8.js:16
[  817085ms] [WARNING] You don't have permission to use DEVTOOL!【type = 6】 @ https://yurigarden.com/assets/index-CUTVLur8.js:16
[  817595ms] [WARNING] You don't have permission to use DEVTOOL!【type = 6】 @ https://yurigarden.com/assets/index-CUTVLur8.js:16
[  818090ms] [WARNING] You don't have permission to use DEVTOOL!【type = 6】 @ https://yurigarden.com/assets/index-CUTVLur8.js:16
[  818587ms] [WARNING] You don't have permission to use DEVTOOL!【type = 6】 @ https://yurigarden.com/assets/index-CUTVLur8.js:16
[  819091ms] [WARNING] You don't have permission to use DEVTOOL!【type = 6】 @ https://yurigarden.com/assets/index-CUTVLur8.js:16
[  819595ms] [WARNING] You don't have permission to use DEVTOOL!【type = 6】 @ https://yurigarden.com/assets/index-CUTVLur8.js:16
[  820096ms] [WARNING] You don't have permission to use DEVTOOL!【type = 6】 @ https://yurigarden.com/assets/index-CUTVLur8.js:16
[  820595ms] [WARNING] You don't have permission to use DEVTOOL!【type = 6】 @ https://yurigarden.com/assets/index-CUTVLur8.js:16
[  821101ms] [WARNING] You don't have permission to use DEVTOOL!【type = 6】 @ https://yurigarden.com/assets/index-CUTVLur8.js:16
[  821597ms] [WARNING] You don't have permission to use DEVTOOL!【type = 6】 @ https://yurigarden.com/assets/index-CUTVLur8.js:16
[  822091ms] [WARNING] You don't have permission to use DEVTOOL!【type = 6】 @ https://yurigarden.com/assets/index-CUTVLur8.js:16
[  822598ms] [WARNING] You don't have permission to use DEVTOOL!【type = 6】 @ https://yurigarden.com/assets/index-CUTVLur8.js:16
[  823082ms] [WARNING] You don't have permission to use DEVTOOL!【type = 6】 @ https://yurigarden.com/assets/index-CUTVLur8.js:16
[  823586ms] [WARNING] You don't have permission to use DEVTOOL!【type = 6】 @ https://yurigarden.com/assets/index-CUTVLur8.js:16
[  824084ms] [WARNING] You don't have permission to use DEVTOOL!【type = 6】 @ https://yurigarden.com/assets/index-CUTVLur8.js:16
[  824592ms] [WARNING] You don't have permission to use DEVTOOL!【type = 6】 @ https://yurigarden.com/assets/index-CUTVLur8.js:16
[  825092ms] [WARNING] You don't have permission to use DEVTOOL!【type = 6】 @ https://yurigarden.com/assets/index-CUTVLur8.js:16
[  825594ms] [WARNING] You don't have permission to use DEVTOOL!【type = 6】 @ https://yurigarden.com/assets/index-CUTVLur8.js:16
[  826091ms] [WARNING] You don't have permission to use DEVTOOL!【type = 6】 @ https://yurigarden.com/assets/index-CUTVLur8.js:16
[  826587ms] [WARNING] You don't have permission to use DEVTOOL!【type = 6】 @ https://yurigarden.com/assets/index-CUTVLur8.js:16
[  827092ms] [WARNING] You don't have permission to use DEVTOOL!【type = 6】 @ https://yurigarden.com/assets/index-CUTVLur8.js:16
[  827585ms] [WARNING] You don't have permission to use DEVTOOL!【type = 6】 @ https://yurigarden.com/assets/index-CUTVLur8.js:16
[  828086ms] [WARNING] You don't have permission to use DEVTOOL!【type = 6】 @ https://yurigarden.com/assets/index-CUTVLur8.js:16
[  828582ms] [WARNING] You don't have permission to use DEVTOOL!【type = 6】 @ https://yurigarden.com/assets/index-CUTVLur8.js:16
[  829081ms] [WARNING] You don't have permission to use DEVTOOL!【type = 6】 @ https://yurigarden.com/assets/index-CUTVLur8.js:16
[  829597ms] [WARNING] You don't have permission to use DEVTOOL!【type = 6】 @ https://yurigarden.com/assets/index-CUTVLur8.js:16
[  830098ms] [WARNING] You don't have permission to use DEVTOOL!【type = 6】 @ https://yurigarden.com/assets/index-CUTVLur8.js:16
[  830594ms] [WARNING] You don't have permission to use DEVTOOL!【type = 6】 @ https://yurigarden.com/assets/index-CUTVLur8.js:16
[  831089ms] [WARNING] You don't have permission to use DEVTOOL!【type = 6】 @ https://yurigarden.com/assets/index-CUTVLur8.js:16
[  831586ms] [WARNING] You don't have permission to use DEVTOOL!【type = 6】 @ https://yurigarden.com/assets/index-CUTVLur8.js:16
[  832085ms] [WARNING] You don't have permission to use DEVTOOL!【type = 6】 @ https://yurigarden.com/assets/index-CUTVLur8.js:16
[  832582ms] [WARNING] You don't have permission to use DEVTOOL!【type = 6】 @ https://yurigarden.com/assets/index-CUTVLur8.js:16
[  833093ms] [WARNING] You don't have permission to use DEVTOOL!【type = 6】 @ https://yurigarden.com/assets/index-CUTVLur8.js:16
[  833596ms] [WARNING] You don't have permission to use DEVTOOL!【type = 6】 @ https://yurigarden.com/assets/index-CUTVLur8.js:16
[  834095ms] [WARNING] You don't have permission to use DEVTOOL!【type = 6】 @ https://yurigarden.com/assets/index-CUTVLur8.js:16
[  834599ms] [WARNING] You don't have permission to use DEVTOOL!【type = 6】 @ https://yurigarden.com/assets/index-CUTVLur8.js:16
[  835095ms] [WARNING] You don't have permission to use DEVTOOL!【type = 6】 @ https://yurigarden.com/assets/index-CUTVLur8.js:16
[  835584ms] [WARNING] You don't have permission to use DEVTOOL!【type = 6】 @ https://yurigarden.com/assets/index-CUTVLur8.js:16
[  836091ms] [WARNING] You don't have permission to use DEVTOOL!【type = 6】 @ https://yurigarden.com/assets/index-CUTVLur8.js:16
[  836595ms] [WARNING] You don't have permission to use DEVTOOL!【type = 6】 @ https://yurigarden.com/assets/index-CUTVLur8.js:16
[  837093ms] [WARNING] You don't have permission to use DEVTOOL!【type = 6】 @ https://yurigarden.com/assets/index-CUTVLur8.js:16
[  837587ms] [WARNING] You don't have permission to use DEVTOOL!【type = 6】 @ https://yurigarden.com/assets/index-CUTVLur8.js:16
[  838089ms] [WARNING] You don't have permission to use DEVTOOL!【type = 6】 @ https://yurigarden.com/assets/index-CUTVLur8.js:16
[  838594ms] [WARNING] You don't have permission to use DEVTOOL!【type = 6】 @ https://yurigarden.com/assets/index-CUTVLur8.js:16
[  839092ms] [WARNING] You don't have permission to use DEVTOOL!【type = 6】 @ https://yurigarden.com/assets/index-CUTVLur8.js:16
[  839592ms] [WARNING] You don't have permission to use DEVTOOL!【type = 6】 @ https://yurigarden.com/assets/index-CUTVLur8.js:16
[  840099ms] [WARNING] You don't have permission to use DEVTOOL!【type = 6】 @ https://yurigarden.com/assets/index-CUTVLur8.js:16
[  840606ms] [WARNING] You don't have permission to use DEVTOOL!【type = 6】 @ https://yurigarden.com/assets/index-CUTVLur8.js:16
[  841097ms] [WARNING] You don't have permission to use DEVTOOL!【type = 6】 @ https://yurigarden.com/assets/index-CUTVLur8.js:16
[  841594ms] [WARNING] You don't have permission to use DEVTOOL!【type = 6】 @ https://yurigarden.com/assets/index-CUTVLur8.js:16
[  842099ms] [WARNING] You don't have permission to use DEVTOOL!【type = 6】 @ https://yurigarden.com/assets/index-CUTVLur8.js:16
[  842602ms] [WARNING] You don't have permission to use DEVTOOL!【type = 6】 @ https://yurigarden.com/assets/index-CUTVLur8.js:16
[  843089ms] [WARNING] You don't have permission to use DEVTOOL!【type = 6】 @ https://yurigarden.com/assets/index-CUTVLur8.js:16
[  843591ms] [WARNING] You don't have permission to use DEVTOOL!【type = 6】 @ https://yurigarden.com/assets/index-CUTVLur8.js:16
[  844094ms] [WARNING] You don't have permission to use DEVTOOL!【type = 6】 @ https://yurigarden.com/assets/index-CUTVLur8.js:16
[  844593ms] [WARNING] You don't have permission to use DEVTOOL!【type = 6】 @ https://yurigarden.com/assets/index-CUTVLur8.js:16
[  845087ms] [WARNING] You don't have permission to use DEVTOOL!【type = 6】 @ https://yurigarden.com/assets/index-CUTVLur8.js:16
[  845593ms] [WARNING] You don't have permission to use DEVTOOL!【type = 6】 @ https://yurigarden.com/assets/index-CUTVLur8.js:16
[  846097ms] [WARNING] You don't have permission to use DEVTOOL!【type = 6】 @ https://yurigarden.com/assets/index-CUTVLur8.js:16
[  846588ms] [WARNING] You don't have permission to use DEVTOOL!【type = 6】 @ https://yurigarden.com/assets/index-CUTVLur8.js:16
[  847121ms] [WARNING] You don't have permission to use DEVTOOL!【type = 6】 @ https://yurigarden.com/assets/index-CUTVLur8.js:16
[  847593ms] [WARNING] You don't have permission to use DEVTOOL!【type = 6】 @ https://yurigarden.com/assets/index-CUTVLur8.js:16
[  848089ms] [WARNING] You don't have permission to use DEVTOOL!【type = 6】 @ https://yurigarden.com/assets/index-CUTVLur8.js:16
[  848594ms] [WARNING] You don't have permission to use DEVTOOL!【type = 6】 @ https://yurigarden.com/assets/index-CUTVLur8.js:16
[  849081ms] [WARNING] You don't have permission to use DEVTOOL!【type = 6】 @ https://yurigarden.com/assets/index-CUTVLur8.js:16
[  849587ms] [WARNING] You don't have permission to use DEVTOOL!【type = 6】 @ https://yurigarden.com/assets/index-CUTVLur8.js:16
[  850089ms] [WARNING] You don't have permission to use DEVTOOL!【type = 6】 @ https://yurigarden.com/assets/index-CUTVLur8.js:16
[  850610ms] [WARNING] You don't have permission to use DEVTOOL!【type = 6】 @ https://yurigarden.com/assets/index-CUTVLur8.js:16
[  851085ms] [WARNING] You don't have permission to use DEVTOOL!【type = 6】 @ https://yurigarden.com/assets/index-CUTVLur8.js:16
[  851594ms] [WARNING] You don't have permission to use DEVTOOL!【type = 6】 @ https://yurigarden.com/assets/index-CUTVLur8.js:16
[  852096ms] [WARNING] You don't have permission to use DEVTOOL!【type = 6】 @ https://yurigarden.com/assets/index-CUTVLur8.js:16
[  852595ms] [WARNING] You don't have permission to use DEVTOOL!【type = 6】 @ https://yurigarden.com/assets/index-CUTVLur8.js:16
[  853105ms] [WARNING] You don't have permission to use DEVTOOL!【type = 6】 @ https://yurigarden.com/assets/index-CUTVLur8.js:16
[  853609ms] [WARNING] You don't have permission to use DEVTOOL!【type = 6】 @ https://yurigarden.com/assets/index-CUTVLur8.js:16
[  854102ms] [WARNING] You don't have permission to use DEVTOOL!【type = 6】 @ https://yurigarden.com/assets/index-CUTVLur8.js:16
[  854601ms] [WARNING] You don't have permission to use DEVTOOL!【type = 6】 @ https://yurigarden.com/assets/index-CUTVLur8.js:16
[  855114ms] [WARNING] You don't have permission to use DEVTOOL!【type = 6】 @ https://yurigarden.com/assets/index-CUTVLur8.js:16
[  855605ms] [WARNING] You don't have permission to use DEVTOOL!【type = 6】 @ https://yurigarden.com/assets/index-CUTVLur8.js:16
[  856092ms] [WARNING] You don't have permission to use DEVTOOL!【type = 6】 @ https://yurigarden.com/assets/index-CUTVLur8.js:16
[  856601ms] [WARNING] You don't have permission to use DEVTOOL!【type = 6】 @ https://yurigarden.com/assets/index-CUTVLur8.js:16
[  857107ms] [WARNING] You don't have permission to use DEVTOOL!【type = 6】 @ https://yurigarden.com/assets/index-CUTVLur8.js:16
[  857593ms] [WARNING] You don't have permission to use DEVTOOL!【type = 6】 @ https://yurigarden.com/assets/index-CUTVLur8.js:16
[  858092ms] [WARNING] You don't have permission to use DEVTOOL!【type = 6】 @ https://yurigarden.com/assets/index-CUTVLur8.js:16
[  858596ms] [WARNING] You don't have permission to use DEVTOOL!【type = 6】 @ https://yurigarden.com/assets/index-CUTVLur8.js:16
[  859112ms] [WARNING] You don't have permission to use DEVTOOL!【type = 6】 @ https://yurigarden.com/assets/index-CUTVLur8.js:16
[  859606ms] [WARNING] You don't have permission to use DEVTOOL!【type = 6】 @ https://yurigarden.com/assets/index-CUTVLur8.js:16
[  860100ms] [WARNING] You don't have permission to use DEVTOOL!【type = 6】 @ https://yurigarden.com/assets/index-CUTVLur8.js:16
[  860591ms] [WARNING] You don't have permission to use DEVTOOL!【type = 6】 @ https://yurigarden.com/assets/index-CUTVLur8.js:16
[  861090ms] [WARNING] You don't have permission to use DEVTOOL!【type = 6】 @ https://yurigarden.com/assets/index-CUTVLur8.js:16
[  861599ms] [WARNING] You don't have permission to use DEVTOOL!【type = 6】 @ https://yurigarden.com/assets/index-CUTVLur8.js:16
[  862092ms] [WARNING] You don't have permission to use DEVTOOL!【type = 6】 @ https://yurigarden.com/assets/index-CUTVLur8.js:16
[  862589ms] [WARNING] You don't have permission to use DEVTOOL!【type = 6】 @ https://yurigarden.com/assets/index-CUTVLur8.js:16
[  863094ms] [WARNING] You don't have permission to use DEVTOOL!【type = 6】 @ https://yurigarden.com/assets/index-CUTVLur8.js:16
[  863592ms] [WARNING] You don't have permission to use DEVTOOL!【type = 6】 @ https://yurigarden.com/assets/index-CUTVLur8.js:16
[  864094ms] [WARNING] You don't have permission to use DEVTOOL!【type = 6】 @ https://yurigarden.com/assets/index-CUTVLur8.js:16
[  864591ms] [WARNING] You don't have permission to use DEVTOOL!【type = 6】 @ https://yurigarden.com/assets/index-CUTVLur8.js:16
[  865090ms] [WARNING] You don't have permission to use DEVTOOL!【type = 6】 @ https://yurigarden.com/assets/index-CUTVLur8.js:16
[  865583ms] [WARNING] You don't have permission to use DEVTOOL!【type = 6】 @ https://yurigarden.com/assets/index-CUTVLur8.js:16
[  866093ms] [WARNING] You don't have permission to use DEVTOOL!【type = 6】 @ https://yurigarden.com/assets/index-CUTVLur8.js:16
[  866599ms] [WARNING] You don't have permission to use DEVTOOL!【type = 6】 @ https://yurigarden.com/assets/index-CUTVLur8.js:16
[  867095ms] [WARNING] You don't have permission to use DEVTOOL!【type = 6】 @ https://yurigarden.com/assets/index-CUTVLur8.js:16
[  867601ms] [WARNING] You don't have permission to use DEVTOOL!【type = 6】 @ https://yurigarden.com/assets/index-CUTVLur8.js:16
[  868098ms] [WARNING] You don't have permission to use DEVTOOL!【type = 6】 @ https://yurigarden.com/assets/index-CUTVLur8.js:16
[  868594ms] [WARNING] You don't have permission to use DEVTOOL!【type = 6】 @ https://yurigarden.com/assets/index-CUTVLur8.js:16
[  869092ms] [WARNING] You don't have permission to use DEVTOOL!【type = 6】 @ https://yurigarden.com/assets/index-CUTVLur8.js:16
[  869586ms] [WARNING] You don't have permission to use DEVTOOL!【type = 6】 @ https://yurigarden.com/assets/index-CUTVLur8.js:16
[  870085ms] [WARNING] You don't have permission to use DEVTOOL!【type = 6】 @ https://yurigarden.com/assets/index-CUTVLur8.js:16
[  870584ms] [WARNING] You don't have permission to use DEVTOOL!【type = 6】 @ https://yurigarden.com/assets/index-CUTVLur8.js:16
[  871106ms] [WARNING] You don't have permission to use DEVTOOL!【type = 6】 @ https://yurigarden.com/assets/index-CUTVLur8.js:16
[  871601ms] [WARNING] You don't have permission to use DEVTOOL!【type = 6】 @ https://yurigarden.com/assets/index-CUTVLur8.js:16
[  872094ms] [WARNING] You don't have permission to use DEVTOOL!【type = 6】 @ https://yurigarden.com/assets/index-CUTVLur8.js:16
[  872599ms] [WARNING] You don't have permission to use DEVTOOL!【type = 6】 @ https://yurigarden.com/assets/index-CUTVLur8.js:16
[  873093ms] [WARNING] You don't have permission to use DEVTOOL!【type = 6】 @ https://yurigarden.com/assets/index-CUTVLur8.js:16
[  873586ms] [WARNING] You don't have permission to use DEVTOOL!【type = 6】 @ https://yurigarden.com/assets/index-CUTVLur8.js:16
[  874082ms] [WARNING] You don't have permission to use DEVTOOL!【type = 6】 @ https://yurigarden.com/assets/index-CUTVLur8.js:16
[  874585ms] [WARNING] You don't have permission to use DEVTOOL!【type = 6】 @ https://yurigarden.com/assets/index-CUTVLur8.js:16
[  875090ms] [WARNING] You don't have permission to use DEVTOOL!【type = 6】 @ https://yurigarden.com/assets/index-CUTVLur8.js:16
[  875595ms] [WARNING] You don't have permission to use DEVTOOL!【type = 6】 @ https://yurigarden.com/assets/index-CUTVLur8.js:16
[  876100ms] [WARNING] You don't have permission to use DEVTOOL!【type = 6】 @ https://yurigarden.com/assets/index-CUTVLur8.js:16
[  876596ms] [WARNING] You don't have permission to use DEVTOOL!【type = 6】 @ https://yurigarden.com/assets/index-CUTVLur8.js:16
[  877092ms] [WARNING] You don't have permission to use DEVTOOL!【type = 6】 @ https://yurigarden.com/assets/index-CUTVLur8.js:16
[  877587ms] [WARNING] You don't have permission to use DEVTOOL!【type = 6】 @ https://yurigarden.com/assets/index-CUTVLur8.js:16
[  878083ms] [WARNING] You don't have permission to use DEVTOOL!【type = 6】 @ https://yurigarden.com/assets/index-CUTVLur8.js:16
[  878581ms] [WARNING] You don't have permission to use DEVTOOL!【type = 6】 @ https://yurigarden.com/assets/index-CUTVLur8.js:16
[  879083ms] [WARNING] You don't have permission to use DEVTOOL!【type = 6】 @ https://yurigarden.com/assets/index-CUTVLur8.js:16
[  879586ms] [WARNING] You don't have permission to use DEVTOOL!【type = 6】 @ https://yurigarden.com/assets/index-CUTVLur8.js:16
[  880111ms] [WARNING] You don't have permission to use DEVTOOL!【type = 6】 @ https://yurigarden.com/assets/index-CUTVLur8.js:16
[  880600ms] [WARNING] You don't have permission to use DEVTOOL!【type = 6】 @ https://yurigarden.com/assets/index-CUTVLur8.js:16
[  881085ms] [WARNING] You don't have permission to use DEVTOOL!【type = 6】 @ https://yurigarden.com/assets/index-CUTVLur8.js:16
[  881595ms] [WARNING] You don't have permission to use DEVTOOL!【type = 6】 @ https://yurigarden.com/assets/index-CUTVLur8.js:16
[  882090ms] [WARNING] You don't have permission to use DEVTOOL!【type = 6】 @ https://yurigarden.com/assets/index-CUTVLur8.js:16
[  882598ms] [WARNING] You don't have permission to use DEVTOOL!【type = 6】 @ https://yurigarden.com/assets/index-CUTVLur8.js:16
[  883094ms] [WARNING] You don't have permission to use DEVTOOL!【type = 6】 @ https://yurigarden.com/assets/index-CUTVLur8.js:16
[  883595ms] [WARNING] You don't have permission to use DEVTOOL!【type = 6】 @ https://yurigarden.com/assets/index-CUTVLur8.js:16
[  884096ms] [WARNING] You don't have permission to use DEVTOOL!【type = 6】 @ https://yurigarden.com/assets/index-CUTVLur8.js:16
[  884592ms] [WARNING] You don't have permission to use DEVTOOL!【type = 6】 @ https://yurigarden.com/assets/index-CUTVLur8.js:16
[  885093ms] [WARNING] You don't have permission to use DEVTOOL!【type = 6】 @ https://yurigarden.com/assets/index-CUTVLur8.js:16
[  885584ms] [WARNING] You don't have permission to use DEVTOOL!【type = 6】 @ https://yurigarden.com/assets/index-CUTVLur8.js:16
[  886086ms] [WARNING] You don't have permission to use DEVTOOL!【type = 6】 @ https://yurigarden.com/assets/index-CUTVLur8.js:16
[  886592ms] [WARNING] You don't have permission to use DEVTOOL!【type = 6】 @ https://yurigarden.com/assets/index-CUTVLur8.js:16
[  887085ms] [WARNING] You don't have permission to use DEVTOOL!【type = 6】 @ https://yurigarden.com/assets/index-CUTVLur8.js:16
[  887586ms] [WARNING] You don't have permission to use DEVTOOL!【type = 6】 @ https://yurigarden.com/assets/index-CUTVLur8.js:16
[  888080ms] [WARNING] You don't have permission to use DEVTOOL!【type = 6】 @ https://yurigarden.com/assets/index-CUTVLur8.js:16
[  888586ms] [WARNING] You don't have permission to use DEVTOOL!【type = 6】 @ https://yurigarden.com/assets/index-CUTVLur8.js:16
[  889086ms] [WARNING] You don't have permission to use DEVTOOL!【type = 6】 @ https://yurigarden.com/assets/index-CUTVLur8.js:16
[  889586ms] [WARNING] You don't have permission to use DEVTOOL!【type = 6】 @ https://yurigarden.com/assets/index-CUTVLur8.js:16
[  890099ms] [WARNING] You don't have permission to use DEVTOOL!【type = 6】 @ https://yurigarden.com/assets/index-CUTVLur8.js:16
[  890593ms] [WARNING] You don't have permission to use DEVTOOL!【type = 6】 @ https://yurigarden.com/assets/index-CUTVLur8.js:16
[  891083ms] [WARNING] You don't have permission to use DEVTOOL!【type = 6】 @ https://yurigarden.com/assets/index-CUTVLur8.js:16
[  891580ms] [WARNING] You don't have permission to use DEVTOOL!【type = 6】 @ https://yurigarden.com/assets/index-CUTVLur8.js:16
[  892081ms] [WARNING] You don't have permission to use DEVTOOL!【type = 6】 @ https://yurigarden.com/assets/index-CUTVLur8.js:16
[  892587ms] [WARNING] You don't have permission to use DEVTOOL!【type = 6】 @ https://yurigarden.com/assets/index-CUTVLur8.js:16
[  893089ms] [WARNING] You don't have permission to use DEVTOOL!【type = 6】 @ https://yurigarden.com/assets/index-CUTVLur8.js:16
[  893593ms] [WARNING] You don't have permission to use DEVTOOL!【type = 6】 @ https://yurigarden.com/assets/index-CUTVLur8.js:16
[  894091ms] [WARNING] You don't have permission to use DEVTOOL!【type = 6】 @ https://yurigarden.com/assets/index-CUTVLur8.js:16
[  894582ms] [WARNING] You don't have permission to use DEVTOOL!【type = 6】 @ https://yurigarden.com/assets/index-CUTVLur8.js:16
[  895082ms] [WARNING] You don't have permission to use DEVTOOL!【type = 6】 @ https://yurigarden.com/assets/index-CUTVLur8.js:16
[  895581ms] [WARNING] You don't have permission to use DEVTOOL!【type = 6】 @ https://yurigarden.com/assets/index-CUTVLur8.js:16
[  896088ms] [WARNING] You don't have permission to use DEVTOOL!【type = 6】 @ https://yurigarden.com/assets/index-CUTVLur8.js:16
[  896588ms] [WARNING] You don't have permission to use DEVTOOL!【type = 6】 @ https://yurigarden.com/assets/index-CUTVLur8.js:16
[  897096ms] [WARNING] You don't have permission to use DEVTOOL!【type = 6】 @ https://yurigarden.com/assets/index-CUTVLur8.js:16
[  897591ms] [WARNING] You don't have permission to use DEVTOOL!【type = 6】 @ https://yurigarden.com/assets/index-CUTVLur8.js:16
[  898088ms] [WARNING] You don't have permission to use DEVTOOL!【type = 6】 @ https://yurigarden.com/assets/index-CUTVLur8.js:16
[  898583ms] [WARNING] You don't have permission to use DEVTOOL!【type = 6】 @ https://yurigarden.com/assets/index-CUTVLur8.js:16
[  899082ms] [WARNING] You don't have permission to use DEVTOOL!【type = 6】 @ https://yurigarden.com/assets/index-CUTVLur8.js:16
[  899585ms] [WARNING] You don't have permission to use DEVTOOL!【type = 6】 @ https://yurigarden.com/assets/index-CUTVLur8.js:16
[  900083ms] [WARNING] You don't have permission to use DEVTOOL!【type = 6】 @ https://yurigarden.com/assets/index-CUTVLur8.js:16
[  900597ms] [WARNING] You don't have permission to use DEVTOOL!【type = 6】 @ https://yurigarden.com/assets/index-CUTVLur8.js:16
[  901104ms] [WARNING] You don't have permission to use DEVTOOL!【type = 6】 @ https://yurigarden.com/assets/index-CUTVLur8.js:16
[  901589ms] [WARNING] You don't have permission to use DEVTOOL!【type = 6】 @ https://yurigarden.com/assets/index-CUTVLur8.js:16
[  902085ms] [WARNING] You don't have permission to use DEVTOOL!【type = 6】 @ https://yurigarden.com/assets/index-CUTVLur8.js:16
[  902585ms] [WARNING] You don't have permission to use DEVTOOL!【type = 6】 @ https://yurigarden.com/assets/index-CUTVLur8.js:16
[  903091ms] [WARNING] You don't have permission to use DEVTOOL!【type = 6】 @ https://yurigarden.com/assets/index-CUTVLur8.js:16
[  903588ms] [WARNING] You don't have permission to use DEVTOOL!【type = 6】 @ https://yurigarden.com/assets/index-CUTVLur8.js:16
[  904098ms] [WARNING] You don't have permission to use DEVTOOL!【type = 6】 @ https://yurigarden.com/assets/index-CUTVLur8.js:16
[  904595ms] [WARNING] You don't have permission to use DEVTOOL!【type = 6】 @ https://yurigarden.com/assets/index-CUTVLur8.js:16
[  905095ms] [WARNING] You don't have permission to use DEVTOOL!【type = 6】 @ https://yurigarden.com/assets/index-CUTVLur8.js:16
[  905592ms] [WARNING] You don't have permission to use DEVTOOL!【type = 6】 @ https://yurigarden.com/assets/index-CUTVLur8.js:16
[  906085ms] [WARNING] You don't have permission to use DEVTOOL!【type = 6】 @ https://yurigarden.com/assets/index-CUTVLur8.js:16
[  906597ms] [WARNING] You don't have permission to use DEVTOOL!【type = 6】 @ https://yurigarden.com/assets/index-CUTVLur8.js:16
[  907084ms] [WARNING] You don't have permission to use DEVTOOL!【type = 6】 @ https://yurigarden.com/assets/index-CUTVLur8.js:16
[  907585ms] [WARNING] You don't have permission to use DEVTOOL!【type = 6】 @ https://yurigarden.com/assets/index-CUTVLur8.js:16
[  908085ms] [WARNING] You don't have permission to use DEVTOOL!【type = 6】 @ https://yurigarden.com/assets/index-CUTVLur8.js:16
[  908590ms] [WARNING] You don't have permission to use DEVTOOL!【type = 6】 @ https://yurigarden.com/assets/index-CUTVLur8.js:16
[  909087ms] [WARNING] You don't have permission to use DEVTOOL!【type = 6】 @ https://yurigarden.com/assets/index-CUTVLur8.js:16
[  909583ms] [WARNING] You don't have permission to use DEVTOOL!【type = 6】 @ https://yurigarden.com/assets/index-CUTVLur8.js:16
[  910097ms] [WARNING] You don't have permission to use DEVTOOL!【type = 6】 @ https://yurigarden.com/assets/index-CUTVLur8.js:16
[  910593ms] [WARNING] You don't have permission to use DEVTOOL!【type = 6】 @ https://yurigarden.com/assets/index-CUTVLur8.js:16
[  911093ms] [WARNING] You don't have permission to use DEVTOOL!【type = 6】 @ https://yurigarden.com/assets/index-CUTVLur8.js:16
[  911581ms] [WARNING] You don't have permission to use DEVTOOL!【type = 6】 @ https://yurigarden.com/assets/index-CUTVLur8.js:16
[  912088ms] [WARNING] You don't have permission to use DEVTOOL!【type = 6】 @ https://yurigarden.com/assets/index-CUTVLur8.js:16
[  912587ms] [WARNING] You don't have permission to use DEVTOOL!【type = 6】 @ https://yurigarden.com/assets/index-CUTVLur8.js:16
[  913083ms] [WARNING] You don't have permission to use DEVTOOL!【type = 6】 @ https://yurigarden.com/assets/index-CUTVLur8.js:16
[  913587ms] [WARNING] You don't have permission to use DEVTOOL!【type = 6】 @ https://yurigarden.com/assets/index-CUTVLur8.js:16
[  914093ms] [WARNING] You don't have permission to use DEVTOOL!【type = 6】 @ https://yurigarden.com/assets/index-CUTVLur8.js:16
[  914588ms] [WARNING] You don't have permission to use DEVTOOL!【type = 6】 @ https://yurigarden.com/assets/index-CUTVLur8.js:16
[  915084ms] [WARNING] You don't have permission to use DEVTOOL!【type = 6】 @ https://yurigarden.com/assets/index-CUTVLur8.js:16
[  915584ms] [WARNING] You don't have permission to use DEVTOOL!【type = 6】 @ https://yurigarden.com/assets/index-CUTVLur8.js:16
[  916084ms] [WARNING] You don't have permission to use DEVTOOL!【type = 6】 @ https://yurigarden.com/assets/index-CUTVLur8.js:16
[  916581ms] [WARNING] You don't have permission to use DEVTOOL!【type = 6】 @ https://yurigarden.com/assets/index-CUTVLur8.js:16
[  917083ms] [WARNING] You don't have permission to use DEVTOOL!【type = 6】 @ https://yurigarden.com/assets/index-CUTVLur8.js:16
[  917584ms] [WARNING] You don't have permission to use DEVTOOL!【type = 6】 @ https://yurigarden.com/assets/index-CUTVLur8.js:16
[  918098ms] [WARNING] You don't have permission to use DEVTOOL!【type = 6】 @ https://yurigarden.com/assets/index-CUTVLur8.js:16
[  918591ms] [WARNING] You don't have permission to use DEVTOOL!【type = 6】 @ https://yurigarden.com/assets/index-CUTVLur8.js:16
[  919074ms] [WARNING] You don't have permission to use DEVTOOL!【type = 6】 @ https://yurigarden.com/assets/index-CUTVLur8.js:16
[  919579ms] [WARNING] You don't have permission to use DEVTOOL!【type = 6】 @ https://yurigarden.com/assets/index-CUTVLur8.js:16
[  920078ms] [WARNING] You don't have permission to use DEVTOOL!【type = 6】 @ https://yurigarden.com/assets/index-CUTVLur8.js:16
[  920586ms] [WARNING] You don't have permission to use DEVTOOL!【type = 6】 @ https://yurigarden.com/assets/index-CUTVLur8.js:16
[  921093ms] [WARNING] You don't have permission to use DEVTOOL!【type = 6】 @ https://yurigarden.com/assets/index-CUTVLur8.js:16
[  921604ms] [WARNING] You don't have permission to use DEVTOOL!【type = 6】 @ https://yurigarden.com/assets/index-CUTVLur8.js:16
[  922093ms] [WARNING] You don't have permission to use DEVTOOL!【type = 6】 @ https://yurigarden.com/assets/index-CUTVLur8.js:16
[  922588ms] [WARNING] You don't have permission to use DEVTOOL!【type = 6】 @ https://yurigarden.com/assets/index-CUTVLur8.js:16
[  923082ms] [WARNING] You don't have permission to use DEVTOOL!【type = 6】 @ https://yurigarden.com/assets/index-CUTVLur8.js:16
[  923587ms] [WARNING] You don't have permission to use DEVTOOL!【type = 6】 @ https://yurigarden.com/assets/index-CUTVLur8.js:16
[  924083ms] [WARNING] You don't have permission to use DEVTOOL!【type = 6】 @ https://yurigarden.com/assets/index-CUTVLur8.js:16
[  924582ms] [WARNING] You don't have permission to use DEVTOOL!【type = 6】 @ https://yurigarden.com/assets/index-CUTVLur8.js:16
[  925083ms] [WARNING] You don't have permission to use DEVTOOL!【type = 6】 @ https://yurigarden.com/assets/index-CUTVLur8.js:16
[  925598ms] [WARNING] You don't have permission to use DEVTOOL!【type = 6】 @ https://yurigarden.com/assets/index-CUTVLur8.js:16
[  926086ms] [WARNING] You don't have permission to use DEVTOOL!【type = 6】 @ https://yurigarden.com/assets/index-CUTVLur8.js:16
[  926581ms] [WARNING] You don't have permission to use DEVTOOL!【type = 6】 @ https://yurigarden.com/assets/index-CUTVLur8.js:16
[  927080ms] [WARNING] You don't have permission to use DEVTOOL!【type = 6】 @ https://yurigarden.com/assets/index-CUTVLur8.js:16
[  927583ms] [WARNING] You don't have permission to use DEVTOOL!【type = 6】 @ https://yurigarden.com/assets/index-CUTVLur8.js:16
[  928083ms] [WARNING] You don't have permission to use DEVTOOL!【type = 6】 @ https://yurigarden.com/assets/index-CUTVLur8.js:16
[  928585ms] [WARNING] You don't have permission to use DEVTOOL!【type = 6】 @ https://yurigarden.com/assets/index-CUTVLur8.js:16
[  929084ms] [WARNING] You don't have permission to use DEVTOOL!【type = 6】 @ https://yurigarden.com/assets/index-CUTVLur8.js:16
[  929581ms] [WARNING] You don't have permission to use DEVTOOL!【type = 6】 @ https://yurigarden.com/assets/index-CUTVLur8.js:16
[  930088ms] [WARNING] You don't have permission to use DEVTOOL!【type = 6】 @ https://yurigarden.com/assets/index-CUTVLur8.js:16
[  930586ms] [WARNING] You don't have permission to use DEVTOOL!【type = 6】 @ https://yurigarden.com/assets/index-CUTVLur8.js:16
[  931090ms] [WARNING] You don't have permission to use DEVTOOL!【type = 6】 @ https://yurigarden.com/assets/index-CUTVLur8.js:16
[  931587ms] [WARNING] You don't have permission to use DEVTOOL!【type = 6】 @ https://yurigarden.com/assets/index-CUTVLur8.js:16
[  932086ms] [WARNING] You don't have permission to use DEVTOOL!【type = 6】 @ https://yurigarden.com/assets/index-CUTVLur8.js:16
[  932586ms] [WARNING] You don't have permission to use DEVTOOL!【type = 6】 @ https://yurigarden.com/assets/index-CUTVLur8.js:16
[  933078ms] [WARNING] You don't have permission to use DEVTOOL!【type = 6】 @ https://yurigarden.com/assets/index-CUTVLur8.js:16
[  933579ms] [WARNING] You don't have permission to use DEVTOOL!【type = 6】 @ https://yurigarden.com/assets/index-CUTVLur8.js:16
[  934077ms] [WARNING] You don't have permission to use DEVTOOL!【type = 6】 @ https://yurigarden.com/assets/index-CUTVLur8.js:16
[  934586ms] [WARNING] You don't have permission to use DEVTOOL!【type = 6】 @ https://yurigarden.com/assets/index-CUTVLur8.js:16
[  935087ms] [WARNING] You don't have permission to use DEVTOOL!【type = 6】 @ https://yurigarden.com/assets/index-CUTVLur8.js:16
[  935579ms] [WARNING] You don't have permission to use DEVTOOL!【type = 6】 @ https://yurigarden.com/assets/index-CUTVLur8.js:16
[  936079ms] [WARNING] You don't have permission to use DEVTOOL!【type = 6】 @ https://yurigarden.com/assets/index-CUTVLur8.js:16
[  936581ms] [WARNING] You don't have permission to use DEVTOOL!【type = 6】 @ https://yurigarden.com/assets/index-CUTVLur8.js:16
[  937083ms] [WARNING] You don't have permission to use DEVTOOL!【type = 6】 @ https://yurigarden.com/assets/index-CUTVLur8.js:16
[  937581ms] [WARNING] You don't have permission to use DEVTOOL!【type = 6】 @ https://yurigarden.com/assets/index-CUTVLur8.js:16
[  938088ms] [WARNING] You don't have permission to use DEVTOOL!【type = 6】 @ https://yurigarden.com/assets/index-CUTVLur8.js:16
[  938578ms] [WARNING] You don't have permission to use DEVTOOL!【type = 6】 @ https://yurigarden.com/assets/index-CUTVLur8.js:16
[  939085ms] [WARNING] You don't have permission to use DEVTOOL!【type = 6】 @ https://yurigarden.com/assets/index-CUTVLur8.js:16
[  939589ms] [WARNING] You don't have permission to use DEVTOOL!【type = 6】 @ https://yurigarden.com/assets/index-CUTVLur8.js:16
[  940084ms] [WARNING] You don't have permission to use DEVTOOL!【type = 6】 @ https://yurigarden.com/assets/index-CUTVLur8.js:16
[  940577ms] [WARNING] You don't have permission to use DEVTOOL!【type = 6】 @ https://yurigarden.com/assets/index-CUTVLur8.js:16
[  941083ms] [WARNING] You don't have permission to use DEVTOOL!【type = 6】 @ https://yurigarden.com/assets/index-CUTVLur8.js:16
[  941582ms] [WARNING] You don't have permission to use DEVTOOL!【type = 6】 @ https://yurigarden.com/assets/index-CUTVLur8.js:16
[  942076ms] [WARNING] You don't have permission to use DEVTOOL!【type = 6】 @ https://yurigarden.com/assets/index-CUTVLur8.js:16
[  942577ms] [WARNING] You don't have permission to use DEVTOOL!【type = 6】 @ https://yurigarden.com/assets/index-CUTVLur8.js:16
[  943085ms] [WARNING] You don't have permission to use DEVTOOL!【type = 6】 @ https://yurigarden.com/assets/index-CUTVLur8.js:16
[  943588ms] [WARNING] You don't have permission to use DEVTOOL!【type = 6】 @ https://yurigarden.com/assets/index-CUTVLur8.js:16
[  944084ms] [WARNING] You don't have permission to use DEVTOOL!【type = 6】 @ https://yurigarden.com/assets/index-CUTVLur8.js:16
[  944576ms] [WARNING] You don't have permission to use DEVTOOL!【type = 6】 @ https://yurigarden.com/assets/index-CUTVLur8.js:16
[  945086ms] [WARNING] You don't have permission to use DEVTOOL!【type = 6】 @ https://yurigarden.com/assets/index-CUTVLur8.js:16
[  945589ms] [WARNING] You don't have permission to use DEVTOOL!【type = 6】 @ https://yurigarden.com/assets/index-CUTVLur8.js:16
[  946083ms] [WARNING] You don't have permission to use DEVTOOL!【type = 6】 @ https://yurigarden.com/assets/index-CUTVLur8.js:16
[  946582ms] [WARNING] You don't have permission to use DEVTOOL!【type = 6】 @ https://yurigarden.com/assets/index-CUTVLur8.js:16
[  947086ms] [WARNING] You don't have permission to use DEVTOOL!【type = 6】 @ https://yurigarden.com/assets/index-CUTVLur8.js:16
[  947578ms] [WARNING] You don't have permission to use DEVTOOL!【type = 6】 @ https://yurigarden.com/assets/index-CUTVLur8.js:16
[  948075ms] [WARNING] You don't have permission to use DEVTOOL!【type = 6】 @ https://yurigarden.com/assets/index-CUTVLur8.js:16
[  948582ms] [WARNING] You don't have permission to use DEVTOOL!【type = 6】 @ https://yurigarden.com/assets/index-CUTVLur8.js:16
[  949077ms] [WARNING] You don't have permission to use DEVTOOL!【type = 6】 @ https://yurigarden.com/assets/index-CUTVLur8.js:16
[  949584ms] [WARNING] You don't have permission to use DEVTOOL!【type = 6】 @ https://yurigarden.com/assets/index-CUTVLur8.js:16
[  950086ms] [WARNING] You don't have permission to use DEVTOOL!【type = 6】 @ https://yurigarden.com/assets/index-CUTVLur8.js:16
[  950583ms] [WARNING] You don't have permission to use DEVTOOL!【type = 6】 @ https://yurigarden.com/assets/index-CUTVLur8.js:16
[  951077ms] [WARNING] You don't have permission to use DEVTOOL!【type = 6】 @ https://yurigarden.com/assets/index-CUTVLur8.js:16
[  951582ms] [WARNING] You don't have permission to use DEVTOOL!【type = 6】 @ https://yurigarden.com/assets/index-CUTVLur8.js:16
[  952087ms] [WARNING] You don't have permission to use DEVTOOL!【type = 6】 @ https://yurigarden.com/assets/index-CUTVLur8.js:16
[  952592ms] [WARNING] You don't have permission to use DEVTOOL!【type = 6】 @ https://yurigarden.com/assets/index-CUTVLur8.js:16
[  953091ms] [WARNING] You don't have permission to use DEVTOOL!【type = 6】 @ https://yurigarden.com/assets/index-CUTVLur8.js:16
[  953588ms] [WARNING] You don't have permission to use DEVTOOL!【type = 6】 @ https://yurigarden.com/assets/index-CUTVLur8.js:16
[  954091ms] [WARNING] You don't have permission to use DEVTOOL!【type = 6】 @ https://yurigarden.com/assets/index-CUTVLur8.js:16
[  954579ms] [WARNING] You don't have permission to use DEVTOOL!【type = 6】 @ https://yurigarden.com/assets/index-CUTVLur8.js:16
[  955089ms] [WARNING] You don't have permission to use DEVTOOL!【type = 6】 @ https://yurigarden.com/assets/index-CUTVLur8.js:16
[  955586ms] [WARNING] You don't have permission to use DEVTOOL!【type = 6】 @ https://yurigarden.com/assets/index-CUTVLur8.js:16
[  956079ms] [WARNING] You don't have permission to use DEVTOOL!【type = 6】 @ https://yurigarden.com/assets/index-CUTVLur8.js:16
[  956580ms] [WARNING] You don't have permission to use DEVTOOL!【type = 6】 @ https://yurigarden.com/assets/index-CUTVLur8.js:16
[  957083ms] [WARNING] You don't have permission to use DEVTOOL!【type = 6】 @ https://yurigarden.com/assets/index-CUTVLur8.js:16
[  957581ms] [WARNING] You don't have permission to use DEVTOOL!【type = 6】 @ https://yurigarden.com/assets/index-CUTVLur8.js:16
[  958082ms] [WARNING] You don't have permission to use DEVTOOL!【type = 6】 @ https://yurigarden.com/assets/index-CUTVLur8.js:16
[  958583ms] [WARNING] You don't have permission to use DEVTOOL!【type = 6】 @ https://yurigarden.com/assets/index-CUTVLur8.js:16
[  959080ms] [WARNING] You don't have permission to use DEVTOOL!【type = 6】 @ https://yurigarden.com/assets/index-CUTVLur8.js:16
[  959587ms] [WARNING] You don't have permission to use DEVTOOL!【type = 6】 @ https://yurigarden.com/assets/index-CUTVLur8.js:16
[  960086ms] [WARNING] You don't have permission to use DEVTOOL!【type = 6】 @ https://yurigarden.com/assets/index-CUTVLur8.js:16
[  960579ms] [WARNING] You don't have permission to use DEVTOOL!【type = 6】 @ https://yurigarden.com/assets/index-CUTVLur8.js:16
[  961080ms] [WARNING] You don't have permission to use DEVTOOL!【type = 6】 @ https://yurigarden.com/assets/index-CUTVLur8.js:16
[  961576ms] [WARNING] You don't have permission to use DEVTOOL!【type = 6】 @ https://yurigarden.com/assets/index-CUTVLur8.js:16
[  962081ms] [WARNING] You don't have permission to use DEVTOOL!【type = 6】 @ https://yurigarden.com/assets/index-CUTVLur8.js:16
[  962583ms] [WARNING] You don't have permission to use DEVTOOL!【type = 6】 @ https://yurigarden.com/assets/index-CUTVLur8.js:16
[  963079ms] [WARNING] You don't have permission to use DEVTOOL!【type = 6】 @ https://yurigarden.com/assets/index-CUTVLur8.js:16
[  963584ms] [WARNING] You don't have permission to use DEVTOOL!【type = 6】 @ https://yurigarden.com/assets/index-CUTVLur8.js:16
[  964082ms] [WARNING] You don't have permission to use DEVTOOL!【type = 6】 @ https://yurigarden.com/assets/index-CUTVLur8.js:16
[  964577ms] [WARNING] You don't have permission to use DEVTOOL!【type = 6】 @ https://yurigarden.com/assets/index-CUTVLur8.js:16
[  965081ms] [WARNING] You don't have permission to use DEVTOOL!【type = 6】 @ https://yurigarden.com/assets/index-CUTVLur8.js:16
[  965580ms] [WARNING] You don't have permission to use DEVTOOL!【type = 6】 @ https://yurigarden.com/assets/index-CUTVLur8.js:16
[  966076ms] [WARNING] You don't have permission to use DEVTOOL!【type = 6】 @ https://yurigarden.com/assets/index-CUTVLur8.js:16
[  966584ms] [WARNING] You don't have permission to use DEVTOOL!【type = 6】 @ https://yurigarden.com/assets/index-CUTVLur8.js:16
[  967088ms] [WARNING] You don't have permission to use DEVTOOL!【type = 6】 @ https://yurigarden.com/assets/index-CUTVLur8.js:16
[  967582ms] [WARNING] You don't have permission to use DEVTOOL!【type = 6】 @ https://yurigarden.com/assets/index-CUTVLur8.js:16
[  968081ms] [WARNING] You don't have permission to use DEVTOOL!【type = 6】 @ https://yurigarden.com/assets/index-CUTVLur8.js:16
[  968591ms] [WARNING] You don't have permission to use DEVTOOL!【type = 6】 @ https://yurigarden.com/assets/index-CUTVLur8.js:16
[  969079ms] [WARNING] You don't have permission to use DEVTOOL!【type = 6】 @ https://yurigarden.com/assets/index-CUTVLur8.js:16
[  969579ms] [WARNING] You don't have permission to use DEVTOOL!【type = 6】 @ https://yurigarden.com/assets/index-CUTVLur8.js:16
[  970086ms] [WARNING] You don't have permission to use DEVTOOL!【type = 6】 @ https://yurigarden.com/assets/index-CUTVLur8.js:16
[  970582ms] [WARNING] You don't have permission to use DEVTOOL!【type = 6】 @ https://yurigarden.com/assets/index-CUTVLur8.js:16
[  971079ms] [WARNING] You don't have permission to use DEVTOOL!【type = 6】 @ https://yurigarden.com/assets/index-CUTVLur8.js:16
[  971575ms] [WARNING] You don't have permission to use DEVTOOL!【type = 6】 @ https://yurigarden.com/assets/index-CUTVLur8.js:16
[  972082ms] [WARNING] You don't have permission to use DEVTOOL!【type = 6】 @ https://yurigarden.com/assets/index-CUTVLur8.js:16
[  972588ms] [WARNING] You don't have permission to use DEVTOOL!【type = 6】 @ https://yurigarden.com/assets/index-CUTVLur8.js:16
[  973086ms] [WARNING] You don't have permission to use DEVTOOL!【type = 6】 @ https://yurigarden.com/assets/index-CUTVLur8.js:16
[  973582ms] [WARNING] You don't have permission to use DEVTOOL!【type = 6】 @ https://yurigarden.com/assets/index-CUTVLur8.js:16
[  974094ms] [WARNING] You don't have permission to use DEVTOOL!【type = 6】 @ https://yurigarden.com/assets/index-CUTVLur8.js:16
[  974592ms] [WARNING] You don't have permission to use DEVTOOL!【type = 6】 @ https://yurigarden.com/assets/index-CUTVLur8.js:16
[  975093ms] [WARNING] You don't have permission to use DEVTOOL!【type = 6】 @ https://yurigarden.com/assets/index-CUTVLur8.js:16
[  975580ms] [WARNING] You don't have permission to use DEVTOOL!【type = 6】 @ https://yurigarden.com/assets/index-CUTVLur8.js:16
[  976091ms] [WARNING] You don't have permission to use DEVTOOL!【type = 6】 @ https://yurigarden.com/assets/index-CUTVLur8.js:16
[  976586ms] [WARNING] You don't have permission to use DEVTOOL!【type = 6】 @ https://yurigarden.com/assets/index-CUTVLur8.js:16
[  977087ms] [WARNING] You don't have permission to use DEVTOOL!【type = 6】 @ https://yurigarden.com/assets/index-CUTVLur8.js:16
[  977587ms] [WARNING] You don't have permission to use DEVTOOL!【type = 6】 @ https://yurigarden.com/assets/index-CUTVLur8.js:16
[  978084ms] [WARNING] You don't have permission to use DEVTOOL!【type = 6】 @ https://yurigarden.com/assets/index-CUTVLur8.js:16
[  978594ms] [WARNING] You don't have permission to use DEVTOOL!【type = 6】 @ https://yurigarden.com/assets/index-CUTVLur8.js:16
[  979090ms] [WARNING] You don't have permission to use DEVTOOL!【type = 6】 @ https://yurigarden.com/assets/index-CUTVLur8.js:16
[  979588ms] [WARNING] You don't have permission to use DEVTOOL!【type = 6】 @ https://yurigarden.com/assets/index-CUTVLur8.js:16
[  980102ms] [WARNING] You don't have permission to use DEVTOOL!【type = 6】 @ https://yurigarden.com/assets/index-CUTVLur8.js:16
[  980605ms] [WARNING] You don't have permission to use DEVTOOL!【type = 6】 @ https://yurigarden.com/assets/index-CUTVLur8.js:16
[  981091ms] [WARNING] You don't have permission to use DEVTOOL!【type = 6】 @ https://yurigarden.com/assets/index-CUTVLur8.js:16
[  981587ms] [WARNING] You don't have permission to use DEVTOOL!【type = 6】 @ https://yurigarden.com/assets/index-CUTVLur8.js:16
[  982087ms] [WARNING] You don't have permission to use DEVTOOL!【type = 6】 @ https://yurigarden.com/assets/index-CUTVLur8.js:16
[  982589ms] [WARNING] You don't have permission to use DEVTOOL!【type = 6】 @ https://yurigarden.com/assets/index-CUTVLur8.js:16
[  983096ms] [WARNING] You don't have permission to use DEVTOOL!【type = 6】 @ https://yurigarden.com/assets/index-CUTVLur8.js:16
[  983601ms] [WARNING] You don't have permission to use DEVTOOL!【type = 6】 @ https://yurigarden.com/assets/index-CUTVLur8.js:16
[  984092ms] [WARNING] You don't have permission to use DEVTOOL!【type = 6】 @ https://yurigarden.com/assets/index-CUTVLur8.js:16
[  984587ms] [WARNING] You don't have permission to use DEVTOOL!【type = 6】 @ https://yurigarden.com/assets/index-CUTVLur8.js:16
[  985089ms] [WARNING] You don't have permission to use DEVTOOL!【type = 6】 @ https://yurigarden.com/assets/index-CUTVLur8.js:16
[  985586ms] [WARNING] You don't have permission to use DEVTOOL!【type = 6】 @ https://yurigarden.com/assets/index-CUTVLur8.js:16
[  986086ms] [WARNING] You don't have permission to use DEVTOOL!【type = 6】 @ https://yurigarden.com/assets/index-CUTVLur8.js:16
[  986577ms] [WARNING] You don't have permission to use DEVTOOL!【type = 6】 @ https://yurigarden.com/assets/index-CUTVLur8.js:16
[  987092ms] [WARNING] You don't have permission to use DEVTOOL!【type = 6】 @ https://yurigarden.com/assets/index-CUTVLur8.js:16
[  987586ms] [WARNING] You don't have permission to use DEVTOOL!【type = 6】 @ https://yurigarden.com/assets/index-CUTVLur8.js:16
[  988087ms] [WARNING] You don't have permission to use DEVTOOL!【type = 6】 @ https://yurigarden.com/assets/index-CUTVLur8.js:16
[  988584ms] [WARNING] You don't have permission to use DEVTOOL!【type = 6】 @ https://yurigarden.com/assets/index-CUTVLur8.js:16
[  989085ms] [WARNING] You don't have permission to use DEVTOOL!【type = 6】 @ https://yurigarden.com/assets/index-CUTVLur8.js:16
[  989578ms] [WARNING] You don't have permission to use DEVTOOL!【type = 6】 @ https://yurigarden.com/assets/index-CUTVLur8.js:16
[  990077ms] [WARNING] You don't have permission to use DEVTOOL!【type = 6】 @ https://yurigarden.com/assets/index-CUTVLur8.js:16
[  990584ms] [WARNING] You don't have permission to use DEVTOOL!【type = 6】 @ https://yurigarden.com/assets/index-CUTVLur8.js:16
[  991087ms] [WARNING] You don't have permission to use DEVTOOL!【type = 6】 @ https://yurigarden.com/assets/index-CUTVLur8.js:16
[  991581ms] [WARNING] You don't have permission to use DEVTOOL!【type = 6】 @ https://yurigarden.com/assets/index-CUTVLur8.js:16
[  992083ms] [WARNING] You don't have permission to use DEVTOOL!【type = 6】 @ https://yurigarden.com/assets/index-CUTVLur8.js:16
[  992587ms] [WARNING] You don't have permission to use DEVTOOL!【type = 6】 @ https://yurigarden.com/assets/index-CUTVLur8.js:16
[  993079ms] [WARNING] You don't have permission to use DEVTOOL!【type = 6】 @ https://yurigarden.com/assets/index-CUTVLur8.js:16
[  993583ms] [WARNING] You don't have permission to use DEVTOOL!【type = 6】 @ https://yurigarden.com/assets/index-CUTVLur8.js:16
[  994081ms] [WARNING] You don't have permission to use DEVTOOL!【type = 6】 @ https://yurigarden.com/assets/index-CUTVLur8.js:16
[  994586ms] [WARNING] You don't have permission to use DEVTOOL!【type = 6】 @ https://yurigarden.com/assets/index-CUTVLur8.js:16
[  995094ms] [WARNING] You don't have permission to use DEVTOOL!【type = 6】 @ https://yurigarden.com/assets/index-CUTVLur8.js:16
[  995580ms] [WARNING] You don't have permission to use DEVTOOL!【type = 6】 @ https://yurigarden.com/assets/index-CUTVLur8.js:16
[  996089ms] [WARNING] You don't have permission to use DEVTOOL!【type = 6】 @ https://yurigarden.com/assets/index-CUTVLur8.js:16
[  996578ms] [WARNING] You don't have permission to use DEVTOOL!【type = 6】 @ https://yurigarden.com/assets/index-CUTVLur8.js:16
[  997082ms] [WARNING] You don't have permission to use DEVTOOL!【type = 6】 @ https://yurigarden.com/assets/index-CUTVLur8.js:16
[  997584ms] [WARNING] You don't have permission to use DEVTOOL!【type = 6】 @ https://yurigarden.com/assets/index-CUTVLur8.js:16
[  998085ms] [WARNING] You don't have permission to use DEVTOOL!【type = 6】 @ https://yurigarden.com/assets/index-CUTVLur8.js:16
[  998579ms] [WARNING] You don't have permission to use DEVTOOL!【type = 6】 @ https://yurigarden.com/assets/index-CUTVLur8.js:16
[  999075ms] [WARNING] You don't have permission to use DEVTOOL!【type = 6】 @ https://yurigarden.com/assets/index-CUTVLur8.js:16
[  999579ms] [WARNING] You don't have permission to use DEVTOOL!【type = 6】 @ https://yurigarden.com/assets/index-CUTVLur8.js:16
[ 1000086ms] [WARNING] You don't have permission to use DEVTOOL!【type = 6】 @ https://yurigarden.com/assets/index-CUTVLur8.js:16
[ 1000581ms] [WARNING] You don't have permission to use DEVTOOL!【type = 6】 @ https://yurigarden.com/assets/index-CUTVLur8.js:16
[ 1001083ms] [WARNING] You don't have permission to use DEVTOOL!【type = 6】 @ https://yurigarden.com/assets/index-CUTVLur8.js:16
[ 1001584ms] [WARNING] You don't have permission to use DEVTOOL!【type = 6】 @ https://yurigarden.com/assets/index-CUTVLur8.js:16
[ 1002086ms] [WARNING] You don't have permission to use DEVTOOL!【type = 6】 @ https://yurigarden.com/assets/index-CUTVLur8.js:16
[ 1002586ms] [WARNING] You don't have permission to use DEVTOOL!【type = 6】 @ https://yurigarden.com/assets/index-CUTVLur8.js:16
[ 1003084ms] [WARNING] You don't have permission to use DEVTOOL!【type = 6】 @ https://yurigarden.com/assets/index-CUTVLur8.js:16
[ 1003584ms] [WARNING] You don't have permission to use DEVTOOL!【type = 6】 @ https://yurigarden.com/assets/index-CUTVLur8.js:16
[ 1004089ms] [WARNING] You don't have permission to use DEVTOOL!【type = 6】 @ https://yurigarden.com/assets/index-CUTVLur8.js:16
[ 1004585ms] [WARNING] You don't have permission to use DEVTOOL!【type = 6】 @ https://yurigarden.com/assets/index-CUTVLur8.js:16
[ 1005085ms] [WARNING] You don't have permission to use DEVTOOL!【type = 6】 @ https://yurigarden.com/assets/index-CUTVLur8.js:16
[ 1005583ms] [WARNING] You don't have permission to use DEVTOOL!【type = 6】 @ https://yurigarden.com/assets/index-CUTVLur8.js:16
[ 1006087ms] [WARNING] You don't have permission to use DEVTOOL!【type = 6】 @ https://yurigarden.com/assets/index-CUTVLur8.js:16
[ 1006579ms] [WARNING] You don't have permission to use DEVTOOL!【type = 6】 @ https://yurigarden.com/assets/index-CUTVLur8.js:16
[ 1007083ms] [WARNING] You don't have permission to use DEVTOOL!【type = 6】 @ https://yurigarden.com/assets/index-CUTVLur8.js:16
[ 1007578ms] [WARNING] You don't have permission to use DEVTOOL!【type = 6】 @ https://yurigarden.com/assets/index-CUTVLur8.js:16
[ 1008092ms] [WARNING] You don't have permission to use DEVTOOL!【type = 6】 @ https://yurigarden.com/assets/index-CUTVLur8.js:16
[ 1008582ms] [WARNING] You don't have permission to use DEVTOOL!【type = 6】 @ https://yurigarden.com/assets/index-CUTVLur8.js:16
[ 1009095ms] [WARNING] You don't have permission to use DEVTOOL!【type = 6】 @ https://yurigarden.com/assets/index-CUTVLur8.js:16
[ 1009588ms] [WARNING] You don't have permission to use DEVTOOL!【type = 6】 @ https://yurigarden.com/assets/index-CUTVLur8.js:16
[ 1010083ms] [WARNING] You don't have permission to use DEVTOOL!【type = 6】 @ https://yurigarden.com/assets/index-CUTVLur8.js:16
[ 1010579ms] [WARNING] You don't have permission to use DEVTOOL!【type = 6】 @ https://yurigarden.com/assets/index-CUTVLur8.js:16
[ 1011085ms] [WARNING] You don't have permission to use DEVTOOL!【type = 6】 @ https://yurigarden.com/assets/index-CUTVLur8.js:16
[ 1011583ms] [WARNING] You don't have permission to use DEVTOOL!【type = 6】 @ https://yurigarden.com/assets/index-CUTVLur8.js:16
[ 1012083ms] [WARNING] You don't have permission to use DEVTOOL!【type = 6】 @ https://yurigarden.com/assets/index-CUTVLur8.js:16
[ 1012585ms] [WARNING] You don't have permission to use DEVTOOL!【type = 6】 @ https://yurigarden.com/assets/index-CUTVLur8.js:16
[ 1013076ms] [WARNING] You don't have permission to use DEVTOOL!【type = 6】 @ https://yurigarden.com/assets/index-CUTVLur8.js:16
[ 1013580ms] [WARNING] You don't have permission to use DEVTOOL!【type = 6】 @ https://yurigarden.com/assets/index-CUTVLur8.js:16
[ 1014086ms] [WARNING] You don't have permission to use DEVTOOL!【type = 6】 @ https://yurigarden.com/assets/index-CUTVLur8.js:16
[ 1014585ms] [WARNING] You don't have permission to use DEVTOOL!【type = 6】 @ https://yurigarden.com/assets/index-CUTVLur8.js:16
[ 1015094ms] [WARNING] You don't have permission to use DEVTOOL!【type = 6】 @ https://yurigarden.com/assets/index-CUTVLur8.js:16
[ 1015586ms] [WARNING] You don't have permission to use DEVTOOL!【type = 6】 @ https://yurigarden.com/assets/index-CUTVLur8.js:16
[ 1016089ms] [WARNING] You don't have permission to use DEVTOOL!【type = 6】 @ https://yurigarden.com/assets/index-CUTVLur8.js:16
[ 1016588ms] [WARNING] You don't have permission to use DEVTOOL!【type = 6】 @ https://yurigarden.com/assets/index-CUTVLur8.js:16
[ 1017087ms] [WARNING] You don't have permission to use DEVTOOL!【type = 6】 @ https://yurigarden.com/assets/index-CUTVLur8.js:16
[ 1017587ms] [WARNING] You don't have permission to use DEVTOOL!【type = 6】 @ https://yurigarden.com/assets/index-CUTVLur8.js:16
[ 1018093ms] [WARNING] You don't have permission to use DEVTOOL!【type = 6】 @ https://yurigarden.com/assets/index-CUTVLur8.js:16
[ 1018585ms] [WARNING] You don't have permission to use DEVTOOL!【type = 6】 @ https://yurigarden.com/assets/index-CUTVLur8.js:16
[ 1019081ms] [WARNING] You don't have permission to use DEVTOOL!【type = 6】 @ https://yurigarden.com/assets/index-CUTVLur8.js:16
[ 1019576ms] [WARNING] You don't have permission to use DEVTOOL!【type = 6】 @ https://yurigarden.com/assets/index-CUTVLur8.js:16
[ 1020086ms] [WARNING] You don't have permission to use DEVTOOL!【type = 6】 @ https://yurigarden.com/assets/index-CUTVLur8.js:16
[ 1020580ms] [WARNING] You don't have permission to use DEVTOOL!【type = 6】 @ https://yurigarden.com/assets/index-CUTVLur8.js:16
[ 1021082ms] [WARNING] You don't have permission to use DEVTOOL!【type = 6】 @ https://yurigarden.com/assets/index-CUTVLur8.js:16
[ 1021575ms] [WARNING] You don't have permission to use DEVTOOL!【type = 6】 @ https://yurigarden.com/assets/index-CUTVLur8.js:16
[ 1022082ms] [WARNING] You don't have permission to use DEVTOOL!【type = 6】 @ https://yurigarden.com/assets/index-CUTVLur8.js:16
[ 1022580ms] [WARNING] You don't have permission to use DEVTOOL!【type = 6】 @ https://yurigarden.com/assets/index-CUTVLur8.js:16
[ 1023083ms] [WARNING] You don't have permission to use DEVTOOL!【type = 6】 @ https://yurigarden.com/assets/index-CUTVLur8.js:16
[ 1023582ms] [WARNING] You don't have permission to use DEVTOOL!【type = 6】 @ https://yurigarden.com/assets/index-CUTVLur8.js:16
[ 1024082ms] [WARNING] You don't have permission to use DEVTOOL!【type = 6】 @ https://yurigarden.com/assets/index-CUTVLur8.js:16
[ 1024578ms] [WARNING] You don't have permission to use DEVTOOL!【type = 6】 @ https://yurigarden.com/assets/index-CUTVLur8.js:16
[ 1025077ms] [WARNING] You don't have permission to use DEVTOOL!【type = 6】 @ https://yurigarden.com/assets/index-CUTVLur8.js:16
[ 1025579ms] [WARNING] You don't have permission to use DEVTOOL!【type = 6】 @ https://yurigarden.com/assets/index-CUTVLur8.js:16
[ 1026082ms] [WARNING] You don't have permission to use DEVTOOL!【type = 6】 @ https://yurigarden.com/assets/index-CUTVLur8.js:16
[ 1026582ms] [WARNING] You don't have permission to use DEVTOOL!【type = 6】 @ https://yurigarden.com/assets/index-CUTVLur8.js:16
[ 1027084ms] [WARNING] You don't have permission to use DEVTOOL!【type = 6】 @ https://yurigarden.com/assets/index-CUTVLur8.js:16
[ 1027577ms] [WARNING] You don't have permission to use DEVTOOL!【type = 6】 @ https://yurigarden.com/assets/index-CUTVLur8.js:16
[ 1028080ms] [WARNING] You don't have permission to use DEVTOOL!【type = 6】 @ https://yurigarden.com/assets/index-CUTVLur8.js:16
[ 1028579ms] [WARNING] You don't have permission to use DEVTOOL!【type = 6】 @ https://yurigarden.com/assets/index-CUTVLur8.js:16
[ 1029086ms] [WARNING] You don't have permission to use DEVTOOL!【type = 6】 @ https://yurigarden.com/assets/index-CUTVLur8.js:16
[ 1029588ms] [WARNING] You don't have permission to use DEVTOOL!【type = 6】 @ https://yurigarden.com/assets/index-CUTVLur8.js:16
[ 1030087ms] [WARNING] You don't have permission to use DEVTOOL!【type = 6】 @ https://yurigarden.com/assets/index-CUTVLur8.js:16
[ 1030587ms] [WARNING] You don't have permission to use DEVTOOL!【type = 6】 @ https://yurigarden.com/assets/index-CUTVLur8.js:16
[ 1031084ms] [WARNING] You don't have permission to use DEVTOOL!【type = 6】 @ https://yurigarden.com/assets/index-CUTVLur8.js:16
[ 1031575ms] [WARNING] You don't have permission to use DEVTOOL!【type = 6】 @ https://yurigarden.com/assets/index-CUTVLur8.js:16
[ 1032079ms] [WARNING] You don't have permission to use DEVTOOL!【type = 6】 @ https://yurigarden.com/assets/index-CUTVLur8.js:16
[ 1032586ms] [WARNING] You don't have permission to use DEVTOOL!【type = 6】 @ https://yurigarden.com/assets/index-CUTVLur8.js:16
[ 1033080ms] [WARNING] You don't have permission to use DEVTOOL!【type = 6】 @ https://yurigarden.com/assets/index-CUTVLur8.js:16
[ 1033580ms] [WARNING] You don't have permission to use DEVTOOL!【type = 6】 @ https://yurigarden.com/assets/index-CUTVLur8.js:16
[ 1034093ms] [WARNING] You don't have permission to use DEVTOOL!【type = 6】 @ https://yurigarden.com/assets/index-CUTVLur8.js:16
[ 1034591ms] [WARNING] You don't have permission to use DEVTOOL!【type = 6】 @ https://yurigarden.com/assets/index-CUTVLur8.js:16
[ 1035088ms] [WARNING] You don't have permission to use DEVTOOL!【type = 6】 @ https://yurigarden.com/assets/index-CUTVLur8.js:16
[ 1035584ms] [WARNING] You don't have permission to use DEVTOOL!【type = 6】 @ https://yurigarden.com/assets/index-CUTVLur8.js:16
[ 1036091ms] [WARNING] You don't have permission to use DEVTOOL!【type = 6】 @ https://yurigarden.com/assets/index-CUTVLur8.js:16
[ 1036583ms] [WARNING] You don't have permission to use DEVTOOL!【type = 6】 @ https://yurigarden.com/assets/index-CUTVLur8.js:16
[ 1037086ms] [WARNING] You don't have permission to use DEVTOOL!【type = 6】 @ https://yurigarden.com/assets/index-CUTVLur8.js:16
[ 1037580ms] [WARNING] You don't have permission to use DEVTOOL!【type = 6】 @ https://yurigarden.com/assets/index-CUTVLur8.js:16
[ 1038081ms] [WARNING] You don't have permission to use DEVTOOL!【type = 6】 @ https://yurigarden.com/assets/index-CUTVLur8.js:16
[ 1038583ms] [WARNING] You don't have permission to use DEVTOOL!【type = 6】 @ https://yurigarden.com/assets/index-CUTVLur8.js:16
[ 1039089ms] [WARNING] You don't have permission to use DEVTOOL!【type = 6】 @ https://yurigarden.com/assets/index-CUTVLur8.js:16
[ 1039584ms] [WARNING] You don't have permission to use DEVTOOL!【type = 6】 @ https://yurigarden.com/assets/index-CUTVLur8.js:16
[ 1040086ms] [WARNING] You don't have permission to use DEVTOOL!【type = 6】 @ https://yurigarden.com/assets/index-CUTVLur8.js:16
[ 1040581ms] [WARNING] You don't have permission to use DEVTOOL!【type = 6】 @ https://yurigarden.com/assets/index-CUTVLur8.js:16
[ 1041077ms] [WARNING] You don't have permission to use DEVTOOL!【type = 6】 @ https://yurigarden.com/assets/index-CUTVLur8.js:16
[ 1041575ms] [WARNING] You don't have permission to use DEVTOOL!【type = 6】 @ https://yurigarden.com/assets/index-CUTVLur8.js:16
[ 1042074ms] [WARNING] You don't have permission to use DEVTOOL!【type = 6】 @ https://yurigarden.com/assets/index-CUTVLur8.js:16
[ 1042580ms] [WARNING] You don't have permission to use DEVTOOL!【type = 6】 @ https://yurigarden.com/assets/index-CUTVLur8.js:16
[ 1043101ms] [WARNING] You don't have permission to use DEVTOOL!【type = 6】 @ https://yurigarden.com/assets/index-CUTVLur8.js:16
[ 1043581ms] [WARNING] You don't have permission to use DEVTOOL!【type = 6】 @ https://yurigarden.com/assets/index-CUTVLur8.js:16
[ 1044084ms] [WARNING] You don't have permission to use DEVTOOL!【type = 6】 @ https://yurigarden.com/assets/index-CUTVLur8.js:16
[ 1044580ms] [WARNING] You don't have permission to use DEVTOOL!【type = 6】 @ https://yurigarden.com/assets/index-CUTVLur8.js:16
[ 1045083ms] [WARNING] You don't have permission to use DEVTOOL!【type = 6】 @ https://yurigarden.com/assets/index-CUTVLur8.js:16
[ 1045582ms] [WARNING] You don't have permission to use DEVTOOL!【type = 6】 @ https://yurigarden.com/assets/index-CUTVLur8.js:16
[ 1046079ms] [WARNING] You don't have permission to use DEVTOOL!【type = 6】 @ https://yurigarden.com/assets/index-CUTVLur8.js:16
[ 1046586ms] [WARNING] You don't have permission to use DEVTOOL!【type = 6】 @ https://yurigarden.com/assets/index-CUTVLur8.js:16
[ 1047096ms] [WARNING] You don't have permission to use DEVTOOL!【type = 6】 @ https://yurigarden.com/assets/index-CUTVLur8.js:16
[ 1047586ms] [WARNING] You don't have permission to use DEVTOOL!【type = 6】 @ https://yurigarden.com/assets/index-CUTVLur8.js:16
[ 1048081ms] [WARNING] You don't have permission to use DEVTOOL!【type = 6】 @ https://yurigarden.com/assets/index-CUTVLur8.js:16
[ 1048586ms] [WARNING] You don't have permission to use DEVTOOL!【type = 6】 @ https://yurigarden.com/assets/index-CUTVLur8.js:16
[ 1049085ms] [WARNING] You don't have permission to use DEVTOOL!【type = 6】 @ https://yurigarden.com/assets/index-CUTVLur8.js:16
[ 1049595ms] [WARNING] You don't have permission to use DEVTOOL!【type = 6】 @ https://yurigarden.com/assets/index-CUTVLur8.js:16
[ 1050106ms] [WARNING] You don't have permission to use DEVTOOL!【type = 6】 @ https://yurigarden.com/assets/index-CUTVLur8.js:16
[ 1050591ms] [WARNING] You don't have permission to use DEVTOOL!【type = 6】 @ https://yurigarden.com/assets/index-CUTVLur8.js:16
[ 1051093ms] [WARNING] You don't have permission to use DEVTOOL!【type = 6】 @ https://yurigarden.com/assets/index-CUTVLur8.js:16
[ 1051594ms] [WARNING] You don't have permission to use DEVTOOL!【type = 6】 @ https://yurigarden.com/assets/index-CUTVLur8.js:16
[ 1052083ms] [WARNING] You don't have permission to use DEVTOOL!【type = 6】 @ https://yurigarden.com/assets/index-CUTVLur8.js:16
[ 1052602ms] [WARNING] You don't have permission to use DEVTOOL!【type = 6】 @ https://yurigarden.com/assets/index-CUTVLur8.js:16
[ 1053086ms] [WARNING] You don't have permission to use DEVTOOL!【type = 6】 @ https://yurigarden.com/assets/index-CUTVLur8.js:16
[ 1053591ms] [WARNING] You don't have permission to use DEVTOOL!【type = 6】 @ https://yurigarden.com/assets/index-CUTVLur8.js:16
[ 1054094ms] [WARNING] You don't have permission to use DEVTOOL!【type = 6】 @ https://yurigarden.com/assets/index-CUTVLur8.js:16
[ 1054586ms] [WARNING] You don't have permission to use DEVTOOL!【type = 6】 @ https://yurigarden.com/assets/index-CUTVLur8.js:16
[ 1055089ms] [WARNING] You don't have permission to use DEVTOOL!【type = 6】 @ https://yurigarden.com/assets/index-CUTVLur8.js:16
[ 1055583ms] [WARNING] You don't have permission to use DEVTOOL!【type = 6】 @ https://yurigarden.com/assets/index-CUTVLur8.js:16
[ 1056092ms] [WARNING] You don't have permission to use DEVTOOL!【type = 6】 @ https://yurigarden.com/assets/index-CUTVLur8.js:16
[ 1056591ms] [WARNING] You don't have permission to use DEVTOOL!【type = 6】 @ https://yurigarden.com/assets/index-CUTVLur8.js:16
[ 1057085ms] [WARNING] You don't have permission to use DEVTOOL!【type = 6】 @ https://yurigarden.com/assets/index-CUTVLur8.js:16
[ 1057588ms] [WARNING] You don't have permission to use DEVTOOL!【type = 6】 @ https://yurigarden.com/assets/index-CUTVLur8.js:16
[ 1058082ms] [WARNING] You don't have permission to use DEVTOOL!【type = 6】 @ https://yurigarden.com/assets/index-CUTVLur8.js:16
[ 1058579ms] [WARNING] You don't have permission to use DEVTOOL!【type = 6】 @ https://yurigarden.com/assets/index-CUTVLur8.js:16
[ 1059078ms] [WARNING] You don't have permission to use DEVTOOL!【type = 6】 @ https://yurigarden.com/assets/index-CUTVLur8.js:16
[ 1059589ms] [WARNING] You don't have permission to use DEVTOOL!【type = 6】 @ https://yurigarden.com/assets/index-CUTVLur8.js:16
[ 1060086ms] [WARNING] You don't have permission to use DEVTOOL!【type = 6】 @ https://yurigarden.com/assets/index-CUTVLur8.js:16
[ 1060578ms] [WARNING] You don't have permission to use DEVTOOL!【type = 6】 @ https://yurigarden.com/assets/index-CUTVLur8.js:16
[ 1061077ms] [WARNING] You don't have permission to use DEVTOOL!【type = 6】 @ https://yurigarden.com/assets/index-CUTVLur8.js:16
[ 1061596ms] [WARNING] You don't have permission to use DEVTOOL!【type = 6】 @ https://yurigarden.com/assets/index-CUTVLur8.js:16
[ 1062084ms] [WARNING] You don't have permission to use DEVTOOL!【type = 6】 @ https://yurigarden.com/assets/index-CUTVLur8.js:16
[ 1062587ms] [WARNING] You don't have permission to use DEVTOOL!【type = 6】 @ https://yurigarden.com/assets/index-CUTVLur8.js:16
[ 1063091ms] [WARNING] You don't have permission to use DEVTOOL!【type = 6】 @ https://yurigarden.com/assets/index-CUTVLur8.js:16
[ 1063589ms] [WARNING] You don't have permission to use DEVTOOL!【type = 6】 @ https://yurigarden.com/assets/index-CUTVLur8.js:16
[ 1064106ms] [WARNING] You don't have permission to use DEVTOOL!【type = 6】 @ https://yurigarden.com/assets/index-CUTVLur8.js:16
[ 1064609ms] [WARNING] You don't have permission to use DEVTOOL!【type = 6】 @ https://yurigarden.com/assets/index-CUTVLur8.js:16
[ 1065111ms] [WARNING] You don't have permission to use DEVTOOL!【type = 6】 @ https://yurigarden.com/assets/index-CUTVLur8.js:16
[ 1065601ms] [WARNING] You don't have permission to use DEVTOOL!【type = 6】 @ https://yurigarden.com/assets/index-CUTVLur8.js:16
[ 1066096ms] [WARNING] You don't have permission to use DEVTOOL!【type = 6】 @ https://yurigarden.com/assets/index-CUTVLur8.js:16
[ 1066593ms] [WARNING] You don't have permission to use DEVTOOL!【type = 6】 @ https://yurigarden.com/assets/index-CUTVLur8.js:16
[ 1067091ms] [WARNING] You don't have permission to use DEVTOOL!【type = 6】 @ https://yurigarden.com/assets/index-CUTVLur8.js:16
[ 1067586ms] [WARNING] You don't have permission to use DEVTOOL!【type = 6】 @ https://yurigarden.com/assets/index-CUTVLur8.js:16
[ 1068083ms] [WARNING] You don't have permission to use DEVTOOL!【type = 6】 @ https://yurigarden.com/assets/index-CUTVLur8.js:16
[ 1068582ms] [WARNING] You don't have permission to use DEVTOOL!【type = 6】 @ https://yurigarden.com/assets/index-CUTVLur8.js:16
[ 1069089ms] [WARNING] You don't have permission to use DEVTOOL!【type = 6】 @ https://yurigarden.com/assets/index-CUTVLur8.js:16
[ 1069586ms] [WARNING] You don't have permission to use DEVTOOL!【type = 6】 @ https://yurigarden.com/assets/index-CUTVLur8.js:16
[ 1070091ms] [WARNING] You don't have permission to use DEVTOOL!【type = 6】 @ https://yurigarden.com/assets/index-CUTVLur8.js:16
[ 1070583ms] [WARNING] You don't have permission to use DEVTOOL!【type = 6】 @ https://yurigarden.com/assets/index-CUTVLur8.js:16
[ 1071087ms] [WARNING] You don't have permission to use DEVTOOL!【type = 6】 @ https://yurigarden.com/assets/index-CUTVLur8.js:16
[ 1071582ms] [WARNING] You don't have permission to use DEVTOOL!【type = 6】 @ https://yurigarden.com/assets/index-CUTVLur8.js:16
[ 1072086ms] [WARNING] You don't have permission to use DEVTOOL!【type = 6】 @ https://yurigarden.com/assets/index-CUTVLur8.js:16
[ 1072589ms] [WARNING] You don't have permission to use DEVTOOL!【type = 6】 @ https://yurigarden.com/assets/index-CUTVLur8.js:16
[ 1073083ms] [WARNING] You don't have permission to use DEVTOOL!【type = 6】 @ https://yurigarden.com/assets/index-CUTVLur8.js:16
[ 1073582ms] [WARNING] You don't have permission to use DEVTOOL!【type = 6】 @ https://yurigarden.com/assets/index-CUTVLur8.js:16
[ 1074084ms] [WARNING] You don't have permission to use DEVTOOL!【type = 6】 @ https://yurigarden.com/assets/index-CUTVLur8.js:16
[ 1074575ms] [WARNING] You don't have permission to use DEVTOOL!【type = 6】 @ https://yurigarden.com/assets/index-CUTVLur8.js:16
[ 1075084ms] [WARNING] You don't have permission to use DEVTOOL!【type = 6】 @ https://yurigarden.com/assets/index-CUTVLur8.js:16
[ 1075587ms] [WARNING] You don't have permission to use DEVTOOL!【type = 6】 @ https://yurigarden.com/assets/index-CUTVLur8.js:16
[ 1076087ms] [WARNING] You don't have permission to use DEVTOOL!【type = 6】 @ https://yurigarden.com/assets/index-CUTVLur8.js:16
[ 1076587ms] [WARNING] You don't have permission to use DEVTOOL!【type = 6】 @ https://yurigarden.com/assets/index-CUTVLur8.js:16
[ 1077084ms] [WARNING] You don't have permission to use DEVTOOL!【type = 6】 @ https://yurigarden.com/assets/index-CUTVLur8.js:16
[ 1077584ms] [WARNING] You don't have permission to use DEVTOOL!【type = 6】 @ https://yurigarden.com/assets/index-CUTVLur8.js:16
[ 1078079ms] [WARNING] You don't have permission to use DEVTOOL!【type = 6】 @ https://yurigarden.com/assets/index-CUTVLur8.js:16
[ 1078595ms] [WARNING] You don't have permission to use DEVTOOL!【type = 6】 @ https://yurigarden.com/assets/index-CUTVLur8.js:16
[ 1079091ms] [WARNING] You don't have permission to use DEVTOOL!【type = 6】 @ https://yurigarden.com/assets/index-CUTVLur8.js:16
[ 1079592ms] [WARNING] You don't have permission to use DEVTOOL!【type = 6】 @ https://yurigarden.com/assets/index-CUTVLur8.js:16
[ 1080092ms] [WARNING] You don't have permission to use DEVTOOL!【type = 6】 @ https://yurigarden.com/assets/index-CUTVLur8.js:16
[ 1080589ms] [WARNING] You don't have permission to use DEVTOOL!【type = 6】 @ https://yurigarden.com/assets/index-CUTVLur8.js:16
[ 1081086ms] [WARNING] You don't have permission to use DEVTOOL!【type = 6】 @ https://yurigarden.com/assets/index-CUTVLur8.js:16
[ 1081575ms] [WARNING] You don't have permission to use DEVTOOL!【type = 6】 @ https://yurigarden.com/assets/index-CUTVLur8.js:16
[ 1082077ms] [WARNING] You don't have permission to use DEVTOOL!【type = 6】 @ https://yurigarden.com/assets/index-CUTVLur8.js:16
[ 1082581ms] [WARNING] You don't have permission to use DEVTOOL!【type = 6】 @ https://yurigarden.com/assets/index-CUTVLur8.js:16
[ 1083086ms] [WARNING] You don't have permission to use DEVTOOL!【type = 6】 @ https://yurigarden.com/assets/index-CUTVLur8.js:16
[ 1083581ms] [WARNING] You don't have permission to use DEVTOOL!【type = 6】 @ https://yurigarden.com/assets/index-CUTVLur8.js:16
[ 1084088ms] [WARNING] You don't have permission to use DEVTOOL!【type = 6】 @ https://yurigarden.com/assets/index-CUTVLur8.js:16
[ 1084579ms] [WARNING] You don't have permission to use DEVTOOL!【type = 6】 @ https://yurigarden.com/assets/index-CUTVLur8.js:16
[ 1085083ms] [WARNING] You don't have permission to use DEVTOOL!【type = 6】 @ https://yurigarden.com/assets/index-CUTVLur8.js:16
[ 1085582ms] [WARNING] You don't have permission to use DEVTOOL!【type = 6】 @ https://yurigarden.com/assets/index-CUTVLur8.js:16
[ 1086094ms] [WARNING] You don't have permission to use DEVTOOL!【type = 6】 @ https://yurigarden.com/assets/index-CUTVLur8.js:16
[ 1086581ms] [WARNING] You don't have permission to use DEVTOOL!【type = 6】 @ https://yurigarden.com/assets/index-CUTVLur8.js:16
[ 1087082ms] [WARNING] You don't have permission to use DEVTOOL!【type = 6】 @ https://yurigarden.com/assets/index-CUTVLur8.js:16
[ 1087582ms] [WARNING] You don't have permission to use DEVTOOL!【type = 6】 @ https://yurigarden.com/assets/index-CUTVLur8.js:16
[ 1088082ms] [WARNING] You don't have permission to use DEVTOOL!【type = 6】 @ https://yurigarden.com/assets/index-CUTVLur8.js:16
[ 1088582ms] [WARNING] You don't have permission to use DEVTOOL!【type = 6】 @ https://yurigarden.com/assets/index-CUTVLur8.js:16
[ 1089079ms] [WARNING] You don't have permission to use DEVTOOL!【type = 6】 @ https://yurigarden.com/assets/index-CUTVLur8.js:16
[ 1089576ms] [WARNING] You don't have permission to use DEVTOOL!【type = 6】 @ https://yurigarden.com/assets/index-CUTVLur8.js:16
[ 1090083ms] [WARNING] You don't have permission to use DEVTOOL!【type = 6】 @ https://yurigarden.com/assets/index-CUTVLur8.js:16
[ 1090582ms] [WARNING] You don't have permission to use DEVTOOL!【type = 6】 @ https://yurigarden.com/assets/index-CUTVLur8.js:16
[ 1091082ms] [WARNING] You don't have permission to use DEVTOOL!【type = 6】 @ https://yurigarden.com/assets/index-CUTVLur8.js:16
[ 1091576ms] [WARNING] You don't have permission to use DEVTOOL!【type = 6】 @ https://yurigarden.com/assets/index-CUTVLur8.js:16
[ 1092090ms] [WARNING] You don't have permission to use DEVTOOL!【type = 6】 @ https://yurigarden.com/assets/index-CUTVLur8.js:16
[ 1092591ms] [WARNING] You don't have permission to use DEVTOOL!【type = 6】 @ https://yurigarden.com/assets/index-CUTVLur8.js:16
[ 1093089ms] [WARNING] You don't have permission to use DEVTOOL!【type = 6】 @ https://yurigarden.com/assets/index-CUTVLur8.js:16
[ 1093582ms] [WARNING] You don't have permission to use DEVTOOL!【type = 6】 @ https://yurigarden.com/assets/index-CUTVLur8.js:16
[ 1094084ms] [WARNING] You don't have permission to use DEVTOOL!【type = 6】 @ https://yurigarden.com/assets/index-CUTVLur8.js:16
[ 1094584ms] [WARNING] You don't have permission to use DEVTOOL!【type = 6】 @ https://yurigarden.com/assets/index-CUTVLur8.js:16
[ 1095079ms] [WARNING] You don't have permission to use DEVTOOL!【type = 6】 @ https://yurigarden.com/assets/index-CUTVLur8.js:16
[ 1095579ms] [WARNING] You don't have permission to use DEVTOOL!【type = 6】 @ https://yurigarden.com/assets/index-CUTVLur8.js:16
[ 1096080ms] [WARNING] You don't have permission to use DEVTOOL!【type = 6】 @ https://yurigarden.com/assets/index-CUTVLur8.js:16
[ 1096582ms] [WARNING] You don't have permission to use DEVTOOL!【type = 6】 @ https://yurigarden.com/assets/index-CUTVLur8.js:16
[ 1097078ms] [WARNING] You don't have permission to use DEVTOOL!【type = 6】 @ https://yurigarden.com/assets/index-CUTVLur8.js:16
[ 1097597ms] [WARNING] You don't have permission to use DEVTOOL!【type = 6】 @ https://yurigarden.com/assets/index-CUTVLur8.js:16
[ 1098083ms] [WARNING] You don't have permission to use DEVTOOL!【type = 6】 @ https://yurigarden.com/assets/index-CUTVLur8.js:16
[ 1098579ms] [WARNING] You don't have permission to use DEVTOOL!【type = 6】 @ https://yurigarden.com/assets/index-CUTVLur8.js:16
[ 1099085ms] [WARNING] You don't have permission to use DEVTOOL!【type = 6】 @ https://yurigarden.com/assets/index-CUTVLur8.js:16
[ 1099588ms] [WARNING] You don't have permission to use DEVTOOL!【type = 6】 @ https://yurigarden.com/assets/index-CUTVLur8.js:16
[ 1100099ms] [WARNING] You don't have permission to use DEVTOOL!【type = 6】 @ https://yurigarden.com/assets/index-CUTVLur8.js:16
[ 1100588ms] [WARNING] You don't have permission to use DEVTOOL!【type = 6】 @ https://yurigarden.com/assets/index-CUTVLur8.js:16
[ 1101078ms] [WARNING] You don't have permission to use DEVTOOL!【type = 6】 @ https://yurigarden.com/assets/index-CUTVLur8.js:16
[ 1101577ms] [WARNING] You don't have permission to use DEVTOOL!【type = 6】 @ https://yurigarden.com/assets/index-CUTVLur8.js:16
[ 1102085ms] [WARNING] You don't have permission to use DEVTOOL!【type = 6】 @ https://yurigarden.com/assets/index-CUTVLur8.js:16
[ 1102584ms] [WARNING] You don't have permission to use DEVTOOL!【type = 6】 @ https://yurigarden.com/assets/index-CUTVLur8.js:16
[ 1103077ms] [WARNING] You don't have permission to use DEVTOOL!【type = 6】 @ https://yurigarden.com/assets/index-CUTVLur8.js:16
[ 1103578ms] [WARNING] You don't have permission to use DEVTOOL!【type = 6】 @ https://yurigarden.com/assets/index-CUTVLur8.js:16
[ 1104082ms] [WARNING] You don't have permission to use DEVTOOL!【type = 6】 @ https://yurigarden.com/assets/index-CUTVLur8.js:16
[ 1104579ms] [WARNING] You don't have permission to use DEVTOOL!【type = 6】 @ https://yurigarden.com/assets/index-CUTVLur8.js:16
[ 1105085ms] [WARNING] You don't have permission to use DEVTOOL!【type = 6】 @ https://yurigarden.com/assets/index-CUTVLur8.js:16
[ 1105580ms] [WARNING] You don't have permission to use DEVTOOL!【type = 6】 @ https://yurigarden.com/assets/index-CUTVLur8.js:16
[ 1106088ms] [WARNING] You don't have permission to use DEVTOOL!【type = 6】 @ https://yurigarden.com/assets/index-CUTVLur8.js:16
[ 1106586ms] [WARNING] You don't have permission to use DEVTOOL!【type = 6】 @ https://yurigarden.com/assets/index-CUTVLur8.js:16
[ 1107085ms] [WARNING] You don't have permission to use DEVTOOL!【type = 6】 @ https://yurigarden.com/assets/index-CUTVLur8.js:16
[ 1107597ms] [WARNING] You don't have permission to use DEVTOOL!【type = 6】 @ https://yurigarden.com/assets/index-CUTVLur8.js:16
[ 1108086ms] [WARNING] You don't have permission to use DEVTOOL!【type = 6】 @ https://yurigarden.com/assets/index-CUTVLur8.js:16
[ 1108581ms] [WARNING] You don't have permission to use DEVTOOL!【type = 6】 @ https://yurigarden.com/assets/index-CUTVLur8.js:16
[ 1109080ms] [WARNING] You don't have permission to use DEVTOOL!【type = 6】 @ https://yurigarden.com/assets/index-CUTVLur8.js:16
[ 1109586ms] [WARNING] You don't have permission to use DEVTOOL!【type = 6】 @ https://yurigarden.com/assets/index-CUTVLur8.js:16
[ 1110080ms] [WARNING] You don't have permission to use DEVTOOL!【type = 6】 @ https://yurigarden.com/assets/index-CUTVLur8.js:16
[ 1110580ms] [WARNING] You don't have permission to use DEVTOOL!【type = 6】 @ https://yurigarden.com/assets/index-CUTVLur8.js:16
[ 1111081ms] [WARNING] You don't have permission to use DEVTOOL!【type = 6】 @ https://yurigarden.com/assets/index-CUTVLur8.js:16
[ 1111581ms] [WARNING] You don't have permission to use DEVTOOL!【type = 6】 @ https://yurigarden.com/assets/index-CUTVLur8.js:16
[ 1112079ms] [WARNING] You don't have permission to use DEVTOOL!【type = 6】 @ https://yurigarden.com/assets/index-CUTVLur8.js:16
[ 1112585ms] [WARNING] You don't have permission to use DEVTOOL!【type = 6】 @ https://yurigarden.com/assets/index-CUTVLur8.js:16
[ 1113081ms] [WARNING] You don't have permission to use DEVTOOL!【type = 6】 @ https://yurigarden.com/assets/index-CUTVLur8.js:16
[ 1113584ms] [WARNING] You don't have permission to use DEVTOOL!【type = 6】 @ https://yurigarden.com/assets/index-CUTVLur8.js:16
[ 1114082ms] [WARNING] You don't have permission to use DEVTOOL!【type = 6】 @ https://yurigarden.com/assets/index-CUTVLur8.js:16
[ 1114584ms] [WARNING] You don't have permission to use DEVTOOL!【type = 6】 @ https://yurigarden.com/assets/index-CUTVLur8.js:16
[ 1115081ms] [WARNING] You don't have permission to use DEVTOOL!【type = 6】 @ https://yurigarden.com/assets/index-CUTVLur8.js:16
[ 1115578ms] [WARNING] You don't have permission to use DEVTOOL!【type = 6】 @ https://yurigarden.com/assets/index-CUTVLur8.js:16
[ 1116087ms] [WARNING] You don't have permission to use DEVTOOL!【type = 6】 @ https://yurigarden.com/assets/index-CUTVLur8.js:16
[ 1116576ms] [WARNING] You don't have permission to use DEVTOOL!【type = 6】 @ https://yurigarden.com/assets/index-CUTVLur8.js:16
[ 1117080ms] [WARNING] You don't have permission to use DEVTOOL!【type = 6】 @ https://yurigarden.com/assets/index-CUTVLur8.js:16
[ 1117579ms] [WARNING] You don't have permission to use DEVTOOL!【type = 6】 @ https://yurigarden.com/assets/index-CUTVLur8.js:16
[ 1118082ms] [WARNING] You don't have permission to use DEVTOOL!【type = 6】 @ https://yurigarden.com/assets/index-CUTVLur8.js:16
[ 1118585ms] [WARNING] You don't have permission to use DEVTOOL!【type = 6】 @ https://yurigarden.com/assets/index-CUTVLur8.js:16
[ 1119081ms] [WARNING] You don't have permission to use DEVTOOL!【type = 6】 @ https://yurigarden.com/assets/index-CUTVLur8.js:16
[ 1119588ms] [WARNING] You don't have permission to use DEVTOOL!【type = 6】 @ https://yurigarden.com/assets/index-CUTVLur8.js:16
[ 1120091ms] [WARNING] You don't have permission to use DEVTOOL!【type = 6】 @ https://yurigarden.com/assets/index-CUTVLur8.js:16
[ 1120588ms] [WARNING] You don't have permission to use DEVTOOL!【type = 6】 @ https://yurigarden.com/assets/index-CUTVLur8.js:16
[ 1121081ms] [WARNING] You don't have permission to use DEVTOOL!【type = 6】 @ https://yurigarden.com/assets/index-CUTVLur8.js:16
[ 1121595ms] [WARNING] You don't have permission to use DEVTOOL!【type = 6】 @ https://yurigarden.com/assets/index-CUTVLur8.js:16
[ 1122093ms] [WARNING] You don't have permission to use DEVTOOL!【type = 6】 @ https://yurigarden.com/assets/index-CUTVLur8.js:16
[ 1122584ms] [WARNING] You don't have permission to use DEVTOOL!【type = 6】 @ https://yurigarden.com/assets/index-CUTVLur8.js:16
[ 1123083ms] [WARNING] You don't have permission to use DEVTOOL!【type = 6】 @ https://yurigarden.com/assets/index-CUTVLur8.js:16
[ 1123590ms] [WARNING] You don't have permission to use DEVTOOL!【type = 6】 @ https://yurigarden.com/assets/index-CUTVLur8.js:16
[ 1124085ms] [WARNING] You don't have permission to use DEVTOOL!【type = 6】 @ https://yurigarden.com/assets/index-CUTVLur8.js:16
[ 1124585ms] [WARNING] You don't have permission to use DEVTOOL!【type = 6】 @ https://yurigarden.com/assets/index-CUTVLur8.js:16
[ 1125090ms] [WARNING] You don't have permission to use DEVTOOL!【type = 6】 @ https://yurigarden.com/assets/index-CUTVLur8.js:16
[ 1125587ms] [WARNING] You don't have permission to use DEVTOOL!【type = 6】 @ https://yurigarden.com/assets/index-CUTVLur8.js:16
[ 1126093ms] [WARNING] You don't have permission to use DEVTOOL!【type = 6】 @ https://yurigarden.com/assets/index-CUTVLur8.js:16
[ 1126584ms] [WARNING] You don't have permission to use DEVTOOL!【type = 6】 @ https://yurigarden.com/assets/index-CUTVLur8.js:16
[ 1127082ms] [WARNING] You don't have permission to use DEVTOOL!【type = 6】 @ https://yurigarden.com/assets/index-CUTVLur8.js:16
[ 1127586ms] [WARNING] You don't have permission to use DEVTOOL!【type = 6】 @ https://yurigarden.com/assets/index-CUTVLur8.js:16
[ 1128083ms] [WARNING] You don't have permission to use DEVTOOL!【type = 6】 @ https://yurigarden.com/assets/index-CUTVLur8.js:16
[ 1128582ms] [WARNING] You don't have permission to use DEVTOOL!【type = 6】 @ https://yurigarden.com/assets/index-CUTVLur8.js:16
[ 1129087ms] [WARNING] You don't have permission to use DEVTOOL!【type = 6】 @ https://yurigarden.com/assets/index-CUTVLur8.js:16
[ 1129583ms] [WARNING] You don't have permission to use DEVTOOL!【type = 6】 @ https://yurigarden.com/assets/index-CUTVLur8.js:16
[ 1130084ms] [WARNING] You don't have permission to use DEVTOOL!【type = 6】 @ https://yurigarden.com/assets/index-CUTVLur8.js:16
[ 1130587ms] [WARNING] You don't have permission to use DEVTOOL!【type = 6】 @ https://yurigarden.com/assets/index-CUTVLur8.js:16
[ 1131085ms] [WARNING] You don't have permission to use DEVTOOL!【type = 6】 @ https://yurigarden.com/assets/index-CUTVLur8.js:16
[ 1131587ms] [WARNING] You don't have permission to use DEVTOOL!【type = 6】 @ https://yurigarden.com/assets/index-CUTVLur8.js:16
[ 1132089ms] [WARNING] You don't have permission to use DEVTOOL!【type = 6】 @ https://yurigarden.com/assets/index-CUTVLur8.js:16
[ 1132589ms] [WARNING] You don't have permission to use DEVTOOL!【type = 6】 @ https://yurigarden.com/assets/index-CUTVLur8.js:16
[ 1133088ms] [WARNING] You don't have permission to use DEVTOOL!【type = 6】 @ https://yurigarden.com/assets/index-CUTVLur8.js:16
[ 1133587ms] [WARNING] You don't have permission to use DEVTOOL!【type = 6】 @ https://yurigarden.com/assets/index-CUTVLur8.js:16
[ 1134087ms] [WARNING] You don't have permission to use DEVTOOL!【type = 6】 @ https://yurigarden.com/assets/index-CUTVLur8.js:16
[ 1134585ms] [WARNING] You don't have permission to use DEVTOOL!【type = 6】 @ https://yurigarden.com/assets/index-CUTVLur8.js:16
[ 1135088ms] [WARNING] You don't have permission to use DEVTOOL!【type = 6】 @ https://yurigarden.com/assets/index-CUTVLur8.js:16
[ 1135591ms] [WARNING] You don't have permission to use DEVTOOL!【type = 6】 @ https://yurigarden.com/assets/index-CUTVLur8.js:16
[ 1136092ms] [WARNING] You don't have permission to use DEVTOOL!【type = 6】 @ https://yurigarden.com/assets/index-CUTVLur8.js:16
[ 1136594ms] [WARNING] You don't have permission to use DEVTOOL!【type = 6】 @ https://yurigarden.com/assets/index-CUTVLur8.js:16
[ 1137102ms] [WARNING] You don't have permission to use DEVTOOL!【type = 6】 @ https://yurigarden.com/assets/index-CUTVLur8.js:16
[ 1137592ms] [WARNING] You don't have permission to use DEVTOOL!【type = 6】 @ https://yurigarden.com/assets/index-CUTVLur8.js:16
[ 1138094ms] [WARNING] You don't have permission to use DEVTOOL!【type = 6】 @ https://yurigarden.com/assets/index-CUTVLur8.js:16
[ 1138585ms] [WARNING] You don't have permission to use DEVTOOL!【type = 6】 @ https://yurigarden.com/assets/index-CUTVLur8.js:16
[ 1139089ms] [WARNING] You don't have permission to use DEVTOOL!【type = 6】 @ https://yurigarden.com/assets/index-CUTVLur8.js:16
[ 1139585ms] [WARNING] You don't have permission to use DEVTOOL!【type = 6】 @ https://yurigarden.com/assets/index-CUTVLur8.js:16
[ 1140096ms] [WARNING] You don't have permission to use DEVTOOL!【type = 6】 @ https://yurigarden.com/assets/index-CUTVLur8.js:16
[ 1140591ms] [WARNING] You don't have permission to use DEVTOOL!【type = 6】 @ https://yurigarden.com/assets/index-CUTVLur8.js:16
[ 1141084ms] [WARNING] You don't have permission to use DEVTOOL!【type = 6】 @ https://yurigarden.com/assets/index-CUTVLur8.js:16
[ 1141585ms] [WARNING] You don't have permission to use DEVTOOL!【type = 6】 @ https://yurigarden.com/assets/index-CUTVLur8.js:16
[ 1142086ms] [WARNING] You don't have permission to use DEVTOOL!【type = 6】 @ https://yurigarden.com/assets/index-CUTVLur8.js:16
[ 1142586ms] [WARNING] You don't have permission to use DEVTOOL!【type = 6】 @ https://yurigarden.com/assets/index-CUTVLur8.js:16
[ 1143090ms] [WARNING] You don't have permission to use DEVTOOL!【type = 6】 @ https://yurigarden.com/assets/index-CUTVLur8.js:16
[ 1143589ms] [WARNING] You don't have permission to use DEVTOOL!【type = 6】 @ https://yurigarden.com/assets/index-CUTVLur8.js:16
[ 1144088ms] [WARNING] You don't have permission to use DEVTOOL!【type = 6】 @ https://yurigarden.com/assets/index-CUTVLur8.js:16
[ 1144576ms] [WARNING] You don't have permission to use DEVTOOL!【type = 6】 @ https://yurigarden.com/assets/index-CUTVLur8.js:16
[ 1145081ms] [WARNING] You don't have permission to use DEVTOOL!【type = 6】 @ https://yurigarden.com/assets/index-CUTVLur8.js:16
[ 1145586ms] [WARNING] You don't have permission to use DEVTOOL!【type = 6】 @ https://yurigarden.com/assets/index-CUTVLur8.js:16
[ 1146089ms] [WARNING] You don't have permission to use DEVTOOL!【type = 6】 @ https://yurigarden.com/assets/index-CUTVLur8.js:16
[ 1146591ms] [WARNING] You don't have permission to use DEVTOOL!【type = 6】 @ https://yurigarden.com/assets/index-CUTVLur8.js:16
[ 1147082ms] [WARNING] You don't have permission to use DEVTOOL!【type = 6】 @ https://yurigarden.com/assets/index-CUTVLur8.js:16
[ 1147587ms] [WARNING] You don't have permission to use DEVTOOL!【type = 6】 @ https://yurigarden.com/assets/index-CUTVLur8.js:16
[ 1148080ms] [WARNING] You don't have permission to use DEVTOOL!【type = 6】 @ https://yurigarden.com/assets/index-CUTVLur8.js:16
[ 1148585ms] [WARNING] You don't have permission to use DEVTOOL!【type = 6】 @ https://yurigarden.com/assets/index-CUTVLur8.js:16
[ 1149084ms] [WARNING] You don't have permission to use DEVTOOL!【type = 6】 @ https://yurigarden.com/assets/index-CUTVLur8.js:16
[ 1149584ms] [WARNING] You don't have permission to use DEVTOOL!【type = 6】 @ https://yurigarden.com/assets/index-CUTVLur8.js:16
[ 1150081ms] [WARNING] You don't have permission to use DEVTOOL!【type = 6】 @ https://yurigarden.com/assets/index-CUTVLur8.js:16
[ 1150586ms] [WARNING] You don't have permission to use DEVTOOL!【type = 6】 @ https://yurigarden.com/assets/index-CUTVLur8.js:16
[ 1151090ms] [WARNING] You don't have permission to use DEVTOOL!【type = 6】 @ https://yurigarden.com/assets/index-CUTVLur8.js:16
[ 1151584ms] [WARNING] You don't have permission to use DEVTOOL!【type = 6】 @ https://yurigarden.com/assets/index-CUTVLur8.js:16
[ 1152082ms] [WARNING] You don't have permission to use DEVTOOL!【type = 6】 @ https://yurigarden.com/assets/index-CUTVLur8.js:16
[ 1152587ms] [WARNING] You don't have permission to use DEVTOOL!【type = 6】 @ https://yurigarden.com/assets/index-CUTVLur8.js:16
[ 1153085ms] [WARNING] You don't have permission to use DEVTOOL!【type = 6】 @ https://yurigarden.com/assets/index-CUTVLur8.js:16
[ 1153589ms] [WARNING] You don't have permission to use DEVTOOL!【type = 6】 @ https://yurigarden.com/assets/index-CUTVLur8.js:16
[ 1154094ms] [WARNING] You don't have permission to use DEVTOOL!【type = 6】 @ https://yurigarden.com/assets/index-CUTVLur8.js:16
[ 1154595ms] [WARNING] You don't have permission to use DEVTOOL!【type = 6】 @ https://yurigarden.com/assets/index-CUTVLur8.js:16
[ 1155092ms] [WARNING] You don't have permission to use DEVTOOL!【type = 6】 @ https://yurigarden.com/assets/index-CUTVLur8.js:16
[ 1155595ms] [WARNING] You don't have permission to use DEVTOOL!【type = 6】 @ https://yurigarden.com/assets/index-CUTVLur8.js:16
[ 1156085ms] [WARNING] You don't have permission to use DEVTOOL!【type = 6】 @ https://yurigarden.com/assets/index-CUTVLur8.js:16
[ 1156586ms] [WARNING] You don't have permission to use DEVTOOL!【type = 6】 @ https://yurigarden.com/assets/index-CUTVLur8.js:16
[ 1157094ms] [WARNING] You don't have permission to use DEVTOOL!【type = 6】 @ https://yurigarden.com/assets/index-CUTVLur8.js:16
[ 1157581ms] [WARNING] You don't have permission to use DEVTOOL!【type = 6】 @ https://yurigarden.com/assets/index-CUTVLur8.js:16
[ 1158086ms] [WARNING] You don't have permission to use DEVTOOL!【type = 6】 @ https://yurigarden.com/assets/index-CUTVLur8.js:16
[ 1158588ms] [WARNING] You don't have permission to use DEVTOOL!【type = 6】 @ https://yurigarden.com/assets/index-CUTVLur8.js:16
[ 1159088ms] [WARNING] You don't have permission to use DEVTOOL!【type = 6】 @ https://yurigarden.com/assets/index-CUTVLur8.js:16
[ 1159585ms] [WARNING] You don't have permission to use DEVTOOL!【type = 6】 @ https://yurigarden.com/assets/index-CUTVLur8.js:16
[ 1160088ms] [WARNING] You don't have permission to use DEVTOOL!【type = 6】 @ https://yurigarden.com/assets/index-CUTVLur8.js:16
[ 1160588ms] [WARNING] You don't have permission to use DEVTOOL!【type = 6】 @ https://yurigarden.com/assets/index-CUTVLur8.js:16
[ 1161083ms] [WARNING] You don't have permission to use DEVTOOL!【type = 6】 @ https://yurigarden.com/assets/index-CUTVLur8.js:16
[ 1161587ms] [WARNING] You don't have permission to use DEVTOOL!【type = 6】 @ https://yurigarden.com/assets/index-CUTVLur8.js:16
[ 1162084ms] [WARNING] You don't have permission to use DEVTOOL!【type = 6】 @ https://yurigarden.com/assets/index-CUTVLur8.js:16
[ 1162576ms] [WARNING] You don't have permission to use DEVTOOL!【type = 6】 @ https://yurigarden.com/assets/index-CUTVLur8.js:16
[ 1163091ms] [WARNING] You don't have permission to use DEVTOOL!【type = 6】 @ https://yurigarden.com/assets/index-CUTVLur8.js:16
[ 1163589ms] [WARNING] You don't have permission to use DEVTOOL!【type = 6】 @ https://yurigarden.com/assets/index-CUTVLur8.js:16
[ 1164088ms] [WARNING] You don't have permission to use DEVTOOL!【type = 6】 @ https://yurigarden.com/assets/index-CUTVLur8.js:16
[ 1164585ms] [WARNING] You don't have permission to use DEVTOOL!【type = 6】 @ https://yurigarden.com/assets/index-CUTVLur8.js:16
[ 1165082ms] [WARNING] You don't have permission to use DEVTOOL!【type = 6】 @ https://yurigarden.com/assets/index-CUTVLur8.js:16
[ 1165586ms] [WARNING] You don't have permission to use DEVTOOL!【type = 6】 @ https://yurigarden.com/assets/index-CUTVLur8.js:16
[ 1166093ms] [WARNING] You don't have permission to use DEVTOOL!【type = 6】 @ https://yurigarden.com/assets/index-CUTVLur8.js:16
[ 1166583ms] [WARNING] You don't have permission to use DEVTOOL!【type = 6】 @ https://yurigarden.com/assets/index-CUTVLur8.js:16
[ 1167085ms] [WARNING] You don't have permission to use DEVTOOL!【type = 6】 @ https://yurigarden.com/assets/index-CUTVLur8.js:16
[ 1167588ms] [WARNING] You don't have permission to use DEVTOOL!【type = 6】 @ https://yurigarden.com/assets/index-CUTVLur8.js:16
[ 1168090ms] [WARNING] You don't have permission to use DEVTOOL!【type = 6】 @ https://yurigarden.com/assets/index-CUTVLur8.js:16
[ 1168589ms] [WARNING] You don't have permission to use DEVTOOL!【type = 6】 @ https://yurigarden.com/assets/index-CUTVLur8.js:16
[ 1169083ms] [WARNING] You don't have permission to use DEVTOOL!【type = 6】 @ https://yurigarden.com/assets/index-CUTVLur8.js:16
[ 1169581ms] [WARNING] You don't have permission to use DEVTOOL!【type = 6】 @ https://yurigarden.com/assets/index-CUTVLur8.js:16
[ 1170093ms] [WARNING] You don't have permission to use DEVTOOL!【type = 6】 @ https://yurigarden.com/assets/index-CUTVLur8.js:16
[ 1170585ms] [WARNING] You don't have permission to use DEVTOOL!【type = 6】 @ https://yurigarden.com/assets/index-CUTVLur8.js:16
[ 1171087ms] [WARNING] You don't have permission to use DEVTOOL!【type = 6】 @ https://yurigarden.com/assets/index-CUTVLur8.js:16
[ 1171586ms] [WARNING] You don't have permission to use DEVTOOL!【type = 6】 @ https://yurigarden.com/assets/index-CUTVLur8.js:16
[ 1172085ms] [WARNING] You don't have permission to use DEVTOOL!【type = 6】 @ https://yurigarden.com/assets/index-CUTVLur8.js:16
[ 1172584ms] [WARNING] You don't have permission to use DEVTOOL!【type = 6】 @ https://yurigarden.com/assets/index-CUTVLur8.js:16
[ 1173091ms] [WARNING] You don't have permission to use DEVTOOL!【type = 6】 @ https://yurigarden.com/assets/index-CUTVLur8.js:16
[ 1173589ms] [WARNING] You don't have permission to use DEVTOOL!【type = 6】 @ https://yurigarden.com/assets/index-CUTVLur8.js:16
[ 1174082ms] [WARNING] You don't have permission to use DEVTOOL!【type = 6】 @ https://yurigarden.com/assets/index-CUTVLur8.js:16
[ 1174586ms] [WARNING] You don't have permission to use DEVTOOL!【type = 6】 @ https://yurigarden.com/assets/index-CUTVLur8.js:16
[ 1175093ms] [WARNING] You don't have permission to use DEVTOOL!【type = 6】 @ https://yurigarden.com/assets/index-CUTVLur8.js:16
[ 1175590ms] [WARNING] You don't have permission to use DEVTOOL!【type = 6】 @ https://yurigarden.com/assets/index-CUTVLur8.js:16
[ 1176095ms] [WARNING] You don't have permission to use DEVTOOL!【type = 6】 @ https://yurigarden.com/assets/index-CUTVLur8.js:16
[ 1176590ms] [WARNING] You don't have permission to use DEVTOOL!【type = 6】 @ https://yurigarden.com/assets/index-CUTVLur8.js:16
[ 1177096ms] [WARNING] You don't have permission to use DEVTOOL!【type = 6】 @ https://yurigarden.com/assets/index-CUTVLur8.js:16
[ 1177592ms] [WARNING] You don't have permission to use DEVTOOL!【type = 6】 @ https://yurigarden.com/assets/index-CUTVLur8.js:16
[ 1178088ms] [WARNING] You don't have permission to use DEVTOOL!【type = 6】 @ https://yurigarden.com/assets/index-CUTVLur8.js:16
[ 1178586ms] [WARNING] You don't have permission to use DEVTOOL!【type = 6】 @ https://yurigarden.com/assets/index-CUTVLur8.js:16
[ 1179092ms] [WARNING] You don't have permission to use DEVTOOL!【type = 6】 @ https://yurigarden.com/assets/index-CUTVLur8.js:16
[ 1179599ms] [WARNING] You don't have permission to use DEVTOOL!【type = 6】 @ https://yurigarden.com/assets/index-CUTVLur8.js:16
[ 1180083ms] [WARNING] You don't have permission to use DEVTOOL!【type = 6】 @ https://yurigarden.com/assets/index-CUTVLur8.js:16
[ 1180586ms] [WARNING] You don't have permission to use DEVTOOL!【type = 6】 @ https://yurigarden.com/assets/index-CUTVLur8.js:16
[ 1181090ms] [WARNING] You don't have permission to use DEVTOOL!【type = 6】 @ https://yurigarden.com/assets/index-CUTVLur8.js:16
[ 1181592ms] [WARNING] You don't have permission to use DEVTOOL!【type = 6】 @ https://yurigarden.com/assets/index-CUTVLur8.js:16
[ 1182086ms] [WARNING] You don't have permission to use DEVTOOL!【type = 6】 @ https://yurigarden.com/assets/index-CUTVLur8.js:16
[ 1182585ms] [WARNING] You don't have permission to use DEVTOOL!【type = 6】 @ https://yurigarden.com/assets/index-CUTVLur8.js:16
[ 1183087ms] [WARNING] You don't have permission to use DEVTOOL!【type = 6】 @ https://yurigarden.com/assets/index-CUTVLur8.js:16
[ 1183588ms] [WARNING] You don't have permission to use DEVTOOL!【type = 6】 @ https://yurigarden.com/assets/index-CUTVLur8.js:16
[ 1184101ms] [WARNING] You don't have permission to use DEVTOOL!【type = 6】 @ https://yurigarden.com/assets/index-CUTVLur8.js:16
[ 1184588ms] [WARNING] You don't have permission to use DEVTOOL!【type = 6】 @ https://yurigarden.com/assets/index-CUTVLur8.js:16
[ 1185096ms] [WARNING] You don't have permission to use DEVTOOL!【type = 6】 @ https://yurigarden.com/assets/index-CUTVLur8.js:16
[ 1185590ms] [WARNING] You don't have permission to use DEVTOOL!【type = 6】 @ https://yurigarden.com/assets/index-CUTVLur8.js:16
[ 1186090ms] [WARNING] You don't have permission to use DEVTOOL!【type = 6】 @ https://yurigarden.com/assets/index-CUTVLur8.js:16
[ 1186576ms] [WARNING] You don't have permission to use DEVTOOL!【type = 6】 @ https://yurigarden.com/assets/index-CUTVLur8.js:16
[ 1187083ms] [WARNING] You don't have permission to use DEVTOOL!【type = 6】 @ https://yurigarden.com/assets/index-CUTVLur8.js:16
[ 1187581ms] [WARNING] You don't have permission to use DEVTOOL!【type = 6】 @ https://yurigarden.com/assets/index-CUTVLur8.js:16
[ 1188083ms] [WARNING] You don't have permission to use DEVTOOL!【type = 6】 @ https://yurigarden.com/assets/index-CUTVLur8.js:16
[ 1188579ms] [WARNING] You don't have permission to use DEVTOOL!【type = 6】 @ https://yurigarden.com/assets/index-CUTVLur8.js:16
[ 1189083ms] [WARNING] You don't have permission to use DEVTOOL!【type = 6】 @ https://yurigarden.com/assets/index-CUTVLur8.js:16
[ 1189581ms] [WARNING] You don't have permission to use DEVTOOL!【type = 6】 @ https://yurigarden.com/assets/index-CUTVLur8.js:16
[ 1190083ms] [WARNING] You don't have permission to use DEVTOOL!【type = 6】 @ https://yurigarden.com/assets/index-CUTVLur8.js:16
[ 1190580ms] [WARNING] You don't have permission to use DEVTOOL!【type = 6】 @ https://yurigarden.com/assets/index-CUTVLur8.js:16
[ 1191083ms] [WARNING] You don't have permission to use DEVTOOL!【type = 6】 @ https://yurigarden.com/assets/index-CUTVLur8.js:16
[ 1191579ms] [WARNING] You don't have permission to use DEVTOOL!【type = 6】 @ https://yurigarden.com/assets/index-CUTVLur8.js:16
[ 1192088ms] [WARNING] You don't have permission to use DEVTOOL!【type = 6】 @ https://yurigarden.com/assets/index-CUTVLur8.js:16
[ 1192584ms] [WARNING] You don't have permission to use DEVTOOL!【type = 6】 @ https://yurigarden.com/assets/index-CUTVLur8.js:16
[ 1193084ms] [WARNING] You don't have permission to use DEVTOOL!【type = 6】 @ https://yurigarden.com/assets/index-CUTVLur8.js:16
[ 1193580ms] [WARNING] You don't have permission to use DEVTOOL!【type = 6】 @ https://yurigarden.com/assets/index-CUTVLur8.js:16
[ 1194086ms] [WARNING] You don't have permission to use DEVTOOL!【type = 6】 @ https://yurigarden.com/assets/index-CUTVLur8.js:16
[ 1194583ms] [WARNING] You don't have permission to use DEVTOOL!【type = 6】 @ https://yurigarden.com/assets/index-CUTVLur8.js:16
[ 1195082ms] [WARNING] You don't have permission to use DEVTOOL!【type = 6】 @ https://yurigarden.com/assets/index-CUTVLur8.js:16
[ 1195603ms] [WARNING] You don't have permission to use DEVTOOL!【type = 6】 @ https://yurigarden.com/assets/index-CUTVLur8.js:16
[ 1196080ms] [WARNING] You don't have permission to use DEVTOOL!【type = 6】 @ https://yurigarden.com/assets/index-CUTVLur8.js:16
[ 1196587ms] [WARNING] You don't have permission to use DEVTOOL!【type = 6】 @ https://yurigarden.com/assets/index-CUTVLur8.js:16
[ 1197082ms] [WARNING] You don't have permission to use DEVTOOL!【type = 6】 @ https://yurigarden.com/assets/index-CUTVLur8.js:16
[ 1197585ms] [WARNING] You don't have permission to use DEVTOOL!【type = 6】 @ https://yurigarden.com/assets/index-CUTVLur8.js:16
[ 1198088ms] [WARNING] You don't have permission to use DEVTOOL!【type = 6】 @ https://yurigarden.com/assets/index-CUTVLur8.js:16
[ 1198590ms] [WARNING] You don't have permission to use DEVTOOL!【type = 6】 @ https://yurigarden.com/assets/index-CUTVLur8.js:16
[ 1199084ms] [WARNING] You don't have permission to use DEVTOOL!【type = 6】 @ https://yurigarden.com/assets/index-CUTVLur8.js:16
[ 1199580ms] [WARNING] You don't have permission to use DEVTOOL!【type = 6】 @ https://yurigarden.com/assets/index-CUTVLur8.js:16
[ 1200081ms] [WARNING] You don't have permission to use DEVTOOL!【type = 6】 @ https://yurigarden.com/assets/index-CUTVLur8.js:16
[ 1200585ms] [WARNING] You don't have permission to use DEVTOOL!【type = 6】 @ https://yurigarden.com/assets/index-CUTVLur8.js:16
[ 1201083ms] [WARNING] You don't have permission to use DEVTOOL!【type = 6】 @ https://yurigarden.com/assets/index-CUTVLur8.js:16
[ 1201590ms] [WARNING] You don't have permission to use DEVTOOL!【type = 6】 @ https://yurigarden.com/assets/index-CUTVLur8.js:16
[ 1202095ms] [WARNING] You don't have permission to use DEVTOOL!【type = 6】 @ https://yurigarden.com/assets/index-CUTVLur8.js:16
[ 1202587ms] [WARNING] You don't have permission to use DEVTOOL!【type = 6】 @ https://yurigarden.com/assets/index-CUTVLur8.js:16
[ 1203105ms] [WARNING] You don't have permission to use DEVTOOL!【type = 6】 @ https://yurigarden.com/assets/index-CUTVLur8.js:16
[ 1203598ms] [WARNING] You don't have permission to use DEVTOOL!【type = 6】 @ https://yurigarden.com/assets/index-CUTVLur8.js:16
[ 1204087ms] [WARNING] You don't have permission to use DEVTOOL!【type = 6】 @ https://yurigarden.com/assets/index-CUTVLur8.js:16
[ 1204584ms] [WARNING] You don't have permission to use DEVTOOL!【type = 6】 @ https://yurigarden.com/assets/index-CUTVLur8.js:16
[ 1205089ms] [WARNING] You don't have permission to use DEVTOOL!【type = 6】 @ https://yurigarden.com/assets/index-CUTVLur8.js:16
[ 1205587ms] [WARNING] You don't have permission to use DEVTOOL!【type = 6】 @ https://yurigarden.com/assets/index-CUTVLur8.js:16
[ 1206090ms] [WARNING] You don't have permission to use DEVTOOL!【type = 6】 @ https://yurigarden.com/assets/index-CUTVLur8.js:16
[ 1206589ms] [WARNING] You don't have permission to use DEVTOOL!【type = 6】 @ https://yurigarden.com/assets/index-CUTVLur8.js:16
[ 1207091ms] [WARNING] You don't have permission to use DEVTOOL!【type = 6】 @ https://yurigarden.com/assets/index-CUTVLur8.js:16
[ 1207588ms] [WARNING] You don't have permission to use DEVTOOL!【type = 6】 @ https://yurigarden.com/assets/index-CUTVLur8.js:16
[ 1208085ms] [WARNING] You don't have permission to use DEVTOOL!【type = 6】 @ https://yurigarden.com/assets/index-CUTVLur8.js:16
[ 1208587ms] [WARNING] You don't have permission to use DEVTOOL!【type = 6】 @ https://yurigarden.com/assets/index-CUTVLur8.js:16
[ 1209087ms] [WARNING] You don't have permission to use DEVTOOL!【type = 6】 @ https://yurigarden.com/assets/index-CUTVLur8.js:16
[ 1209589ms] [WARNING] You don't have permission to use DEVTOOL!【type = 6】 @ https://yurigarden.com/assets/index-CUTVLur8.js:16
[ 1210086ms] [WARNING] You don't have permission to use DEVTOOL!【type = 6】 @ https://yurigarden.com/assets/index-CUTVLur8.js:16
[ 1210597ms] [WARNING] You don't have permission to use DEVTOOL!【type = 6】 @ https://yurigarden.com/assets/index-CUTVLur8.js:16
[ 1211087ms] [WARNING] You don't have permission to use DEVTOOL!【type = 6】 @ https://yurigarden.com/assets/index-CUTVLur8.js:16
[ 1211589ms] [WARNING] You don't have permission to use DEVTOOL!【type = 6】 @ https://yurigarden.com/assets/index-CUTVLur8.js:16
[ 1212085ms] [WARNING] You don't have permission to use DEVTOOL!【type = 6】 @ https://yurigarden.com/assets/index-CUTVLur8.js:16
[ 1212575ms] [WARNING] You don't have permission to use DEVTOOL!【type = 6】 @ https://yurigarden.com/assets/index-CUTVLur8.js:16
[ 1213088ms] [WARNING] You don't have permission to use DEVTOOL!【type = 6】 @ https://yurigarden.com/assets/index-CUTVLur8.js:16
[ 1213580ms] [WARNING] You don't have permission to use DEVTOOL!【type = 6】 @ https://yurigarden.com/assets/index-CUTVLur8.js:16
[ 1214094ms] [WARNING] You don't have permission to use DEVTOOL!【type = 6】 @ https://yurigarden.com/assets/index-CUTVLur8.js:16
[ 1214591ms] [WARNING] You don't have permission to use DEVTOOL!【type = 6】 @ https://yurigarden.com/assets/index-CUTVLur8.js:16
[ 1215081ms] [WARNING] You don't have permission to use DEVTOOL!【type = 6】 @ https://yurigarden.com/assets/index-CUTVLur8.js:16
[ 1215595ms] [WARNING] You don't have permission to use DEVTOOL!【type = 6】 @ https://yurigarden.com/assets/index-CUTVLur8.js:16
[ 1216088ms] [WARNING] You don't have permission to use DEVTOOL!【type = 6】 @ https://yurigarden.com/assets/index-CUTVLur8.js:16
[ 1216594ms] [WARNING] You don't have permission to use DEVTOOL!【type = 6】 @ https://yurigarden.com/assets/index-CUTVLur8.js:16
[ 1217092ms] [WARNING] You don't have permission to use DEVTOOL!【type = 6】 @ https://yurigarden.com/assets/index-CUTVLur8.js:16
[ 1217580ms] [WARNING] You don't have permission to use DEVTOOL!【type = 6】 @ https://yurigarden.com/assets/index-CUTVLur8.js:16
[ 1218078ms] [WARNING] You don't have permission to use DEVTOOL!【type = 6】 @ https://yurigarden.com/assets/index-CUTVLur8.js:16
[ 1218582ms] [WARNING] You don't have permission to use DEVTOOL!【type = 6】 @ https://yurigarden.com/assets/index-CUTVLur8.js:16
[ 1219096ms] [WARNING] You don't have permission to use DEVTOOL!【type = 6】 @ https://yurigarden.com/assets/index-CUTVLur8.js:16
[ 1219585ms] [WARNING] You don't have permission to use DEVTOOL!【type = 6】 @ https://yurigarden.com/assets/index-CUTVLur8.js:16
[ 1220087ms] [WARNING] You don't have permission to use DEVTOOL!【type = 6】 @ https://yurigarden.com/assets/index-CUTVLur8.js:16
[ 1220590ms] [WARNING] You don't have permission to use DEVTOOL!【type = 6】 @ https://yurigarden.com/assets/index-CUTVLur8.js:16
[ 1221092ms] [WARNING] You don't have permission to use DEVTOOL!【type = 6】 @ https://yurigarden.com/assets/index-CUTVLur8.js:16
[ 1221583ms] [WARNING] You don't have permission to use DEVTOOL!【type = 6】 @ https://yurigarden.com/assets/index-CUTVLur8.js:16
[ 1222082ms] [WARNING] You don't have permission to use DEVTOOL!【type = 6】 @ https://yurigarden.com/assets/index-CUTVLur8.js:16
[ 1222583ms] [WARNING] You don't have permission to use DEVTOOL!【type = 6】 @ https://yurigarden.com/assets/index-CUTVLur8.js:16
[ 1223092ms] [WARNING] You don't have permission to use DEVTOOL!【type = 6】 @ https://yurigarden.com/assets/index-CUTVLur8.js:16
[ 1223587ms] [WARNING] You don't have permission to use DEVTOOL!【type = 6】 @ https://yurigarden.com/assets/index-CUTVLur8.js:16
[ 1224091ms] [WARNING] You don't have permission to use DEVTOOL!【type = 6】 @ https://yurigarden.com/assets/index-CUTVLur8.js:16
[ 1224587ms] [WARNING] You don't have permission to use DEVTOOL!【type = 6】 @ https://yurigarden.com/assets/index-CUTVLur8.js:16
[ 1225085ms] [WARNING] You don't have permission to use DEVTOOL!【type = 6】 @ https://yurigarden.com/assets/index-CUTVLur8.js:16
[ 1225587ms] [WARNING] You don't have permission to use DEVTOOL!【type = 6】 @ https://yurigarden.com/assets/index-CUTVLur8.js:16
[ 1226123ms] [WARNING] You don't have permission to use DEVTOOL!【type = 6】 @ https://yurigarden.com/assets/index-CUTVLur8.js:16
[ 1226585ms] [WARNING] You don't have permission to use DEVTOOL!【type = 6】 @ https://yurigarden.com/assets/index-CUTVLur8.js:16
[ 1227099ms] [WARNING] You don't have permission to use DEVTOOL!【type = 6】 @ https://yurigarden.com/assets/index-CUTVLur8.js:16
[ 1227598ms] [WARNING] You don't have permission to use DEVTOOL!【type = 6】 @ https://yurigarden.com/assets/index-CUTVLur8.js:16
[ 1228091ms] [WARNING] You don't have permission to use DEVTOOL!【type = 6】 @ https://yurigarden.com/assets/index-CUTVLur8.js:16
[ 1228587ms] [WARNING] You don't have permission to use DEVTOOL!【type = 6】 @ https://yurigarden.com/assets/index-CUTVLur8.js:16
[ 1229086ms] [WARNING] You don't have permission to use DEVTOOL!【type = 6】 @ https://yurigarden.com/assets/index-CUTVLur8.js:16
[ 1229583ms] [WARNING] You don't have permission to use DEVTOOL!【type = 6】 @ https://yurigarden.com/assets/index-CUTVLur8.js:16
[ 1230089ms] [WARNING] You don't have permission to use DEVTOOL!【type = 6】 @ https://yurigarden.com/assets/index-CUTVLur8.js:16
[ 1230592ms] [WARNING] You don't have permission to use DEVTOOL!【type = 6】 @ https://yurigarden.com/assets/index-CUTVLur8.js:16
[ 1231093ms] [WARNING] You don't have permission to use DEVTOOL!【type = 6】 @ https://yurigarden.com/assets/index-CUTVLur8.js:16
[ 1231589ms] [WARNING] You don't have permission to use DEVTOOL!【type = 6】 @ https://yurigarden.com/assets/index-CUTVLur8.js:16
[ 1232087ms] [WARNING] You don't have permission to use DEVTOOL!【type = 6】 @ https://yurigarden.com/assets/index-CUTVLur8.js:16
[ 1232586ms] [WARNING] You don't have permission to use DEVTOOL!【type = 6】 @ https://yurigarden.com/assets/index-CUTVLur8.js:16
[ 1233093ms] [WARNING] You don't have permission to use DEVTOOL!【type = 6】 @ https://yurigarden.com/assets/index-CUTVLur8.js:16
[ 1233586ms] [WARNING] You don't have permission to use DEVTOOL!【type = 6】 @ https://yurigarden.com/assets/index-CUTVLur8.js:16
[ 1234094ms] [WARNING] You don't have permission to use DEVTOOL!【type = 6】 @ https://yurigarden.com/assets/index-CUTVLur8.js:16
[ 1234581ms] [WARNING] You don't have permission to use DEVTOOL!【type = 6】 @ https://yurigarden.com/assets/index-CUTVLur8.js:16
[ 1235092ms] [WARNING] You don't have permission to use DEVTOOL!【type = 6】 @ https://yurigarden.com/assets/index-CUTVLur8.js:16
[ 1235596ms] [WARNING] You don't have permission to use DEVTOOL!【type = 6】 @ https://yurigarden.com/assets/index-CUTVLur8.js:16
[ 1236101ms] [WARNING] You don't have permission to use DEVTOOL!【type = 6】 @ https://yurigarden.com/assets/index-CUTVLur8.js:16
[ 1236595ms] [WARNING] You don't have permission to use DEVTOOL!【type = 6】 @ https://yurigarden.com/assets/index-CUTVLur8.js:16
[ 1237102ms] [WARNING] You don't have permission to use DEVTOOL!【type = 6】 @ https://yurigarden.com/assets/index-CUTVLur8.js:16
[ 1237606ms] [WARNING] You don't have permission to use DEVTOOL!【type = 6】 @ https://yurigarden.com/assets/index-CUTVLur8.js:16
[ 1238096ms] [WARNING] You don't have permission to use DEVTOOL!【type = 6】 @ https://yurigarden.com/assets/index-CUTVLur8.js:16
[ 1238600ms] [WARNING] You don't have permission to use DEVTOOL!【type = 6】 @ https://yurigarden.com/assets/index-CUTVLur8.js:16
[ 1239090ms] [WARNING] You don't have permission to use DEVTOOL!【type = 6】 @ https://yurigarden.com/assets/index-CUTVLur8.js:16
[ 1239594ms] [WARNING] You don't have permission to use DEVTOOL!【type = 6】 @ https://yurigarden.com/assets/index-CUTVLur8.js:16
[ 1240091ms] [WARNING] You don't have permission to use DEVTOOL!【type = 6】 @ https://yurigarden.com/assets/index-CUTVLur8.js:16
[ 1240590ms] [WARNING] You don't have permission to use DEVTOOL!【type = 6】 @ https://yurigarden.com/assets/index-CUTVLur8.js:16
[ 1241094ms] [WARNING] You don't have permission to use DEVTOOL!【type = 6】 @ https://yurigarden.com/assets/index-CUTVLur8.js:16
[ 1241585ms] [WARNING] You don't have permission to use DEVTOOL!【type = 6】 @ https://yurigarden.com/assets/index-CUTVLur8.js:16
[ 1242087ms] [WARNING] You don't have permission to use DEVTOOL!【type = 6】 @ https://yurigarden.com/assets/index-CUTVLur8.js:16
[ 1242588ms] [WARNING] You don't have permission to use DEVTOOL!【type = 6】 @ https://yurigarden.com/assets/index-CUTVLur8.js:16
[ 1243100ms] [WARNING] You don't have permission to use DEVTOOL!【type = 6】 @ https://yurigarden.com/assets/index-CUTVLur8.js:16
[ 1243590ms] [WARNING] You don't have permission to use DEVTOOL!【type = 6】 @ https://yurigarden.com/assets/index-CUTVLur8.js:16
[ 1244098ms] [WARNING] You don't have permission to use DEVTOOL!【type = 6】 @ https://yurigarden.com/assets/index-CUTVLur8.js:16
[ 1244594ms] [WARNING] You don't have permission to use DEVTOOL!【type = 6】 @ https://yurigarden.com/assets/index-CUTVLur8.js:16
[ 1245084ms] [WARNING] You don't have permission to use DEVTOOL!【type = 6】 @ https://yurigarden.com/assets/index-CUTVLur8.js:16
[ 1245591ms] [WARNING] You don't have permission to use DEVTOOL!【type = 6】 @ https://yurigarden.com/assets/index-CUTVLur8.js:16
[ 1246085ms] [WARNING] You don't have permission to use DEVTOOL!【type = 6】 @ https://yurigarden.com/assets/index-CUTVLur8.js:16
[ 1246582ms] [WARNING] You don't have permission to use DEVTOOL!【type = 6】 @ https://yurigarden.com/assets/index-CUTVLur8.js:16
[ 1247093ms] [WARNING] You don't have permission to use DEVTOOL!【type = 6】 @ https://yurigarden.com/assets/index-CUTVLur8.js:16
[ 1247582ms] [WARNING] You don't have permission to use DEVTOOL!【type = 6】 @ https://yurigarden.com/assets/index-CUTVLur8.js:16
[ 1248080ms] [WARNING] You don't have permission to use DEVTOOL!【type = 6】 @ https://yurigarden.com/assets/index-CUTVLur8.js:16
[ 1248582ms] [WARNING] You don't have permission to use DEVTOOL!【type = 6】 @ https://yurigarden.com/assets/index-CUTVLur8.js:16
[ 1249084ms] [WARNING] You don't have permission to use DEVTOOL!【type = 6】 @ https://yurigarden.com/assets/index-CUTVLur8.js:16
[ 1249585ms] [WARNING] You don't have permission to use DEVTOOL!【type = 6】 @ https://yurigarden.com/assets/index-CUTVLur8.js:16
[ 1250076ms] [WARNING] You don't have permission to use DEVTOOL!【type = 6】 @ https://yurigarden.com/assets/index-CUTVLur8.js:16
[ 1250584ms] [WARNING] You don't have permission to use DEVTOOL!【type = 6】 @ https://yurigarden.com/assets/index-CUTVLur8.js:16
[ 1251084ms] [WARNING] You don't have permission to use DEVTOOL!【type = 6】 @ https://yurigarden.com/assets/index-CUTVLur8.js:16
[ 1251587ms] [WARNING] You don't have permission to use DEVTOOL!【type = 6】 @ https://yurigarden.com/assets/index-CUTVLur8.js:16
[ 1252082ms] [WARNING] You don't have permission to use DEVTOOL!【type = 6】 @ https://yurigarden.com/assets/index-CUTVLur8.js:16
[ 1252599ms] [WARNING] You don't have permission to use DEVTOOL!【type = 6】 @ https://yurigarden.com/assets/index-CUTVLur8.js:16
[ 1253087ms] [WARNING] You don't have permission to use DEVTOOL!【type = 6】 @ https://yurigarden.com/assets/index-CUTVLur8.js:16
[ 1253581ms] [WARNING] You don't have permission to use DEVTOOL!【type = 6】 @ https://yurigarden.com/assets/index-CUTVLur8.js:16
[ 1254086ms] [WARNING] You don't have permission to use DEVTOOL!【type = 6】 @ https://yurigarden.com/assets/index-CUTVLur8.js:16
[ 1254580ms] [WARNING] You don't have permission to use DEVTOOL!【type = 6】 @ https://yurigarden.com/assets/index-CUTVLur8.js:16
[ 1255083ms] [WARNING] You don't have permission to use DEVTOOL!【type = 6】 @ https://yurigarden.com/assets/index-CUTVLur8.js:16
[ 1255588ms] [WARNING] You don't have permission to use DEVTOOL!【type = 6】 @ https://yurigarden.com/assets/index-CUTVLur8.js:16
[ 1256091ms] [WARNING] You don't have permission to use DEVTOOL!【type = 6】 @ https://yurigarden.com/assets/index-CUTVLur8.js:16
[ 1256588ms] [WARNING] You don't have permission to use DEVTOOL!【type = 6】 @ https://yurigarden.com/assets/index-CUTVLur8.js:16
[ 1257093ms] [WARNING] You don't have permission to use DEVTOOL!【type = 6】 @ https://yurigarden.com/assets/index-CUTVLur8.js:16
[ 1257580ms] [WARNING] You don't have permission to use DEVTOOL!【type = 6】 @ https://yurigarden.com/assets/index-CUTVLur8.js:16
[ 1258083ms] [WARNING] You don't have permission to use DEVTOOL!【type = 6】 @ https://yurigarden.com/assets/index-CUTVLur8.js:16
[ 1258582ms] [WARNING] You don't have permission to use DEVTOOL!【type = 6】 @ https://yurigarden.com/assets/index-CUTVLur8.js:16
[ 1259082ms] [WARNING] You don't have permission to use DEVTOOL!【type = 6】 @ https://yurigarden.com/assets/index-CUTVLur8.js:16
[ 1259585ms] [WARNING] You don't have permission to use DEVTOOL!【type = 6】 @ https://yurigarden.com/assets/index-CUTVLur8.js:16
[ 1260075ms] [WARNING] You don't have permission to use DEVTOOL!【type = 6】 @ https://yurigarden.com/assets/index-CUTVLur8.js:16
[ 1260595ms] [WARNING] You don't have permission to use DEVTOOL!【type = 6】 @ https://yurigarden.com/assets/index-CUTVLur8.js:16
[ 1261085ms] [WARNING] You don't have permission to use DEVTOOL!【type = 6】 @ https://yurigarden.com/assets/index-CUTVLur8.js:16
[ 1261577ms] [WARNING] You don't have permission to use DEVTOOL!【type = 6】 @ https://yurigarden.com/assets/index-CUTVLur8.js:16
[ 1262082ms] [WARNING] You don't have permission to use DEVTOOL!【type = 6】 @ https://yurigarden.com/assets/index-CUTVLur8.js:16
[ 1262585ms] [WARNING] You don't have permission to use DEVTOOL!【type = 6】 @ https://yurigarden.com/assets/index-CUTVLur8.js:16
[ 1263091ms] [WARNING] You don't have permission to use DEVTOOL!【type = 6】 @ https://yurigarden.com/assets/index-CUTVLur8.js:16
[ 1263585ms] [WARNING] You don't have permission to use DEVTOOL!【type = 6】 @ https://yurigarden.com/assets/index-CUTVLur8.js:16
[ 1264091ms] [WARNING] You don't have permission to use DEVTOOL!【type = 6】 @ https://yurigarden.com/assets/index-CUTVLur8.js:16
[ 1264597ms] [WARNING] You don't have permission to use DEVTOOL!【type = 6】 @ https://yurigarden.com/assets/index-CUTVLur8.js:16
[ 1265092ms] [WARNING] You don't have permission to use DEVTOOL!【type = 6】 @ https://yurigarden.com/assets/index-CUTVLur8.js:16
[ 1265584ms] [WARNING] You don't have permission to use DEVTOOL!【type = 6】 @ https://yurigarden.com/assets/index-CUTVLur8.js:16
[ 1266088ms] [WARNING] You don't have permission to use DEVTOOL!【type = 6】 @ https://yurigarden.com/assets/index-CUTVLur8.js:16
[ 1266593ms] [WARNING] You don't have permission to use DEVTOOL!【type = 6】 @ https://yurigarden.com/assets/index-CUTVLur8.js:16
[ 1267088ms] [WARNING] You don't have permission to use DEVTOOL!【type = 6】 @ https://yurigarden.com/assets/index-CUTVLur8.js:16
[ 1267584ms] [WARNING] You don't have permission to use DEVTOOL!【type = 6】 @ https://yurigarden.com/assets/index-CUTVLur8.js:16
[ 1268096ms] [WARNING] You don't have permission to use DEVTOOL!【type = 6】 @ https://yurigarden.com/assets/index-CUTVLur8.js:16
[ 1268586ms] [WARNING] You don't have permission to use DEVTOOL!【type = 6】 @ https://yurigarden.com/assets/index-CUTVLur8.js:16
[ 1269086ms] [WARNING] You don't have permission to use DEVTOOL!【type = 6】 @ https://yurigarden.com/assets/index-CUTVLur8.js:16
[ 1269587ms] [WARNING] You don't have permission to use DEVTOOL!【type = 6】 @ https://yurigarden.com/assets/index-CUTVLur8.js:16
[ 1270095ms] [WARNING] You don't have permission to use DEVTOOL!【type = 6】 @ https://yurigarden.com/assets/index-CUTVLur8.js:16
[ 1270586ms] [WARNING] You don't have permission to use DEVTOOL!【type = 6】 @ https://yurigarden.com/assets/index-CUTVLur8.js:16
[ 1271080ms] [WARNING] You don't have permission to use DEVTOOL!【type = 6】 @ https://yurigarden.com/assets/index-CUTVLur8.js:16
[ 1271586ms] [WARNING] You don't have permission to use DEVTOOL!【type = 6】 @ https://yurigarden.com/assets/index-CUTVLur8.js:16
[ 1272083ms] [WARNING] You don't have permission to use DEVTOOL!【type = 6】 @ https://yurigarden.com/assets/index-CUTVLur8.js:16
[ 1272589ms] [WARNING] You don't have permission to use DEVTOOL!【type = 6】 @ https://yurigarden.com/assets/index-CUTVLur8.js:16
[ 1273087ms] [WARNING] You don't have permission to use DEVTOOL!【type = 6】 @ https://yurigarden.com/assets/index-CUTVLur8.js:16
[ 1273592ms] [WARNING] You don't have permission to use DEVTOOL!【type = 6】 @ https://yurigarden.com/assets/index-CUTVLur8.js:16
[ 1274094ms] [WARNING] You don't have permission to use DEVTOOL!【type = 6】 @ https://yurigarden.com/assets/index-CUTVLur8.js:16
[ 1274593ms] [WARNING] You don't have permission to use DEVTOOL!【type = 6】 @ https://yurigarden.com/assets/index-CUTVLur8.js:16
[ 1275096ms] [WARNING] You don't have permission to use DEVTOOL!【type = 6】 @ https://yurigarden.com/assets/index-CUTVLur8.js:16
[ 1275583ms] [WARNING] You don't have permission to use DEVTOOL!【type = 6】 @ https://yurigarden.com/assets/index-CUTVLur8.js:16
[ 1276083ms] [WARNING] You don't have permission to use DEVTOOL!【type = 6】 @ https://yurigarden.com/assets/index-CUTVLur8.js:16
[ 1276583ms] [WARNING] You don't have permission to use DEVTOOL!【type = 6】 @ https://yurigarden.com/assets/index-CUTVLur8.js:16
[ 1277093ms] [WARNING] You don't have permission to use DEVTOOL!【type = 6】 @ https://yurigarden.com/assets/index-CUTVLur8.js:16
[ 1277596ms] [WARNING] You don't have permission to use DEVTOOL!【type = 6】 @ https://yurigarden.com/assets/index-CUTVLur8.js:16
[ 1278093ms] [WARNING] You don't have permission to use DEVTOOL!【type = 6】 @ https://yurigarden.com/assets/index-CUTVLur8.js:16
[ 1278600ms] [WARNING] You don't have permission to use DEVTOOL!【type = 6】 @ https://yurigarden.com/assets/index-CUTVLur8.js:16
[ 1279091ms] [WARNING] You don't have permission to use DEVTOOL!【type = 6】 @ https://yurigarden.com/assets/index-CUTVLur8.js:16
[ 1279601ms] [WARNING] You don't have permission to use DEVTOOL!【type = 6】 @ https://yurigarden.com/assets/index-CUTVLur8.js:16
[ 1280090ms] [WARNING] You don't have permission to use DEVTOOL!【type = 6】 @ https://yurigarden.com/assets/index-CUTVLur8.js:16
[ 1280601ms] [WARNING] You don't have permission to use DEVTOOL!【type = 6】 @ https://yurigarden.com/assets/index-CUTVLur8.js:16
[ 1281084ms] [WARNING] You don't have permission to use DEVTOOL!【type = 6】 @ https://yurigarden.com/assets/index-CUTVLur8.js:16
[ 1281583ms] [WARNING] You don't have permission to use DEVTOOL!【type = 6】 @ https://yurigarden.com/assets/index-CUTVLur8.js:16
[ 1282102ms] [WARNING] You don't have permission to use DEVTOOL!【type = 6】 @ https://yurigarden.com/assets/index-CUTVLur8.js:16
[ 1282599ms] [WARNING] You don't have permission to use DEVTOOL!【type = 6】 @ https://yurigarden.com/assets/index-CUTVLur8.js:16
[ 1283094ms] [WARNING] You don't have permission to use DEVTOOL!【type = 6】 @ https://yurigarden.com/assets/index-CUTVLur8.js:16
[ 1283584ms] [WARNING] You don't have permission to use DEVTOOL!【type = 6】 @ https://yurigarden.com/assets/index-CUTVLur8.js:16
[ 1284096ms] [WARNING] You don't have permission to use DEVTOOL!【type = 6】 @ https://yurigarden.com/assets/index-CUTVLur8.js:16
[ 1284591ms] [WARNING] You don't have permission to use DEVTOOL!【type = 6】 @ https://yurigarden.com/assets/index-CUTVLur8.js:16
[ 1285090ms] [WARNING] You don't have permission to use DEVTOOL!【type = 6】 @ https://yurigarden.com/assets/index-CUTVLur8.js:16
[ 1285602ms] [WARNING] You don't have permission to use DEVTOOL!【type = 6】 @ https://yurigarden.com/assets/index-CUTVLur8.js:16
[ 1286093ms] [WARNING] You don't have permission to use DEVTOOL!【type = 6】 @ https://yurigarden.com/assets/index-CUTVLur8.js:16
[ 1286591ms] [WARNING] You don't have permission to use DEVTOOL!【type = 6】 @ https://yurigarden.com/assets/index-CUTVLur8.js:16
[ 1287086ms] [WARNING] You don't have permission to use DEVTOOL!【type = 6】 @ https://yurigarden.com/assets/index-CUTVLur8.js:16
[ 1287594ms] [WARNING] You don't have permission to use DEVTOOL!【type = 6】 @ https://yurigarden.com/assets/index-CUTVLur8.js:16
[ 1288090ms] [WARNING] You don't have permission to use DEVTOOL!【type = 6】 @ https://yurigarden.com/assets/index-CUTVLur8.js:16
[ 1288590ms] [WARNING] You don't have permission to use DEVTOOL!【type = 6】 @ https://yurigarden.com/assets/index-CUTVLur8.js:16
[ 1289098ms] [WARNING] You don't have permission to use DEVTOOL!【type = 6】 @ https://yurigarden.com/assets/index-CUTVLur8.js:16
[ 1289593ms] [WARNING] You don't have permission to use DEVTOOL!【type = 6】 @ https://yurigarden.com/assets/index-CUTVLur8.js:16
[ 1290083ms] [WARNING] You don't have permission to use DEVTOOL!【type = 6】 @ https://yurigarden.com/assets/index-CUTVLur8.js:16
[ 1290593ms] [WARNING] You don't have permission to use DEVTOOL!【type = 6】 @ https://yurigarden.com/assets/index-CUTVLur8.js:16
[ 1291096ms] [WARNING] You don't have permission to use DEVTOOL!【type = 6】 @ https://yurigarden.com/assets/index-CUTVLur8.js:16
[ 1291590ms] [WARNING] You don't have permission to use DEVTOOL!【type = 6】 @ https://yurigarden.com/assets/index-CUTVLur8.js:16
[ 1292084ms] [WARNING] You don't have permission to use DEVTOOL!【type = 6】 @ https://yurigarden.com/assets/index-CUTVLur8.js:16
[ 1292586ms] [WARNING] You don't have permission to use DEVTOOL!【type = 6】 @ https://yurigarden.com/assets/index-CUTVLur8.js:16
[ 1293086ms] [WARNING] You don't have permission to use DEVTOOL!【type = 6】 @ https://yurigarden.com/assets/index-CUTVLur8.js:16
[ 1293580ms] [WARNING] You don't have permission to use DEVTOOL!【type = 6】 @ https://yurigarden.com/assets/index-CUTVLur8.js:16
[ 1294089ms] [WARNING] You don't have permission to use DEVTOOL!【type = 6】 @ https://yurigarden.com/assets/index-CUTVLur8.js:16
[ 1294583ms] [WARNING] You don't have permission to use DEVTOOL!【type = 6】 @ https://yurigarden.com/assets/index-CUTVLur8.js:16
[ 1295083ms] [WARNING] You don't have permission to use DEVTOOL!【type = 6】 @ https://yurigarden.com/assets/index-CUTVLur8.js:16
[ 1295597ms] [WARNING] You don't have permission to use DEVTOOL!【type = 6】 @ https://yurigarden.com/assets/index-CUTVLur8.js:16
[ 1296088ms] [WARNING] You don't have permission to use DEVTOOL!【type = 6】 @ https://yurigarden.com/assets/index-CUTVLur8.js:16
[ 1296604ms] [WARNING] You don't have permission to use DEVTOOL!【type = 6】 @ https://yurigarden.com/assets/index-CUTVLur8.js:16
[ 1297091ms] [WARNING] You don't have permission to use DEVTOOL!【type = 6】 @ https://yurigarden.com/assets/index-CUTVLur8.js:16
[ 1297587ms] [WARNING] You don't have permission to use DEVTOOL!【type = 6】 @ https://yurigarden.com/assets/index-CUTVLur8.js:16
[ 1298095ms] [WARNING] You don't have permission to use DEVTOOL!【type = 6】 @ https://yurigarden.com/assets/index-CUTVLur8.js:16
[ 1298590ms] [WARNING] You don't have permission to use DEVTOOL!【type = 6】 @ https://yurigarden.com/assets/index-CUTVLur8.js:16
[ 1299086ms] [WARNING] You don't have permission to use DEVTOOL!【type = 6】 @ https://yurigarden.com/assets/index-CUTVLur8.js:16
[ 1299584ms] [WARNING] You don't have permission to use DEVTOOL!【type = 6】 @ https://yurigarden.com/assets/index-CUTVLur8.js:16
[ 1300090ms] [WARNING] You don't have permission to use DEVTOOL!【type = 6】 @ https://yurigarden.com/assets/index-CUTVLur8.js:16
[ 1300588ms] [WARNING] You don't have permission to use DEVTOOL!【type = 6】 @ https://yurigarden.com/assets/index-CUTVLur8.js:16
[ 1301085ms] [WARNING] You don't have permission to use DEVTOOL!【type = 6】 @ https://yurigarden.com/assets/index-CUTVLur8.js:16
[ 1301597ms] [WARNING] You don't have permission to use DEVTOOL!【type = 6】 @ https://yurigarden.com/assets/index-CUTVLur8.js:16
[ 1302098ms] [WARNING] You don't have permission to use DEVTOOL!【type = 6】 @ https://yurigarden.com/assets/index-CUTVLur8.js:16
[ 1302599ms] [WARNING] You don't have permission to use DEVTOOL!【type = 6】 @ https://yurigarden.com/assets/index-CUTVLur8.js:16
[ 1303091ms] [WARNING] You don't have permission to use DEVTOOL!【type = 6】 @ https://yurigarden.com/assets/index-CUTVLur8.js:16
[ 1303588ms] [WARNING] You don't have permission to use DEVTOOL!【type = 6】 @ https://yurigarden.com/assets/index-CUTVLur8.js:16
[ 1304091ms] [WARNING] You don't have permission to use DEVTOOL!【type = 6】 @ https://yurigarden.com/assets/index-CUTVLur8.js:16
[ 1304595ms] [WARNING] You don't have permission to use DEVTOOL!【type = 6】 @ https://yurigarden.com/assets/index-CUTVLur8.js:16
[ 1305089ms] [WARNING] You don't have permission to use DEVTOOL!【type = 6】 @ https://yurigarden.com/assets/index-CUTVLur8.js:16
[ 1305593ms] [WARNING] You don't have permission to use DEVTOOL!【type = 6】 @ https://yurigarden.com/assets/index-CUTVLur8.js:16
[ 1306099ms] [WARNING] You don't have permission to use DEVTOOL!【type = 6】 @ https://yurigarden.com/assets/index-CUTVLur8.js:16
[ 1306599ms] [WARNING] You don't have permission to use DEVTOOL!【type = 6】 @ https://yurigarden.com/assets/index-CUTVLur8.js:16
[ 1307098ms] [WARNING] You don't have permission to use DEVTOOL!【type = 6】 @ https://yurigarden.com/assets/index-CUTVLur8.js:16
[ 1307591ms] [WARNING] You don't have permission to use DEVTOOL!【type = 6】 @ https://yurigarden.com/assets/index-CUTVLur8.js:16
[ 1308085ms] [WARNING] You don't have permission to use DEVTOOL!【type = 6】 @ https://yurigarden.com/assets/index-CUTVLur8.js:16
[ 1308588ms] [WARNING] You don't have permission to use DEVTOOL!【type = 6】 @ https://yurigarden.com/assets/index-CUTVLur8.js:16
[ 1309095ms] [WARNING] You don't have permission to use DEVTOOL!【type = 6】 @ https://yurigarden.com/assets/index-CUTVLur8.js:16
[ 1309592ms] [WARNING] You don't have permission to use DEVTOOL!【type = 6】 @ https://yurigarden.com/assets/index-CUTVLur8.js:16
[ 1310101ms] [WARNING] You don't have permission to use DEVTOOL!【type = 6】 @ https://yurigarden.com/assets/index-CUTVLur8.js:16
[ 1310593ms] [WARNING] You don't have permission to use DEVTOOL!【type = 6】 @ https://yurigarden.com/assets/index-CUTVLur8.js:16
[ 1311089ms] [WARNING] You don't have permission to use DEVTOOL!【type = 6】 @ https://yurigarden.com/assets/index-CUTVLur8.js:16
[ 1311592ms] [WARNING] You don't have permission to use DEVTOOL!【type = 6】 @ https://yurigarden.com/assets/index-CUTVLur8.js:16
[ 1312092ms] [WARNING] You don't have permission to use DEVTOOL!【type = 6】 @ https://yurigarden.com/assets/index-CUTVLur8.js:16
[ 1312595ms] [WARNING] You don't have permission to use DEVTOOL!【type = 6】 @ https://yurigarden.com/assets/index-CUTVLur8.js:16
[ 1313094ms] [WARNING] You don't have permission to use DEVTOOL!【type = 6】 @ https://yurigarden.com/assets/index-CUTVLur8.js:16
[ 1313592ms] [WARNING] You don't have permission to use DEVTOOL!【type = 6】 @ https://yurigarden.com/assets/index-CUTVLur8.js:16
[ 1314098ms] [WARNING] You don't have permission to use DEVTOOL!【type = 6】 @ https://yurigarden.com/assets/index-CUTVLur8.js:16
[ 1314593ms] [WARNING] You don't have permission to use DEVTOOL!【type = 6】 @ https://yurigarden.com/assets/index-CUTVLur8.js:16
[ 1315098ms] [WARNING] You don't have permission to use DEVTOOL!【type = 6】 @ https://yurigarden.com/assets/index-CUTVLur8.js:16
[ 1315598ms] [WARNING] You don't have permission to use DEVTOOL!【type = 6】 @ https://yurigarden.com/assets/index-CUTVLur8.js:16
[ 1316094ms] [WARNING] You don't have permission to use DEVTOOL!【type = 6】 @ https://yurigarden.com/assets/index-CUTVLur8.js:16
[ 1316601ms] [WARNING] You don't have permission to use DEVTOOL!【type = 6】 @ https://yurigarden.com/assets/index-CUTVLur8.js:16
[ 1317101ms] [WARNING] You don't have permission to use DEVTOOL!【type = 6】 @ https://yurigarden.com/assets/index-CUTVLur8.js:16
[ 1317597ms] [WARNING] You don't have permission to use DEVTOOL!【type = 6】 @ https://yurigarden.com/assets/index-CUTVLur8.js:16
[ 1318095ms] [WARNING] You don't have permission to use DEVTOOL!【type = 6】 @ https://yurigarden.com/assets/index-CUTVLur8.js:16
[ 1318600ms] [WARNING] You don't have permission to use DEVTOOL!【type = 6】 @ https://yurigarden.com/assets/index-CUTVLur8.js:16
[ 1319123ms] [WARNING] You don't have permission to use DEVTOOL!【type = 6】 @ https://yurigarden.com/assets/index-CUTVLur8.js:16
[ 1319603ms] [WARNING] You don't have permission to use DEVTOOL!【type = 6】 @ https://yurigarden.com/assets/index-CUTVLur8.js:16
[ 1320100ms] [WARNING] You don't have permission to use DEVTOOL!【type = 6】 @ https://yurigarden.com/assets/index-CUTVLur8.js:16
[ 1320593ms] [WARNING] You don't have permission to use DEVTOOL!【type = 6】 @ https://yurigarden.com/assets/index-CUTVLur8.js:16
[ 1321100ms] [WARNING] You don't have permission to use DEVTOOL!【type = 6】 @ https://yurigarden.com/assets/index-CUTVLur8.js:16
[ 1321596ms] [WARNING] You don't have permission to use DEVTOOL!【type = 6】 @ https://yurigarden.com/assets/index-CUTVLur8.js:16
[ 1322089ms] [WARNING] You don't have permission to use DEVTOOL!【type = 6】 @ https://yurigarden.com/assets/index-CUTVLur8.js:16
[ 1322599ms] [WARNING] You don't have permission to use DEVTOOL!【type = 6】 @ https://yurigarden.com/assets/index-CUTVLur8.js:16
[ 1323090ms] [WARNING] You don't have permission to use DEVTOOL!【type = 6】 @ https://yurigarden.com/assets/index-CUTVLur8.js:16
[ 1323598ms] [WARNING] You don't have permission to use DEVTOOL!【type = 6】 @ https://yurigarden.com/assets/index-CUTVLur8.js:16
[ 1324084ms] [WARNING] You don't have permission to use DEVTOOL!【type = 6】 @ https://yurigarden.com/assets/index-CUTVLur8.js:16
[ 1324594ms] [WARNING] You don't have permission to use DEVTOOL!【type = 6】 @ https://yurigarden.com/assets/index-CUTVLur8.js:16
[ 1325092ms] [WARNING] You don't have permission to use DEVTOOL!【type = 6】 @ https://yurigarden.com/assets/index-CUTVLur8.js:16
[ 1325592ms] [WARNING] You don't have permission to use DEVTOOL!【type = 6】 @ https://yurigarden.com/assets/index-CUTVLur8.js:16
[ 1326092ms] [WARNING] You don't have permission to use DEVTOOL!【type = 6】 @ https://yurigarden.com/assets/index-CUTVLur8.js:16
[ 1326590ms] [WARNING] You don't have permission to use DEVTOOL!【type = 6】 @ https://yurigarden.com/assets/index-CUTVLur8.js:16
[ 1327079ms] [WARNING] You don't have permission to use DEVTOOL!【type = 6】 @ https://yurigarden.com/assets/index-CUTVLur8.js:16
[ 1327593ms] [WARNING] You don't have permission to use DEVTOOL!【type = 6】 @ https://yurigarden.com/assets/index-CUTVLur8.js:16
[ 1328090ms] [WARNING] You don't have permission to use DEVTOOL!【type = 6】 @ https://yurigarden.com/assets/index-CUTVLur8.js:16
[ 1328587ms] [WARNING] You don't have permission to use DEVTOOL!【type = 6】 @ https://yurigarden.com/assets/index-CUTVLur8.js:16
[ 1329086ms] [WARNING] You don't have permission to use DEVTOOL!【type = 6】 @ https://yurigarden.com/assets/index-CUTVLur8.js:16
[ 1329588ms] [WARNING] You don't have permission to use DEVTOOL!【type = 6】 @ https://yurigarden.com/assets/index-CUTVLur8.js:16
[ 1330089ms] [WARNING] You don't have permission to use DEVTOOL!【type = 6】 @ https://yurigarden.com/assets/index-CUTVLur8.js:16
[ 1330585ms] [WARNING] You don't have permission to use DEVTOOL!【type = 6】 @ https://yurigarden.com/assets/index-CUTVLur8.js:16
[ 1331081ms] [WARNING] You don't have permission to use DEVTOOL!【type = 6】 @ https://yurigarden.com/assets/index-CUTVLur8.js:16
[ 1331592ms] [WARNING] You don't have permission to use DEVTOOL!【type = 6】 @ https://yurigarden.com/assets/index-CUTVLur8.js:16
[ 1332088ms] [WARNING] You don't have permission to use DEVTOOL!【type = 6】 @ https://yurigarden.com/assets/index-CUTVLur8.js:16
[ 1332589ms] [WARNING] You don't have permission to use DEVTOOL!【type = 6】 @ https://yurigarden.com/assets/index-CUTVLur8.js:16
[ 1333086ms] [WARNING] You don't have permission to use DEVTOOL!【type = 6】 @ https://yurigarden.com/assets/index-CUTVLur8.js:16
[ 1333584ms] [WARNING] You don't have permission to use DEVTOOL!【type = 6】 @ https://yurigarden.com/assets/index-CUTVLur8.js:16
[ 1334090ms] [WARNING] You don't have permission to use DEVTOOL!【type = 6】 @ https://yurigarden.com/assets/index-CUTVLur8.js:16
[ 1334591ms] [WARNING] You don't have permission to use DEVTOOL!【type = 6】 @ https://yurigarden.com/assets/index-CUTVLur8.js:16
[ 1335088ms] [WARNING] You don't have permission to use DEVTOOL!【type = 6】 @ https://yurigarden.com/assets/index-CUTVLur8.js:16
[ 1335595ms] [WARNING] You don't have permission to use DEVTOOL!【type = 6】 @ https://yurigarden.com/assets/index-CUTVLur8.js:16
[ 1336095ms] [WARNING] You don't have permission to use DEVTOOL!【type = 6】 @ https://yurigarden.com/assets/index-CUTVLur8.js:16
[ 1336592ms] [WARNING] You don't have permission to use DEVTOOL!【type = 6】 @ https://yurigarden.com/assets/index-CUTVLur8.js:16
[ 1337087ms] [WARNING] You don't have permission to use DEVTOOL!【type = 6】 @ https://yurigarden.com/assets/index-CUTVLur8.js:16
[ 1337590ms] [WARNING] You don't have permission to use DEVTOOL!【type = 6】 @ https://yurigarden.com/assets/index-CUTVLur8.js:16
[ 1338095ms] [WARNING] You don't have permission to use DEVTOOL!【type = 6】 @ https://yurigarden.com/assets/index-CUTVLur8.js:16
[ 1338588ms] [WARNING] You don't have permission to use DEVTOOL!【type = 6】 @ https://yurigarden.com/assets/index-CUTVLur8.js:16
[ 1339086ms] [WARNING] You don't have permission to use DEVTOOL!【type = 6】 @ https://yurigarden.com/assets/index-CUTVLur8.js:16
[ 1339584ms] [WARNING] You don't have permission to use DEVTOOL!【type = 6】 @ https://yurigarden.com/assets/index-CUTVLur8.js:16
[ 1340089ms] [WARNING] You don't have permission to use DEVTOOL!【type = 6】 @ https://yurigarden.com/assets/index-CUTVLur8.js:16
[ 1340594ms] [WARNING] You don't have permission to use DEVTOOL!【type = 6】 @ https://yurigarden.com/assets/index-CUTVLur8.js:16
[ 1341087ms] [WARNING] You don't have permission to use DEVTOOL!【type = 6】 @ https://yurigarden.com/assets/index-CUTVLur8.js:16
[ 1341598ms] [WARNING] You don't have permission to use DEVTOOL!【type = 6】 @ https://yurigarden.com/assets/index-CUTVLur8.js:16
[ 1342092ms] [WARNING] You don't have permission to use DEVTOOL!【type = 6】 @ https://yurigarden.com/assets/index-CUTVLur8.js:16
[ 1342590ms] [WARNING] You don't have permission to use DEVTOOL!【type = 6】 @ https://yurigarden.com/assets/index-CUTVLur8.js:16
[ 1343091ms] [WARNING] You don't have permission to use DEVTOOL!【type = 6】 @ https://yurigarden.com/assets/index-CUTVLur8.js:16
[ 1343594ms] [WARNING] You don't have permission to use DEVTOOL!【type = 6】 @ https://yurigarden.com/assets/index-CUTVLur8.js:16
[ 1344087ms] [WARNING] You don't have permission to use DEVTOOL!【type = 6】 @ https://yurigarden.com/assets/index-CUTVLur8.js:16
[ 1344584ms] [WARNING] You don't have permission to use DEVTOOL!【type = 6】 @ https://yurigarden.com/assets/index-CUTVLur8.js:16
[ 1345101ms] [WARNING] You don't have permission to use DEVTOOL!【type = 6】 @ https://yurigarden.com/assets/index-CUTVLur8.js:16
[ 1345595ms] [WARNING] You don't have permission to use DEVTOOL!【type = 6】 @ https://yurigarden.com/assets/index-CUTVLur8.js:16
[ 1346096ms] [WARNING] You don't have permission to use DEVTOOL!【type = 6】 @ https://yurigarden.com/assets/index-CUTVLur8.js:16
[ 1346589ms] [WARNING] You don't have permission to use DEVTOOL!【type = 6】 @ https://yurigarden.com/assets/index-CUTVLur8.js:16
[ 1347083ms] [WARNING] You don't have permission to use DEVTOOL!【type = 6】 @ https://yurigarden.com/assets/index-CUTVLur8.js:16
[ 1347581ms] [WARNING] You don't have permission to use DEVTOOL!【type = 6】 @ https://yurigarden.com/assets/index-CUTVLur8.js:16
[ 1348078ms] [WARNING] You don't have permission to use DEVTOOL!【type = 6】 @ https://yurigarden.com/assets/index-CUTVLur8.js:16
[ 1348586ms] [WARNING] You don't have permission to use DEVTOOL!【type = 6】 @ https://yurigarden.com/assets/index-CUTVLur8.js:16
[ 1349086ms] [WARNING] You don't have permission to use DEVTOOL!【type = 6】 @ https://yurigarden.com/assets/index-CUTVLur8.js:16
[ 1349582ms] [WARNING] You don't have permission to use DEVTOOL!【type = 6】 @ https://yurigarden.com/assets/index-CUTVLur8.js:16
[ 1350091ms] [WARNING] You don't have permission to use DEVTOOL!【type = 6】 @ https://yurigarden.com/assets/index-CUTVLur8.js:16
[ 1350585ms] [WARNING] You don't have permission to use DEVTOOL!【type = 6】 @ https://yurigarden.com/assets/index-CUTVLur8.js:16
[ 1351078ms] [WARNING] You don't have permission to use DEVTOOL!【type = 6】 @ https://yurigarden.com/assets/index-CUTVLur8.js:16
[ 1351579ms] [WARNING] You don't have permission to use DEVTOOL!【type = 6】 @ https://yurigarden.com/assets/index-CUTVLur8.js:16
[ 1352085ms] [WARNING] You don't have permission to use DEVTOOL!【type = 6】 @ https://yurigarden.com/assets/index-CUTVLur8.js:16
[ 1352613ms] [WARNING] You don't have permission to use DEVTOOL!【type = 6】 @ https://yurigarden.com/assets/index-CUTVLur8.js:16
[ 1353094ms] [WARNING] You don't have permission to use DEVTOOL!【type = 6】 @ https://yurigarden.com/assets/index-CUTVLur8.js:16
[ 1353590ms] [WARNING] You don't have permission to use DEVTOOL!【type = 6】 @ https://yurigarden.com/assets/index-CUTVLur8.js:16
[ 1354082ms] [WARNING] You don't have permission to use DEVTOOL!【type = 6】 @ https://yurigarden.com/assets/index-CUTVLur8.js:16
[ 1354583ms] [WARNING] You don't have permission to use DEVTOOL!【type = 6】 @ https://yurigarden.com/assets/index-CUTVLur8.js:16
[ 1355078ms] [WARNING] You don't have permission to use DEVTOOL!【type = 6】 @ https://yurigarden.com/assets/index-CUTVLur8.js:16
[ 1355585ms] [WARNING] You don't have permission to use DEVTOOL!【type = 6】 @ https://yurigarden.com/assets/index-CUTVLur8.js:16
[ 1356089ms] [WARNING] You don't have permission to use DEVTOOL!【type = 6】 @ https://yurigarden.com/assets/index-CUTVLur8.js:16
[ 1356582ms] [WARNING] You don't have permission to use DEVTOOL!【type = 6】 @ https://yurigarden.com/assets/index-CUTVLur8.js:16
[ 1357089ms] [WARNING] You don't have permission to use DEVTOOL!【type = 6】 @ https://yurigarden.com/assets/index-CUTVLur8.js:16
[ 1357594ms] [WARNING] You don't have permission to use DEVTOOL!【type = 6】 @ https://yurigarden.com/assets/index-CUTVLur8.js:16
[ 1358077ms] [WARNING] You don't have permission to use DEVTOOL!【type = 6】 @ https://yurigarden.com/assets/index-CUTVLur8.js:16
[ 1358593ms] [WARNING] You don't have permission to use DEVTOOL!【type = 6】 @ https://yurigarden.com/assets/index-CUTVLur8.js:16
[ 1359093ms] [WARNING] You don't have permission to use DEVTOOL!【type = 6】 @ https://yurigarden.com/assets/index-CUTVLur8.js:16
[ 1359590ms] [WARNING] You don't have permission to use DEVTOOL!【type = 6】 @ https://yurigarden.com/assets/index-CUTVLur8.js:16
[ 1360085ms] [WARNING] You don't have permission to use DEVTOOL!【type = 6】 @ https://yurigarden.com/assets/index-CUTVLur8.js:16
[ 1360594ms] [WARNING] You don't have permission to use DEVTOOL!【type = 6】 @ https://yurigarden.com/assets/index-CUTVLur8.js:16
[ 1361091ms] [WARNING] You don't have permission to use DEVTOOL!【type = 6】 @ https://yurigarden.com/assets/index-CUTVLur8.js:16
[ 1361597ms] [WARNING] You don't have permission to use DEVTOOL!【type = 6】 @ https://yurigarden.com/assets/index-CUTVLur8.js:16
[ 1362081ms] [WARNING] You don't have permission to use DEVTOOL!【type = 6】 @ https://yurigarden.com/assets/index-CUTVLur8.js:16
[ 1362585ms] [WARNING] You don't have permission to use DEVTOOL!【type = 6】 @ https://yurigarden.com/assets/index-CUTVLur8.js:16
[ 1363098ms] [WARNING] You don't have permission to use DEVTOOL!【type = 6】 @ https://yurigarden.com/assets/index-CUTVLur8.js:16
[ 1363594ms] [WARNING] You don't have permission to use DEVTOOL!【type = 6】 @ https://yurigarden.com/assets/index-CUTVLur8.js:16
[ 1364090ms] [WARNING] You don't have permission to use DEVTOOL!【type = 6】 @ https://yurigarden.com/assets/index-CUTVLur8.js:16
[ 1364590ms] [WARNING] You don't have permission to use DEVTOOL!【type = 6】 @ https://yurigarden.com/assets/index-CUTVLur8.js:16
[ 1365084ms] [WARNING] You don't have permission to use DEVTOOL!【type = 6】 @ https://yurigarden.com/assets/index-CUTVLur8.js:16
[ 1365601ms] [WARNING] You don't have permission to use DEVTOOL!【type = 6】 @ https://yurigarden.com/assets/index-CUTVLur8.js:16
[ 1366089ms] [WARNING] You don't have permission to use DEVTOOL!【type = 6】 @ https://yurigarden.com/assets/index-CUTVLur8.js:16
[ 1366590ms] [WARNING] You don't have permission to use DEVTOOL!【type = 6】 @ https://yurigarden.com/assets/index-CUTVLur8.js:16
[ 1367088ms] [WARNING] You don't have permission to use DEVTOOL!【type = 6】 @ https://yurigarden.com/assets/index-CUTVLur8.js:16
[ 1367585ms] [WARNING] You don't have permission to use DEVTOOL!【type = 6】 @ https://yurigarden.com/assets/index-CUTVLur8.js:16
[ 1368085ms] [WARNING] You don't have permission to use DEVTOOL!【type = 6】 @ https://yurigarden.com/assets/index-CUTVLur8.js:16
[ 1368589ms] [WARNING] You don't have permission to use DEVTOOL!【type = 6】 @ https://yurigarden.com/assets/index-CUTVLur8.js:16
[ 1369100ms] [WARNING] You don't have permission to use DEVTOOL!【type = 6】 @ https://yurigarden.com/assets/index-CUTVLur8.js:16
[ 1369592ms] [WARNING] You don't have permission to use DEVTOOL!【type = 6】 @ https://yurigarden.com/assets/index-CUTVLur8.js:16
[ 1370078ms] [WARNING] You don't have permission to use DEVTOOL!【type = 6】 @ https://yurigarden.com/assets/index-CUTVLur8.js:16
[ 1370589ms] [WARNING] You don't have permission to use DEVTOOL!【type = 6】 @ https://yurigarden.com/assets/index-CUTVLur8.js:16
[ 1371082ms] [WARNING] You don't have permission to use DEVTOOL!【type = 6】 @ https://yurigarden.com/assets/index-CUTVLur8.js:16
[ 1371582ms] [WARNING] You don't have permission to use DEVTOOL!【type = 6】 @ https://yurigarden.com/assets/index-CUTVLur8.js:16
[ 1372086ms] [WARNING] You don't have permission to use DEVTOOL!【type = 6】 @ https://yurigarden.com/assets/index-CUTVLur8.js:16
[ 1372581ms] [WARNING] You don't have permission to use DEVTOOL!【type = 6】 @ https://yurigarden.com/assets/index-CUTVLur8.js:16
[ 1373084ms] [WARNING] You don't have permission to use DEVTOOL!【type = 6】 @ https://yurigarden.com/assets/index-CUTVLur8.js:16
[ 1373599ms] [WARNING] You don't have permission to use DEVTOOL!【type = 6】 @ https://yurigarden.com/assets/index-CUTVLur8.js:16
[ 1374084ms] [WARNING] You don't have permission to use DEVTOOL!【type = 6】 @ https://yurigarden.com/assets/index-CUTVLur8.js:16
[ 1374582ms] [WARNING] You don't have permission to use DEVTOOL!【type = 6】 @ https://yurigarden.com/assets/index-CUTVLur8.js:16
[ 1375082ms] [WARNING] You don't have permission to use DEVTOOL!【type = 6】 @ https://yurigarden.com/assets/index-CUTVLur8.js:16
[ 1375590ms] [WARNING] You don't have permission to use DEVTOOL!【type = 6】 @ https://yurigarden.com/assets/index-CUTVLur8.js:16
[ 1376079ms] [WARNING] You don't have permission to use DEVTOOL!【type = 6】 @ https://yurigarden.com/assets/index-CUTVLur8.js:16
[ 1376581ms] [WARNING] You don't have permission to use DEVTOOL!【type = 6】 @ https://yurigarden.com/assets/index-CUTVLur8.js:16
[ 1377084ms] [WARNING] You don't have permission to use DEVTOOL!【type = 6】 @ https://yurigarden.com/assets/index-CUTVLur8.js:16
[ 1377578ms] [WARNING] You don't have permission to use DEVTOOL!【type = 6】 @ https://yurigarden.com/assets/index-CUTVLur8.js:16
[ 1378087ms] [WARNING] You don't have permission to use DEVTOOL!【type = 6】 @ https://yurigarden.com/assets/index-CUTVLur8.js:16
[ 1378591ms] [WARNING] You don't have permission to use DEVTOOL!【type = 6】 @ https://yurigarden.com/assets/index-CUTVLur8.js:16
[ 1379084ms] [WARNING] You don't have permission to use DEVTOOL!【type = 6】 @ https://yurigarden.com/assets/index-CUTVLur8.js:16
[ 1379592ms] [WARNING] You don't have permission to use DEVTOOL!【type = 6】 @ https://yurigarden.com/assets/index-CUTVLur8.js:16
[ 1380093ms] [WARNING] You don't have permission to use DEVTOOL!【type = 6】 @ https://yurigarden.com/assets/index-CUTVLur8.js:16
[ 1380588ms] [WARNING] You don't have permission to use DEVTOOL!【type = 6】 @ https://yurigarden.com/assets/index-CUTVLur8.js:16
[ 1381090ms] [WARNING] You don't have permission to use DEVTOOL!【type = 6】 @ https://yurigarden.com/assets/index-CUTVLur8.js:16
[ 1381598ms] [WARNING] You don't have permission to use DEVTOOL!【type = 6】 @ https://yurigarden.com/assets/index-CUTVLur8.js:16
[ 1382087ms] [WARNING] You don't have permission to use DEVTOOL!【type = 6】 @ https://yurigarden.com/assets/index-CUTVLur8.js:16
[ 1382583ms] [WARNING] You don't have permission to use DEVTOOL!【type = 6】 @ https://yurigarden.com/assets/index-CUTVLur8.js:16
[ 1383094ms] [WARNING] You don't have permission to use DEVTOOL!【type = 6】 @ https://yurigarden.com/assets/index-CUTVLur8.js:16
[ 1383589ms] [WARNING] You don't have permission to use DEVTOOL!【type = 6】 @ https://yurigarden.com/assets/index-CUTVLur8.js:16
[ 1384092ms] [WARNING] You don't have permission to use DEVTOOL!【type = 6】 @ https://yurigarden.com/assets/index-CUTVLur8.js:16
[ 1384597ms] [WARNING] You don't have permission to use DEVTOOL!【type = 6】 @ https://yurigarden.com/assets/index-CUTVLur8.js:16
[ 1385091ms] [WARNING] You don't have permission to use DEVTOOL!【type = 6】 @ https://yurigarden.com/assets/index-CUTVLur8.js:16
[ 1385599ms] [WARNING] You don't have permission to use DEVTOOL!【type = 6】 @ https://yurigarden.com/assets/index-CUTVLur8.js:16
[ 1386087ms] [WARNING] You don't have permission to use DEVTOOL!【type = 6】 @ https://yurigarden.com/assets/index-CUTVLur8.js:16
[ 1386596ms] [WARNING] You don't have permission to use DEVTOOL!【type = 6】 @ https://yurigarden.com/assets/index-CUTVLur8.js:16
[ 1387087ms] [WARNING] You don't have permission to use DEVTOOL!【type = 6】 @ https://yurigarden.com/assets/index-CUTVLur8.js:16
[ 1387588ms] [WARNING] You don't have permission to use DEVTOOL!【type = 6】 @ https://yurigarden.com/assets/index-CUTVLur8.js:16
[ 1388087ms] [WARNING] You don't have permission to use DEVTOOL!【type = 6】 @ https://yurigarden.com/assets/index-CUTVLur8.js:16
[ 1388581ms] [WARNING] You don't have permission to use DEVTOOL!【type = 6】 @ https://yurigarden.com/assets/index-CUTVLur8.js:16
[ 1389093ms] [WARNING] You don't have permission to use DEVTOOL!【type = 6】 @ https://yurigarden.com/assets/index-CUTVLur8.js:16
[ 1389582ms] [WARNING] You don't have permission to use DEVTOOL!【type = 6】 @ https://yurigarden.com/assets/index-CUTVLur8.js:16
[ 1390081ms] [WARNING] You don't have permission to use DEVTOOL!【type = 6】 @ https://yurigarden.com/assets/index-CUTVLur8.js:16
[ 1390587ms] [WARNING] You don't have permission to use DEVTOOL!【type = 6】 @ https://yurigarden.com/assets/index-CUTVLur8.js:16
[ 1391088ms] [WARNING] You don't have permission to use DEVTOOL!【type = 6】 @ https://yurigarden.com/assets/index-CUTVLur8.js:16
[ 1391603ms] [WARNING] You don't have permission to use DEVTOOL!【type = 6】 @ https://yurigarden.com/assets/index-CUTVLur8.js:16
[ 1392096ms] [WARNING] You don't have permission to use DEVTOOL!【type = 6】 @ https://yurigarden.com/assets/index-CUTVLur8.js:16
[ 1392593ms] [WARNING] You don't have permission to use DEVTOOL!【type = 6】 @ https://yurigarden.com/assets/index-CUTVLur8.js:16
[ 1393097ms] [WARNING] You don't have permission to use DEVTOOL!【type = 6】 @ https://yurigarden.com/assets/index-CUTVLur8.js:16
[ 1393594ms] [WARNING] You don't have permission to use DEVTOOL!【type = 6】 @ https://yurigarden.com/assets/index-CUTVLur8.js:16
[ 1394101ms] [WARNING] You don't have permission to use DEVTOOL!【type = 6】 @ https://yurigarden.com/assets/index-CUTVLur8.js:16
[ 1394606ms] [WARNING] You don't have permission to use DEVTOOL!【type = 6】 @ https://yurigarden.com/assets/index-CUTVLur8.js:16
[ 1395102ms] [WARNING] You don't have permission to use DEVTOOL!【type = 6】 @ https://yurigarden.com/assets/index-CUTVLur8.js:16
[ 1395592ms] [WARNING] You don't have permission to use DEVTOOL!【type = 6】 @ https://yurigarden.com/assets/index-CUTVLur8.js:16
[ 1396089ms] [WARNING] You don't have permission to use DEVTOOL!【type = 6】 @ https://yurigarden.com/assets/index-CUTVLur8.js:16
[ 1396587ms] [WARNING] You don't have permission to use DEVTOOL!【type = 6】 @ https://yurigarden.com/assets/index-CUTVLur8.js:16
[ 1397089ms] [WARNING] You don't have permission to use DEVTOOL!【type = 6】 @ https://yurigarden.com/assets/index-CUTVLur8.js:16
[ 1397588ms] [WARNING] You don't have permission to use DEVTOOL!【type = 6】 @ https://yurigarden.com/assets/index-CUTVLur8.js:16
[ 1398087ms] [WARNING] You don't have permission to use DEVTOOL!【type = 6】 @ https://yurigarden.com/assets/index-CUTVLur8.js:16
[ 1398587ms] [WARNING] You don't have permission to use DEVTOOL!【type = 6】 @ https://yurigarden.com/assets/index-CUTVLur8.js:16
[ 1399095ms] [WARNING] You don't have permission to use DEVTOOL!【type = 6】 @ https://yurigarden.com/assets/index-CUTVLur8.js:16
[ 1399591ms] [WARNING] You don't have permission to use DEVTOOL!【type = 6】 @ https://yurigarden.com/assets/index-CUTVLur8.js:16
[ 1400099ms] [WARNING] You don't have permission to use DEVTOOL!【type = 6】 @ https://yurigarden.com/assets/index-CUTVLur8.js:16
[ 1400594ms] [WARNING] You don't have permission to use DEVTOOL!【type = 6】 @ https://yurigarden.com/assets/index-CUTVLur8.js:16
[ 1401094ms] [WARNING] You don't have permission to use DEVTOOL!【type = 6】 @ https://yurigarden.com/assets/index-CUTVLur8.js:16
[ 1401606ms] [WARNING] You don't have permission to use DEVTOOL!【type = 6】 @ https://yurigarden.com/assets/index-CUTVLur8.js:16
[ 1402097ms] [WARNING] You don't have permission to use DEVTOOL!【type = 6】 @ https://yurigarden.com/assets/index-CUTVLur8.js:16
[ 1402586ms] [WARNING] You don't have permission to use DEVTOOL!【type = 6】 @ https://yurigarden.com/assets/index-CUTVLur8.js:16
[ 1403086ms] [WARNING] You don't have permission to use DEVTOOL!【type = 6】 @ https://yurigarden.com/assets/index-CUTVLur8.js:16
[ 1403607ms] [WARNING] You don't have permission to use DEVTOOL!【type = 6】 @ https://yurigarden.com/assets/index-CUTVLur8.js:16
[ 1404107ms] [WARNING] You don't have permission to use DEVTOOL!【type = 6】 @ https://yurigarden.com/assets/index-CUTVLur8.js:16
[ 1404594ms] [WARNING] You don't have permission to use DEVTOOL!【type = 6】 @ https://yurigarden.com/assets/index-CUTVLur8.js:16
[ 1405085ms] [WARNING] You don't have permission to use DEVTOOL!【type = 6】 @ https://yurigarden.com/assets/index-CUTVLur8.js:16
[ 1405609ms] [WARNING] You don't have permission to use DEVTOOL!【type = 6】 @ https://yurigarden.com/assets/index-CUTVLur8.js:16
[ 1406100ms] [WARNING] You don't have permission to use DEVTOOL!【type = 6】 @ https://yurigarden.com/assets/index-CUTVLur8.js:16
[ 1406593ms] [WARNING] You don't have permission to use DEVTOOL!【type = 6】 @ https://yurigarden.com/assets/index-CUTVLur8.js:16
[ 1407096ms] [WARNING] You don't have permission to use DEVTOOL!【type = 6】 @ https://yurigarden.com/assets/index-CUTVLur8.js:16
[ 1407606ms] [WARNING] You don't have permission to use DEVTOOL!【type = 6】 @ https://yurigarden.com/assets/index-CUTVLur8.js:16
[ 1408109ms] [WARNING] You don't have permission to use DEVTOOL!【type = 6】 @ https://yurigarden.com/assets/index-CUTVLur8.js:16
[ 1408598ms] [WARNING] You don't have permission to use DEVTOOL!【type = 6】 @ https://yurigarden.com/assets/index-CUTVLur8.js:16
[ 1409117ms] [WARNING] You don't have permission to use DEVTOOL!【type = 6】 @ https://yurigarden.com/assets/index-CUTVLur8.js:16
[ 1409607ms] [WARNING] You don't have permission to use DEVTOOL!【type = 6】 @ https://yurigarden.com/assets/index-CUTVLur8.js:16
[ 1410101ms] [WARNING] You don't have permission to use DEVTOOL!【type = 6】 @ https://yurigarden.com/assets/index-CUTVLur8.js:16
[ 1410604ms] [WARNING] You don't have permission to use DEVTOOL!【type = 6】 @ https://yurigarden.com/assets/index-CUTVLur8.js:16
[ 1411120ms] [WARNING] You don't have permission to use DEVTOOL!【type = 6】 @ https://yurigarden.com/assets/index-CUTVLur8.js:16
[ 1411593ms] [WARNING] You don't have permission to use DEVTOOL!【type = 6】 @ https://yurigarden.com/assets/index-CUTVLur8.js:16
[ 1412100ms] [WARNING] You don't have permission to use DEVTOOL!【type = 6】 @ https://yurigarden.com/assets/index-CUTVLur8.js:16
[ 1412612ms] [WARNING] You don't have permission to use DEVTOOL!【type = 6】 @ https://yurigarden.com/assets/index-CUTVLur8.js:16
[ 1413097ms] [WARNING] You don't have permission to use DEVTOOL!【type = 6】 @ https://yurigarden.com/assets/index-CUTVLur8.js:16
[ 1413597ms] [WARNING] You don't have permission to use DEVTOOL!【type = 6】 @ https://yurigarden.com/assets/index-CUTVLur8.js:16
[ 1414096ms] [WARNING] You don't have permission to use DEVTOOL!【type = 6】 @ https://yurigarden.com/assets/index-CUTVLur8.js:16
[ 1414596ms] [WARNING] You don't have permission to use DEVTOOL!【type = 6】 @ https://yurigarden.com/assets/index-CUTVLur8.js:16
[ 1415103ms] [WARNING] You don't have permission to use DEVTOOL!【type = 6】 @ https://yurigarden.com/assets/index-CUTVLur8.js:16
[ 1415598ms] [WARNING] You don't have permission to use DEVTOOL!【type = 6】 @ https://yurigarden.com/assets/index-CUTVLur8.js:16
[ 1416091ms] [WARNING] You don't have permission to use DEVTOOL!【type = 6】 @ https://yurigarden.com/assets/index-CUTVLur8.js:16
[ 1416584ms] [WARNING] You don't have permission to use DEVTOOL!【type = 6】 @ https://yurigarden.com/assets/index-CUTVLur8.js:16
[ 1417096ms] [WARNING] You don't have permission to use DEVTOOL!【type = 6】 @ https://yurigarden.com/assets/index-CUTVLur8.js:16
[ 1417590ms] [WARNING] You don't have permission to use DEVTOOL!【type = 6】 @ https://yurigarden.com/assets/index-CUTVLur8.js:16
[ 1418098ms] [WARNING] You don't have permission to use DEVTOOL!【type = 6】 @ https://yurigarden.com/assets/index-CUTVLur8.js:16
[ 1418602ms] [WARNING] You don't have permission to use DEVTOOL!【type = 6】 @ https://yurigarden.com/assets/index-CUTVLur8.js:16
[ 1419089ms] [WARNING] You don't have permission to use DEVTOOL!【type = 6】 @ https://yurigarden.com/assets/index-CUTVLur8.js:16
[ 1419599ms] [WARNING] You don't have permission to use DEVTOOL!【type = 6】 @ https://yurigarden.com/assets/index-CUTVLur8.js:16
[ 1420098ms] [WARNING] You don't have permission to use DEVTOOL!【type = 6】 @ https://yurigarden.com/assets/index-CUTVLur8.js:16
[ 1420598ms] [WARNING] You don't have permission to use DEVTOOL!【type = 6】 @ https://yurigarden.com/assets/index-CUTVLur8.js:16
[ 1421106ms] [WARNING] You don't have permission to use DEVTOOL!【type = 6】 @ https://yurigarden.com/assets/index-CUTVLur8.js:16
[ 1421612ms] [WARNING] You don't have permission to use DEVTOOL!【type = 6】 @ https://yurigarden.com/assets/index-CUTVLur8.js:16
[ 1422108ms] [WARNING] You don't have permission to use DEVTOOL!【type = 6】 @ https://yurigarden.com/assets/index-CUTVLur8.js:16
[ 1422599ms] [WARNING] You don't have permission to use DEVTOOL!【type = 6】 @ https://yurigarden.com/assets/index-CUTVLur8.js:16
[ 1423098ms] [WARNING] You don't have permission to use DEVTOOL!【type = 6】 @ https://yurigarden.com/assets/index-CUTVLur8.js:16
[ 1423598ms] [WARNING] You don't have permission to use DEVTOOL!【type = 6】 @ https://yurigarden.com/assets/index-CUTVLur8.js:16
[ 1424097ms] [WARNING] You don't have permission to use DEVTOOL!【type = 6】 @ https://yurigarden.com/assets/index-CUTVLur8.js:16
[ 1424594ms] [WARNING] You don't have permission to use DEVTOOL!【type = 6】 @ https://yurigarden.com/assets/index-CUTVLur8.js:16
[ 1425100ms] [WARNING] You don't have permission to use DEVTOOL!【type = 6】 @ https://yurigarden.com/assets/index-CUTVLur8.js:16
[ 1425588ms] [WARNING] You don't have permission to use DEVTOOL!【type = 6】 @ https://yurigarden.com/assets/index-CUTVLur8.js:16
[ 1426098ms] [WARNING] You don't have permission to use DEVTOOL!【type = 6】 @ https://yurigarden.com/assets/index-CUTVLur8.js:16
[ 1426604ms] [WARNING] You don't have permission to use DEVTOOL!【type = 6】 @ https://yurigarden.com/assets/index-CUTVLur8.js:16
[ 1427098ms] [WARNING] You don't have permission to use DEVTOOL!【type = 6】 @ https://yurigarden.com/assets/index-CUTVLur8.js:16
[ 1427603ms] [WARNING] You don't have permission to use DEVTOOL!【type = 6】 @ https://yurigarden.com/assets/index-CUTVLur8.js:16
[ 1428097ms] [WARNING] You don't have permission to use DEVTOOL!【type = 6】 @ https://yurigarden.com/assets/index-CUTVLur8.js:16
[ 1428600ms] [WARNING] You don't have permission to use DEVTOOL!【type = 6】 @ https://yurigarden.com/assets/index-CUTVLur8.js:16
[ 1429103ms] [WARNING] You don't have permission to use DEVTOOL!【type = 6】 @ https://yurigarden.com/assets/index-CUTVLur8.js:16
[ 1429594ms] [WARNING] You don't have permission to use DEVTOOL!【type = 6】 @ https://yurigarden.com/assets/index-CUTVLur8.js:16
[ 1430099ms] [WARNING] You don't have permission to use DEVTOOL!【type = 6】 @ https://yurigarden.com/assets/index-CUTVLur8.js:16
[ 1430595ms] [WARNING] You don't have permission to use DEVTOOL!【type = 6】 @ https://yurigarden.com/assets/index-CUTVLur8.js:16
[ 1431096ms] [WARNING] You don't have permission to use DEVTOOL!【type = 6】 @ https://yurigarden.com/assets/index-CUTVLur8.js:16
[ 1431593ms] [WARNING] You don't have permission to use DEVTOOL!【type = 6】 @ https://yurigarden.com/assets/index-CUTVLur8.js:16
[ 1432093ms] [WARNING] You don't have permission to use DEVTOOL!【type = 6】 @ https://yurigarden.com/assets/index-CUTVLur8.js:16
[ 1432596ms] [WARNING] You don't have permission to use DEVTOOL!【type = 6】 @ https://yurigarden.com/assets/index-CUTVLur8.js:16
[ 1433100ms] [WARNING] You don't have permission to use DEVTOOL!【type = 6】 @ https://yurigarden.com/assets/index-CUTVLur8.js:16
[ 1433605ms] [WARNING] You don't have permission to use DEVTOOL!【type = 6】 @ https://yurigarden.com/assets/index-CUTVLur8.js:16
[ 1434093ms] [WARNING] You don't have permission to use DEVTOOL!【type = 6】 @ https://yurigarden.com/assets/index-CUTVLur8.js:16
[ 1434586ms] [WARNING] You don't have permission to use DEVTOOL!【type = 6】 @ https://yurigarden.com/assets/index-CUTVLur8.js:16
[ 1435100ms] [WARNING] You don't have permission to use DEVTOOL!【type = 6】 @ https://yurigarden.com/assets/index-CUTVLur8.js:16
[ 1435585ms] [WARNING] You don't have permission to use DEVTOOL!【type = 6】 @ https://yurigarden.com/assets/index-CUTVLur8.js:16
[ 1436094ms] [WARNING] You don't have permission to use DEVTOOL!【type = 6】 @ https://yurigarden.com/assets/index-CUTVLur8.js:16
[ 1436585ms] [WARNING] You don't have permission to use DEVTOOL!【type = 6】 @ https://yurigarden.com/assets/index-CUTVLur8.js:16
[ 1437097ms] [WARNING] You don't have permission to use DEVTOOL!【type = 6】 @ https://yurigarden.com/assets/index-CUTVLur8.js:16
[ 1437593ms] [WARNING] You don't have permission to use DEVTOOL!【type = 6】 @ https://yurigarden.com/assets/index-CUTVLur8.js:16
[ 1438089ms] [WARNING] You don't have permission to use DEVTOOL!【type = 6】 @ https://yurigarden.com/assets/index-CUTVLur8.js:16
[ 1438594ms] [WARNING] You don't have permission to use DEVTOOL!【type = 6】 @ https://yurigarden.com/assets/index-CUTVLur8.js:16
[ 1439084ms] [WARNING] You don't have permission to use DEVTOOL!【type = 6】 @ https://yurigarden.com/assets/index-CUTVLur8.js:16
[ 1439590ms] [WARNING] You don't have permission to use DEVTOOL!【type = 6】 @ https://yurigarden.com/assets/index-CUTVLur8.js:16
[ 1440099ms] [WARNING] You don't have permission to use DEVTOOL!【type = 6】 @ https://yurigarden.com/assets/index-CUTVLur8.js:16
[ 1440582ms] [WARNING] You don't have permission to use DEVTOOL!【type = 6】 @ https://yurigarden.com/assets/index-CUTVLur8.js:16
[ 1441093ms] [WARNING] You don't have permission to use DEVTOOL!【type = 6】 @ https://yurigarden.com/assets/index-CUTVLur8.js:16
[ 1441593ms] [WARNING] You don't have permission to use DEVTOOL!【type = 6】 @ https://yurigarden.com/assets/index-CUTVLur8.js:16
[ 1442084ms] [WARNING] You don't have permission to use DEVTOOL!【type = 6】 @ https://yurigarden.com/assets/index-CUTVLur8.js:16
[ 1442597ms] [WARNING] You don't have permission to use DEVTOOL!【type = 6】 @ https://yurigarden.com/assets/index-CUTVLur8.js:16
[ 1443091ms] [WARNING] You don't have permission to use DEVTOOL!【type = 6】 @ https://yurigarden.com/assets/index-CUTVLur8.js:16
[ 1443586ms] [WARNING] You don't have permission to use DEVTOOL!【type = 6】 @ https://yurigarden.com/assets/index-CUTVLur8.js:16
[ 1444099ms] [WARNING] You don't have permission to use DEVTOOL!【type = 6】 @ https://yurigarden.com/assets/index-CUTVLur8.js:16
[ 1444589ms] [WARNING] You don't have permission to use DEVTOOL!【type = 6】 @ https://yurigarden.com/assets/index-CUTVLur8.js:16
[ 1445094ms] [WARNING] You don't have permission to use DEVTOOL!【type = 6】 @ https://yurigarden.com/assets/index-CUTVLur8.js:16
[ 1445593ms] [WARNING] You don't have permission to use DEVTOOL!【type = 6】 @ https://yurigarden.com/assets/index-CUTVLur8.js:16
[ 1446089ms] [WARNING] You don't have permission to use DEVTOOL!【type = 6】 @ https://yurigarden.com/assets/index-CUTVLur8.js:16
[ 1446582ms] [WARNING] You don't have permission to use DEVTOOL!【type = 6】 @ https://yurigarden.com/assets/index-CUTVLur8.js:16
[ 1447088ms] [WARNING] You don't have permission to use DEVTOOL!【type = 6】 @ https://yurigarden.com/assets/index-CUTVLur8.js:16
[ 1447581ms] [WARNING] You don't have permission to use DEVTOOL!【type = 6】 @ https://yurigarden.com/assets/index-CUTVLur8.js:16
[ 1448085ms] [WARNING] You don't have permission to use DEVTOOL!【type = 6】 @ https://yurigarden.com/assets/index-CUTVLur8.js:16
[ 1448583ms] [WARNING] You don't have permission to use DEVTOOL!【type = 6】 @ https://yurigarden.com/assets/index-CUTVLur8.js:16
[ 1449081ms] [WARNING] You don't have permission to use DEVTOOL!【type = 6】 @ https://yurigarden.com/assets/index-CUTVLur8.js:16
[ 1449584ms] [WARNING] You don't have permission to use DEVTOOL!【type = 6】 @ https://yurigarden.com/assets/index-CUTVLur8.js:16
[ 1450079ms] [WARNING] You don't have permission to use DEVTOOL!【type = 6】 @ https://yurigarden.com/assets/index-CUTVLur8.js:16
[ 1450586ms] [WARNING] You don't have permission to use DEVTOOL!【type = 6】 @ https://yurigarden.com/assets/index-CUTVLur8.js:16
[ 1451078ms] [WARNING] You don't have permission to use DEVTOOL!【type = 6】 @ https://yurigarden.com/assets/index-CUTVLur8.js:16
[ 1451597ms] [WARNING] You don't have permission to use DEVTOOL!【type = 6】 @ https://yurigarden.com/assets/index-CUTVLur8.js:16
[ 1452097ms] [WARNING] You don't have permission to use DEVTOOL!【type = 6】 @ https://yurigarden.com/assets/index-CUTVLur8.js:16
[ 1452584ms] [WARNING] You don't have permission to use DEVTOOL!【type = 6】 @ https://yurigarden.com/assets/index-CUTVLur8.js:16
[ 1453073ms] [WARNING] You don't have permission to use DEVTOOL!【type = 6】 @ https://yurigarden.com/assets/index-CUTVLur8.js:16
[ 1453663ms] [WARNING] You don't have permission to use DEVTOOL!【type = 6】 @ https://yurigarden.com/assets/index-CUTVLur8.js:16
[ 1454088ms] [WARNING] You don't have permission to use DEVTOOL!【type = 6】 @ https://yurigarden.com/assets/index-CUTVLur8.js:16
